provider,provider_id,country,website,state,admitted_fields,page_structure,intakes_at,fee_at,english_at,delivery_wording,pattern_fields,special_config,central_pages,exclusions_active,read_pages_of_courses,rebinds_website,blockers_lessons,decision_next,source_report,adapter_updated
"AAPoly, AMI Education",f0c0f1dc-e628-4bb7-9943-727f32b26d50,AU,http://www.aapoly.edu.au/,admitting,fee,"Degree pages print 'CRICOS Code, Duration: 6 Semesters, Cost: A$60,000'; cookery/hospitality print per term",not published,course page whole-course total / years (not labelled international); per-term on cookery/hospitality,not published; English requirements page in URL list but bound as wrong page,Not printed,campus; course_years; duration; fee_total,fee_total+course_years; duration; campus,english_policy https://aapoly.edu.au/author/admin/; english_policy https://aapoly.edu.au/new-english-language-requirements-copy/; english_policy https://aapoly.edu.au/new-english-language-requirements/; fee_schedule https://aapoly.edu.au/study-at-aapoly/pay-your-fees/; fee_schedule https://aapoly.edu.au/wp-content/uploads/2022/11/AAP00092-Bachelor-of-Business-Digital-Marketing.pdf; fee_schedule https://aapoly.edu.au/wp-content/uploads/2024/11/Tuition-Protection-Scheme-Policy-and-Procedure.pdf; intake_calendar https://aapoly.edu.au/courses/int-hospitality-management-package/; intake_calendar https://aapoly.edu.au/study-at-aapoly/academic-calendar/; intake_calendar https://aapoly.edu.au/study-at-aapoly/admission-enrolment-orientation/,1 + 0 delivery,10 / 37,0 rebound; no website change,"Catalogue holds whole-course 60,000 as tuition; 19 courses bound to unrelated pages; 8 unbound; only 10 course pages exist",Fresh site map pass for diploma/VET pages; attach English page,B36.md,2026-10-06 06:04
"Abbey College Australia, Abbey Training",8e7141b4-d366-4860-819e-86c54586dc12,AU,https://www.abbeycollege.edu.au,admitting,delivery; english,course page; fees point to Course Guide,not published,not published (see Course Guide),course page (IELTS 6.0 on 17),Blended (Face to Face + Online) -> on_campus_and_online (24),campus; duration; entry_requirement; ielts_overall; mode,duration; mode; campus; ielts_overall; entry_requirement,english_policy https://abbeycollege.edu.au/certificate-iii-in-painting-and-decorating/; english_policy https://abbeycollege.edu.au/diploma-of-community-services/; english_policy https://abbeycollege.edu.au/wp-content/uploads/2026/03/Abbey-Brochure-version-3.3-Jul.-2025-26-1.pdf; fee_schedule https://abbeycollege.edu.au/certificate-iii-in-painting-and-decorating/; fee_schedule https://abbeycollege.edu.au/life-in-australia/; fee_schedule https://abbeycollege.edu.au/wp-content/uploads/2026/03/Abbey-Brochure-version-3.3-Jul.-2025-26-1.pdf; intake_calendar https://abbeycollege.edu.au/wp-content/uploads/2026/03/Abbey-Brochure-version-3.3-Jul.-2025-26-1.pdf,0 + 0 delivery,24 / 26,-,No fee or dates; 2 identity mismatches (IELTS Prep and General English bound to trade pages; no ELICOS page stored),Fees and dates need a source (Course Guide),C6.md,2026-10-05 22:25
Aboard Training Australia,449f1b2d-5f7f-4ef3-9fe1-a89c2f8bbe49,AU,https://ataustralia.edu.au,admitting,delivery; english; fee,course page; Tuition Fees Onshore and Offshore printed separately on some,not published,"course page whole-course total / weeks; two international options (Onshore/Offshore, e.g. carpentry 13,750 / 22,750) not read",course page (IELTS 5.5 on 6),Face to Face -> on_campus (5),course_years; duration; entry_requirement; fee_total; ielts_overall; location; mode,fee_total+course_years; ielts_overall; mode; duration; location; entry_requirement,-,0 + 0 delivery,9 / 21,"3 rebound from sitemap (119197E, 120649E, 120652K); website set https://ataustralia.edu.au",Hand-bound (manual) pages counted no_identity so no adapter readings; headings do not match catalogue titles; DB refuses back-reference to read equal onshore/offshore pairs; multi-course pages not read,Fix hand-bound identity handling; re-read sent,C17.md,2026-10-05 22:58
Academia International & Academia Australia,2ca4b4ae-eb75-4d22-a65a-14f4d02062ab,AU,http://www.academia21.com,admitting,delivery,"course page with Course Recognition block: CRICOS code, duration, location, face-to-face",central calendar page (start-dates page attached); generic October banner is wrong,"central fees page (course-fees-and-financial-assistance), not attachable",not published,delivered face-to-face -> on_campus (13),campus; duration; mode,duration keyed on {code}; mode; campus,intake_calendar https://www.academia21.com/future-students/VET-and-english-courses-start-dates,0 + 0 delivery,16 / 16,0 rebound,several CRICOS codes share one page (duration keyed on printed code); generic reader holds October for all 16 from banner; fees page kind not attachable,Exclude wrong October intakes; read start-dates page; fees page needs a route,C33.md,2026-10-06 05:18
Academy of Interactive Technology,8e7e04ea-33dc-4c8d-8cb6-2325448d7b57,AU,https://ait.edu.au,admitting,intakes,Intake Dates block then 'Duration & Location' line,"course page months (dates read as Feb, May, Sep)",not published; separate student fees list not stored,not published,"two thirds face-to-face on campus -> on_campus, understates blended; not admitted",duration; intakes; mode,intakes; duration; mode,intake_calendar https://info.ait.nsw.edu.au/hubfs/_Website/AIT-Domestic-Pricelist-2020.pdf?__hstc=198919408.4b44870ec4a577029c49e44b73bd3bee.1617494400161.1617494400162.1617494400163.1&__hssc=198919408.1.1617494400164&__hsfp=19610472; intake_calendar https://www.ait.nsw.edu.au/,0 + 0 delivery,10 / 41,0 rebound; website set from ait.nsw.edu.au to https://ait.edu.au,14 courses share sister-course pages; 17 with no page; fees on separate list,Capture student fees list and missing course pages; decide delivery (blended),B28.md,2026-10-06 05:15
"Acquire Training Solutions Pty Ltd, Laneway International College",f71e9851-e4eb-4855-9931-eb42a4daef8d,AU,https://www.laneway.edu.au,admitting,delivery; english,Course pages; fees and dates behind Intake Dates and FEE INFO buttons,not published on course pages; only 2019 PDF flyer (stale),"not published; behind button, links not stored",course page,Blended / On Campus -> blended / on_campus,campus; course_years; duration; entry_requirement; ielts_overall; location; mode,duration; course_years; campus; location; mode; ielts_overall; entry_requirement,english_policy https://laneway.edu.au/international-students/; english_policy https://laneway.edu.au/wp-content/uploads/2019/08/Admission-and-Enrolment-Policy-and-Procedure-v2.1.pdf; english_policy https://laneway.edu.au/wp-content/uploads/2021/12/Enrolment-and-Completion-Policy-and-Procedure.pdf; fee_schedule https://laneway.edu.au/covid-19-faqs/; fee_schedule https://laneway.edu.au/vet-student-loans/; fee_schedule https://laneway.edu.au/wp-content/uploads/2021/05/Statement-of-Tuition-Assurance-Laneway-Education.pdf; intake_calendar https://laneway.edu.au/; intake_calendar https://laneway.edu.au/wp-content/uploads/2019/10/2019_10_Flyer-Intake-and-Holidays-Dates_FINAL.pdf,0 + 0 delivery,27 / 29,0 rebound; no website change,Fee and intake pages behind buttons with no stored link,Find current fee/intake page and attach as central page,C2.md,2026-10-05 21:59
Active Transition Training and Melbourne Metropolitan College,08040879-a81b-43bd-bacf-74a022393f10,AU,https://mmc.edu.au,admitting,delivery; fee,"course page with Fees 2026 Tuition Fee, weeks and delivery; Intake Dates 2026-2027 linked page","central calendar page; linked Intake Dates 2026-2027 page, no URL stored",course page whole-course total / weeks (26-week x2 by one-semester rule),not published,on_campus (12),campus; course_years; duration; fee_total; mode,fee_total+course_years; duration; campus; mode,-,2 + 1 delivery,13 / 14,Website set https://mmc.edu.au; 0 rebound,114071D General English has no page,Attach Intake Dates page when address available,C46.md,2026-10-06 05:52
Adelaide Institute of Health,56cdc7ef-24ca-46d7-af37-4dfd91d3d0e1,AU,-,admitting,delivery; english; fee; intakes,course page; courses published on AIBT group site aibt.edu.au (no website on record),"course page months (Feb/Apr/Jul/Oct, some + Dec)",course page whole-course total / years (international Tuition Fee),course page (IELTS on 13),Blended Learning -> blended (12); 2 TESOL pages print none,campus; course_years; duration; entry_requirement; fee_total; ielts_overall; intakes; mode,intakes; fee_total+course_years; duration; ielts_overall; campus; mode; entry_requirement,-,1 + 0 delivery,14 / 24,0 rebound,"Catalogue wrong on 3 (112218F, 112217G $18,000/1.5 yrs; 113823K $8,000/6 months -> $16,000 one-semester rule); 10 courses no page",Confirm 118713J fee basis,C10.md,2026-10-05 22:23
Adelaide Institute of Higher Education Pty Ltd (AIHE),7d555dac-1f9c-49d4-a6eb-23271667de84,AU,https://www.aihe.sa.edu.au,admitting,delivery; fee; intakes,"page with fee panel (labelled 2026) after ""International Student""; intakes; On-Campus","course page months (Mar, Jul, Nov via term_months)",course page annual (international annual; Graduate Certificate per study period and Study Abroad per subject not read),course page (existing),On-Campus -> on_campus (3 of 4),aqf_level; duration; fee; intakes; location; mode,"term_months; intakes with term_months; fee (international annual after ""International Student""); mode; duration; location; aqf_level",-,0 + 0 delivery,4 / 4,-,First fee figure on each page is domestic-style rate (not read),-,D11.md,2026-10-06 00:05
Adelaide University,de2201a1-69ee-40ff-b6aa-0e54e535e6c0,AU,https://adelaideuni.edu.au,admitting,delivery; english; fee; intakes,-,-,-,-,-,campus; duration; entry_requirement; fee; ielts_overall; intakes; mode; study_level,-,english_policy https://adelaide.edu.au/study/international-students/how-to-apply/entry-requirements/english-language-proficiency/; english_policy https://adelaideuni.edu.au/about/policies/admissions-policy/english-language-proficiency-requirements-procedure/; english_policy https://adelaideuni.edu.au/study/international-students/how-to-apply/entry-requirements/english-language-proficiency/; english_policy https://ask.adelaideuni.edu.au/app/answers/detail/a_id/4184/~/what-are-the-english-language-requirements-for-international-students%3F; fee_schedule https://adelaideuni.edu.au/students/student-services/finances/international-students/; fee_schedule https://ask.adelaideuni.edu.au/app/answers/detail/a_id/4195/~/how-do-i-pay-my-tuition-fee-deposit-as-an-international-student%3F; fee_schedule https://ask.adelaideuni.edu.au/app/answers/detail/a_id/4795/~/why-are-domestic-and-international-student-fees-different%3F; intake_calendar https://adelaide.edu.au/students/manage-study/academic-calendar/; intake_calendar https://adelaideuni.edu.au/students/manage-study/academic-calendar/; intake_calendar https://adelaideuni.edu.au/study/online/how-to-apply/; intake_calendar https://adelaideuni.edu.au/study/university-senior-college/about-us/important-dates/,64 + 10 delivery,252 / 498,-,-,-,register (before night run),2026-10-05 17:13
AEC EDUCATION GROUP PTY LTD,50303cbf-61f7-4bf8-b41a-b4fb7293baf7,AU,http://www.aec.vic.edu.au/,admitting,delivery,"page ""Learning Mode: 20 hours face to face on campus learning per week""; ""total of N weeks""",rolling/no months (every Monday),not published,not published,20 hours face to face on campus -> on_campus (4),duration; entry_requirement; mode,mode; duration; entry_requirement,-,0 + 0 delivery,4 / 4,-,-,-,D10.md,2026-10-05 22:57
Aesthetics House Limited,568bb19e-f1cf-402e-9dee-bfbdf6192b72,NZ,https://www.nasa.co.nz,admitting,delivery; intakes,"Course pages print intakes, fee, duration, attendance, location","course page months (Feb, July)","course page annual (Beauty L4 NZD 26,024 for 40 wks); Diploma two international options; Nail domestic only ($9,236)",not published,Full-time Face-to-face -> on_campus; Nail not printed,duration; fee; intakes; location; mode,term_months; intakes with term_months (Feb=February); fee; duration; mode; location,-,0 + 0 delivery,3 / 3,none,"Fee on 1 of 3 pages, not admitted; Diploma prints RPL and 120 credit options",Attach fee page https://nasa.co.nz/students/starting-your-course/fees-and-funding/ (in stored URLs),E1.md,2026-10-06 05:45
AIH Higher Education,12924d5c-3e7d-4c99-a10f-10fc36bb244a,AU,https://www.aih.edu.au,admitting,delivery; fee; intakes,"Course page with per annum fee columns by year, intake list, student type",course page months (Feb-Nov list),course page annual (newest 2026 column) and whole-course total / years,central english page only,on_campus,aqf_level; campus; course_years; duration; fee; fee_total; intakes; mode; student_type,fee per annum newest column; fee_total+course_years; intakes; duration; AQF; campus; student type; mode,english_policy https://aih.edu.au/students/entry-requirements/; english_policy https://aih.edu.au/students/entry-requirements/domestic-students/; english_policy https://aih.edu.au/students/entry-requirements/international-students/; fee_schedule https://aih.edu.au/students/fees-and-charges/; fee_schedule https://aih.edu.au/wp-content/uploads/2024/08/ADMHE12-Refund-Policy-and-Procedure.pdf; fee_schedule https://explore.aih.edu.au/2026-scholarships-and-bursaries; intake_calendar https://aih.edu.au/; intake_calendar https://aih.edu.au/students/important-dates/; intake_calendar https://help.aih.edu.au/article/128-academic-calendar,3 + 0 delivery,29 / 29,0 rebound; no website change,"Round 1 read 2024 column (fixed to 2026); catalogue 4,500 on 121184C is per-unit",Catalogue fix for 121184C,C1.md,2026-10-05 21:58
AIM Institute of Health & Sciences,b62f54ef-9a78-48d5-b0d0-d9d39ce338f5,AU,https://aiminstitute.edu.au/,admitting,english,"course page with tuition, weeks and IELTS; 2 pages print direct entry and progressing options",not published; May found only in text May be more or less,course page whole-course total / (weeks/52); 2 pages with two options left unread; 3 of 10 agree,"course page (12 agree, 6.0)",not published,course_years; duration; entry_requirement; fee_total; ielts_overall,fee_total; course_years; duration; ielts_overall; entry_requirement,-,0 + 0 delivery,12 / 14,0 rebound,"Management fees look low or partial (7,000 vs 12,000); catalogue holds mixed totals",Check Management fees against the live site,C45.md,2026-10-06 05:45
Aimers College of Education,f5ea2eae-fc66-4cdc-949e-e7b9f67b7b44,AU,https://www.aimerscollege.edu.au,admitting,delivery; english,"page with IELTS, delivery; no dates or fees",not published,"not published (""Contact our team"")","course page (6.0, 12 of 12)",delivered in the classroom -> on_campus (12 of 12),duration; entry_requirement; ielts_overall; mode,ielts_overall; mode; duration; entry_requirement,-,0 + 0 delivery,12 / 13,"Rebound 2 (118373B, 118372C)",115355F has no page (still /about-us),Find intake or fees page,C52.md,2026-10-06 06:13
Alana Kaye College,a53a8a6f-1951-4dbc-9411-461d277401c5,AU,https://alanakaye.edu.au,admitting,delivery,"course page with Darwin fee first, Face-to-Face delivery and Every 3rd Monday intakes",rolling/no months; Every 3rd Monday,"course page whole-course total (tuition only); Darwin fee printed first, campus unclear; 9 of 12 agree",generic reader,Face-to-Face -> on_campus (14),course_years; duration; fee_total; mode,fee_total (tuition only); course_years; duration; mode,-,0 + 1 delivery,16 / 16,Website set https://alanakaye.edu.au; 0 rebound,"fee agreement 75 percent; Gold Coast fee may differ from Darwin; 119638G catalogue 6,000 looks wrong",Decide whether the printed fee covers the right campus,C37.md,2026-10-06 05:24
Albright Institute of Business and Language; Albright Institute of English,4790a6ab-7e93-42d6-b0ac-757d68040f7d,AU,http://www.albrightinstitute.edu.au/,admitting,english,course page; intakes in 4 formats on 5 pages,course page months (4 formats on only 5 pages; Carpentry list includes 2025 dates),not published (refer to our Fee Schedule),course page (IELTS 5.5 / 5.0 on 16),prose (two days on campus plus compulsory online hours); not read,campus; duration; ielts_overall; intakes,intakes; ielts_overall; duration; campus (built on stored text; both builder captures failed),"english_policy https://albrightinstitute.edu.au/wp-content/uploads/2022/03/PP-13_Entry_Requirtement_Policy_%20_Procedure_V2.pdf; english_policy https://albrightinstitute.edu.au/wp-content/uploads/2022/03/PP-14_Admission_and_Enrolment_Policy_%20_Procedure_V2%20(1).pdf; english_policy https://albrightinstitute.edu.au/wp-content/uploads/2025/09/STD-FORM-04-International-Student-Application-Form-V10.4.pdf; fee_schedule https://albrightinstitute.edu.au/wp-content/uploads/2022/03/PP-14_Admission_and_Enrolment_Policy_%20_Procedure_V2%20(1).pdf; fee_schedule https://albrightinstitute.edu.au/wp-content/uploads/2025/03/Student-Letter-of-Offer-and-Acceptance-V9-9.5.pdf; fee_schedule https://albrightinstitute.edu.au/wp-content/uploads/2025/12/PP-09-Student-Fees-Charges-Policy-Procedure-V6.5.pdf; intake_calendar https://albrightinstitute.edu.au/wp-content/uploads/2022/03/PP_12_Deferral,suspension,cancellation_and_non_commencments_.pdf; intake_calendar https://albrightinstitute.edu.au/wp-content/uploads/2022/10/AIBL-VET-Term-Calendar-6-Terms.pdf; intake_calendar https://albrightinstitute.edu.au/wp-content/uploads/2024/04/ADM-DOC-22-VET-Term-Calander-2024-2028-V2.pdf",0 + 0 delivery,19 / 23,-,Both captures failed (Firecrawl timeout / ERR_TUNNEL_CONNECTION_FAILED); catalogue holds TOEFL only; intakes differ on 2,Fees need a source; check intake formats,C11.md,2026-10-05 22:32
Alice Springs College of Australia Pty Ltd,67ce7369-a70d-42c2-ac53-2ff78534d4ac,AU,http://www.asca.edu.au/,admitting,english,"page with fees, IELTS, delivery; course length only in nav menu",not published,"course page, tuition and material fees with no course length so no annual fee","course page (6.0 / ""6+"", 12 of 12 agree)","15 hours/week face-to-face plus online -> blended, not admitted (6 blended, 6 none)",ielts_overall; mode,ielts_overall; mode,-,0 + 0 delivery,12 / 13,-,Course length only in navigation menu; Terms page bound to one course not read,Find course length source for fee,C49.md,2026-10-06 05:53
All Saints Anglican School Limited,2479a904-cf1a-435f-831c-bf9835bcb7b9,AU,https://www.asas.qld.edu.au,admitting,intakes,"/international/about page ""Programs start in January, April and July""","course page months (January, April, July)","central fees page (Enrolment and Fees, not in stored links)",not published,not published,intakes,intakes,-,0 + 0 delivery,2 / 4,-,"Page lists HSP 036194K and Primary 027885B but catalogue holds 079475A and 084081K, so those two not rebound",Check catalogue codes,D8.md,2026-10-05 22:56
Alliance College,9edc07c5-fc46-407e-8432-6ac240f34da8,AU,https://alliancecollege.edu.au/,admitting,english; intakes,course page; -international pages,"course page months (Intake Date January, April, July and October)",not published,course page (IELTS 6.0 on 12),not published,aqf_level; course_years; duration; entry_requirement; ielts_overall; intakes,intakes; duration; course_years; ielts_overall; aqf_level (not admitted); entry_requirement,english_policy https://alliancecollege.edu.au/alliance-courses/elicos/; english_policy https://alliancecollege.edu.au/courses-elicos/; english_policy https://alliancecollege.edu.au/faqs/; fee_schedule https://alliancecollege.edu.au/; fee_schedule https://alliancecollege.edu.au/courses-commercial-cookery/; fee_schedule https://alliancecollege.edu.au/faqs/; intake_calendar https://alliancecollege.edu.au/; intake_calendar https://alliancecollege.edu.au/courses-commercial-cookery/; intake_calendar https://alliancecollege.edu.au/pte-preparation/,0 + 0 delivery,20 / 22,"4 rebound to -international pages (110502G, 110503F, 108201E, 108202D); re-read sent","110503F reads AQF VIII (page error); 0100979 EAP, 102939M General English, 116160J not rebound",Fees and delivery need a source,C13.md,2026-10-05 22:21
Alma Mater College Australia Pty Ltd,09d78558-b932-4877-95c6-d79d94a8c0b7,AU,https://amca.edu.au,admitting,delivery,-,-,-,-,-,campus; duration; entry_requirement; mode,-,-,0 + 0 delivery,11 / 11,-,-,-,register (before night run),2026-10-06 06:38
Alphacrucis College,cb666a5e-3874-45b9-9e77-588cd9f750ab,AU,http://ac.edu.au,admitting,delivery; english; intakes,-,-,-,-,-,campus; duration; entry_requirement; ielts_overall; intakes; mode,-,english_policy https://www.ac.edu.au/admission-requirements/; english_policy https://www.ac.edu.au/ppm/admissions-policy/; english_policy https://www.ac.edu.au/study/international/; english_policy https://www.ac.edu.au/wp-content/uploads/2025/02/PHD-Course-of-Study-Handbook_250211.pdf; fee_schedule https://www.ac.edu.au/fees-financing/; fee_schedule https://www.ac.edu.au/study/international/; fee_schedule https://www.ac.edu.au/wp-content/uploads/2025/02/2025-Statement-of-Tuition-Protection-VSL.pdf; fee_schedule https://www.ac.edu.au/wp-content/uploads/2025/02/Parent-Consent-Form-for-students-aged-under-18-v1-2025.01.21.pdf; intake_calendar https://www.ac.edu.au/academic-calendars/; intake_calendar https://www.ac.edu.au/key-dates/; intake_calendar https://www.ac.edu.au/timetables-calendars/,1 + 0 delivery,64 / 75,-,-,-,register (before night run),2026-10-05 17:04
ALTEC College,8f323e53-e08d-4fac-a4d4-8e511bccc3cd,AU,https://www.altec.edu.au,admitting,delivery; english,course page; Upcoming Courses table lists several costs per course; /courses/ and /stg/courses/ sections,course page months (varies by offer; left to general reader),two international options (packaged and non-packaged costs in Upcoming Courses table; not read),course page (IELTS 6.0 / 5.5 on 15),Full-time face-to-face classroom mode -> on_campus (18),duration; entry_requirement; ielts_overall; mode,mode; duration; ielts_overall; entry_requirement,none,0 + 0 delivery,18 / 18,-,/stg/courses/ looks like a staging copy,Confirm /stg/ section; fee source needed,C26.md,2026-10-06 00:13
Amtech Institute,bf0d1a82-c257-4956-ac0b-5f827d428df2,AU,https://www.amtech.edu.au,admitting,delivery; english; fee; intakes,"Course pages print intakes, tuition, duration, IELTS, delivery; GCIT bound to /courses listing",course page months (4 each),"course page whole-course total / years (MIT 48,000/2; GDIT 24,000/1 = 24,000 a year)","course page: IELTS 6.5, min band 6.0",Face to Face -> on_campus,campus; course_years; duration; fee_total; ielts_overall; intakes; mode,intakes; fee_total+course_years; duration; mode; campus; ielts_overall,-,3 + 1 delivery,3 / 3,none,"Catalogue MIT 48,000 whole-course (wrong); no domestic fee printed; no GCIT page evidenced",Find GCIT own page,E4.md,2026-10-06 05:40
Analytics Institute of Australia Pty Ltd,b3a9b9b4-496a-4eb8-8791-47e0a1aee30e,AU,https://www.analyticsinstitute.edu.au,admitting,english,Course pages print IELTS only,not published,central fees page (Fees and Charges; not stored),course page: IELTS 6.0 (no band less than 6.0),-,ielts_overall,ielts_overall,-,0 + 0 delivery,3 / 3,none,Fees page not stored,Capture Fees and Charges page,E3.md,2026-10-06 05:42
Angad Australian Institute of Technology Pty Ltd,4e5b70cf-2056-4fdb-b4c4-7e629c37570f,AU,https://angad.vic.edu.au,admitting,delivery; english; fee,-,-,-,-,-,campus; course_years; duration; entry_requirement; fee_total; ielts_overall; mode,-,-,0 + 0 delivery,9 / 12,-,-,-,register (before night run),2026-10-06 06:39
"Angel Institute of Education, The Angel Hair & Beauty Institute",ea762d93-9414-45f9-9f18-cff19d41ac9a,AU,https://www.angelinstitute.edu.au,admitting,delivery,Course pages print delivery; salary range only,not published,not published,not published,Blended (Virtual Classroom + Face to Face Components) -> blended,duration; mode,mode; duration,-,0 + 0 delivery,2 / 3,website set https://www.angelinstitute.edu.au,General English has no page,Find fees and dates pages,E7.md,2026-10-06 05:48
Ara Institute of Canterbury,87576ec2-c4b0-4a00-ab94-64422c77d545,NZ,https://www.ara.ac.nz,admitting,english; fee; intakes,-,-,-,-,-,aqf_level; campus; duration; entry_requirement; fee; ielts_overall; intakes; mode; study_level,-,english_policy https://www.ara.ac.nz/study/priority-learner-groups/international/international-how-to-apply/academic-equivalence/; intake_calendar https://www.ara.ac.nz/about-us/academic-calendar/,14 + 0 delivery,85 / 178,-,-,-,register (before night run),2026-10-05 16:54
Ardmore Flying School Ltd,44645de4-7fc7-4888-8e55-7d685fa485ec,NZ,https://www.ardmore.co.nz,admitting,english,"international block with IELTS 5.5, no band below 5.0",not published,not published,course page (5.5),not published,duration; ielts_overall,ielts_overall; duration,-,0 + 0 delivery,1 / 5,1 re-read,3 identity mismatches and 1 unbound course,Rebind,D1.md,2026-10-05 21:54
Asia Pacific International College,6ca59aae-b404-4265-8ace-b77ddb0c23bc,AU,https://www.apicollege.edu.au,admitting,english,course page with entry requirements and English tab only,"not published; Important Dates menu page, no stored URL",not published; FEE-HELP/domestic wording alongside,course page (13 agree),not published,entry_requirement; ielts_overall,ielts_overall; entry_requirement,-,0 + 0 delivery,13 / 16,0 rebound,3 Study Abroad courses have no page; fees need a separate international page,Supply Important Dates and international fees URLs,C34.md,2026-10-06 05:14
Aspen College,09f397fc-bd2b-4f1d-859e-5cd9f03ff303,AU,https://www.aspencollege.edu.au,admitting,english; fee,-,-,-,-,-,course_years; duration; entry_requirement; fee_total; ielts_overall,-,-,0 + 0 delivery,12 / 12,-,-,-,register (before night run),2026-10-06 06:33
Astral Skills Institute of Australia and Create Learn & Educate,1586e5a0-8531-462e-b3bc-d2109fc2e453,AU,https://asia.edu.au,admitting,english,page with IELTS; intakes and delivery text only,"not published (""multiple intakes, contact us"")",not published,"course page (6.0, 12 of 12)","15 hrs face-to-face plus 5 hrs supervised online -> required mix, not admitted",entry_requirement; ielts_overall,ielts_overall; entry_requirement,-,0 + 0 delivery,13 / 13,Website set https://asia.edu.au,Some pages say Admissions Closed for international students (flagged); shared Early Childhood pages for two courses each,Review closed-admission pages,C53.md,2026-10-06 06:08
Athabasca University,e450a320-27d7-4ca2-8ad6-cafa266df869,CA,-,admitting,delivery; fee; intakes,-,-,-,-,-,duration; entry_requirement; intakes; mode; study_level,term_months,english_policy https://www.athabascau.ca/calendar/graduate/additional-information/english-language-proficiency-requirements.html; intake_calendar https://www.athabascau.ca/calendar/graduate/additional-information/glossary.html; intake_calendar https://www.athabascau.ca/calendar/graduate/additional-information/index.html; intake_calendar https://www.athabascau.ca/calendar/graduate/index.html; intake_calendar https://www.athabascau.ca/calendar/undergraduate/admission-registration-evaluation/index.html; intake_calendar https://www.athabascau.ca/calendar/undergraduate/admission-registration-evaluation/part-time-full-time-students.html; intake_calendar https://www.athabascau.ca/calendar/undergraduate/fees-refunds-and-financial-assistance/estimated-program-fees.html; intake_calendar https://www.athabascau.ca/calendar/undergraduate/fees-refunds-and-financial-assistance/index.html; intake_calendar https://www.athabascau.ca/calendar/undergraduate/fees-refunds-and-financial-assistance/non-canadian-student-fees.html; intake_calendar https://www.athabascau.ca/calendar/undergraduate/fees-refunds-and-financial-assistance/students-outside-canada.html; intake_calendar https://www.athabascau.ca/calendar/undergraduate/index.html,1 + 0 delivery,50 / 50,-,-,-,register (before night run),2026-10-05 17:08
Atlantic College Pty Ltd,d15a365a-a4da-4359-b3ee-bafa75bda60f,AU,https://atlanticcollege.qld.edu.au,admitting,delivery,Course pages print delivery and Tuition + Administration + Material with onshore/offshore totals,not published,"not labelled international (Adv Dip Civil Construction onshore $22,500; offshore $25,250 over 97 wks)",not published,Classroom (plus RPL option) -> on_campus,duration; mode,delivery; duration,-,0 + 0 delivery,2 / 3,website set https://atlanticcollege.qld.edu.au,Grad Dip Management (Learning) identity_mismatch on BSB80120 page; not rebound,Decide on onshore/offshore fee labelling,E6.md,2026-10-06 05:43
ATMC NZ Limited,e4cde243-84e6-4e35-a89a-5d06c00ccc30,NZ,https://atmc.ac.nz,admitting,english; fee; intakes,"programme page ""Start dates February, May, July, September, November""; ""International $14,000""",course page months,"course page annual (International NZD incl GST; BAM prints a different fee per year, not read)",course page (6.0 / 5.5),not published,duration; fee; ielts_overall; intakes; location,intakes; fee; ielts_overall; duration; location; title_strip/course_title_strip,-,0 + 0 delivery,4 / 5,Rebound 3473 BAM to its programme page; 3244 confirmed via course_title_strip; 2 re-reads,3472 BAA not rebound (two major pages); insurance $786/yr not read,Decide BAM per-year fee handling,D4.md,2026-10-05 22:36
Auckland University of Technology,39301fa8-bff2-4389-bbcd-32d8415fae04,NZ,https://www.aut.ac.nz,admitting,delivery; english; intakes,-,-,-,-,-,aqf_level; campus; duration; entry_requirement; fee; ielts_overall; intakes; mode; not_admitting,-,english_policy https://www.aut.ac.nz/study/entry-requirements/english-language-requirements; intake_calendar https://www.aut.ac.nz/study/semester-dates,75 + 0 delivery,200 / 257,-,-,-,register (before night run),2026-10-05 17:12
AUCTUS Consulting Pty Ltd,141b0fab-294a-4e76-9156-ba3bd0b8a896,AU,-,admitting,delivery,international pages /find-a-course/<course>-international-students,not published (old catalogue intakes from domestic pages),"course page annual (Cert IV 12,300 for 48 weeks = one year; Diploma total / weeks)",not published (IELTS 6 previewed),delivery -> on_campus (4),course_years; duration; fee; fee_total; ielts_overall; intakes; location; mode; student_type,fee; fee_total+course_years; intakes (next intake); mode; duration; location; ielts_overall; student_type,-,0 + 0 delivery,5 / 5,Rebound 4 courses from domestic ($385 subsidised) to international pages; 2 re-reads,Apply skips hand-bound pages: re-read before adapter correction so fee and IELTS not on pages; 114967H on old page; Cert IV Disability 19 weeks no annual fee,Re-read then admit fee and english; bind 114967H to current page,D5.md,2026-10-05 22:39
AUIPT GROUP PTY LTD,1f5e72f0-0506-4682-9b42-27bc3840dbe7,AU,https://www.auipt.edu.au,admitting,delivery; fee,"course page with fee, duration, delivery and numeric start dates","numeric dates; dd/mm/yyyy only, worker needs month names",course page whole-course total / years (78 wks = 1.5; 104 = 2; 52 = annual),not printed in stored text (catalogue holds 6.0),Face to Face and Blended -> blended (9); Face to Face -> on_campus (1),course_years; duration; fee_total; mode,mode; duration; fee_total+course_years,-,1 + 0 delivery,10 / 15,Website set https://www.auipt.edu.au; 0 rebound; 1 re-read (unnecessary),3 English courses have no page; 2 identity mismatch on shared pages; Dip Project Mgmt wording is Face to Face in the classroom or Blended,Check Dip Project Mgmt delivery wording,C41.md,2026-10-06 05:14
Aura Education,78a3c4c1-ab77-4b27-9b56-654673744516,AU,https://aura.edu.au,admitting,delivery; fee; intakes,"Course pages print intakes, tuition, duration, delivery; General English prints weekly fee",course page months (2 of 3),"course page whole-course total / years (12,000/52 wks; 19,900/104 wks = 9,950); General English per week","course page: IELTS via generic reading, not admitted",read on 3/3 -> admitted,course_years; fee_total; ielts_overall; intakes; mode,intakes; fee_total+course_years; ielts_overall; mode,-,0 + 0 delivery,3 / 3,website set https://aura.edu.au,"Catalogue Advanced Diploma 19,900 whole-course (wrong); Diploma of IT page address contains demo but content correct",Find English source,E2.md,2026-10-06 05:48
Auscanus Institute of Australia,98f6df2b-f06c-4963-8aa1-7375e4b367d4,AU,https://www.auscanus.edu.au,admitting,delivery; english,course page; fees on central Fees and Charges page,rolling/no months (Monthly / Every 2 Months),central fees page (Onshore / Offshore fee documents),course page (IELTS Academic 6.0; TOEFL 60; PTE 50; on 22),Face to Face; Face to Face and Self Study -> on_campus (14); 10 other wordings not read,campus; duration; entry_requirement; ielts_overall; location; mode,location; campus; mode; duration; ielts_overall; entry_requirement,english_policy https://auscanus.edu.au/courses/diploma-of-business/; english_policy https://auscanus.edu.au/insights/; english_policy https://auscanus.edu.au/insights/changes-to-english-language-requirements-for-international-students-in-australia/; fee_schedule https://auscanus.edu.au/insights/general-english-course-melbourne-international-students/; fee_schedule https://auscanus.edu.au/wp-content/uploads/2026/03/Fee-and-Refund-Policy-and-Procedures-V2_Mar26.pdf; fee_schedule https://auscanus.edu.au/wp-content/uploads/2026/04/AIA-Other_Fees_Charges_APR_2026.pdf; intake_calendar https://auscanus.edu.au/; intake_calendar https://auscanus.edu.au/wp-content/uploads/2026/03/Student-Information-Policy-and-Procedure-V2_Mar26.pdf,0 + 0 delivery,24 / 24,-,"Catalogue holds TOEFL 60 and PTE 50 from same sentence, no IELTS; 10 pages other delivery wording",Central fees source needed,C9.md,2026-10-05 22:19
Auscare Staffing Agency Pty Ltd,761e79bd-bf4d-49bd-8d53-5cbebff66b24,AU,https://auscaretraining.edu.au,admitting,delivery; english; fee,-,-,-,-,-,course_years; duration; entry_requirement; fee_total; ielts_overall; location; mode,-,-,8 + 2 delivery,10 / 12,-,-,-,register (before night run),2026-10-06 06:35
Austin Institute of Trades,522fa7cf-9ffa-4d2d-8073-314d369fb336,AU,https://austin.edu.au/,admitting,english,course page with duration weeks and entry requirement only; enquiry form,not published,"not published; generic reader holds fees (e.g. 21,250) from pages with no international panel","course page (7 of 9, agree)",not published,duration; entry_requirement; ielts_overall,duration; ielts_overall; entry_requirement,-,0 + 0 delivery,9 / 15,"0 rebound; 4 courses on wrong pages, 2 ECEC courses no page",catalogue noise: generic fee values with no visible international panel,Find a brochure or fees page,C39.md,2026-10-06 05:16
AUSTRA COLLEGE,627b6f76-761f-4e0d-aeb5-74b8a4026d2e,AU,-,admitting,delivery; english; fee,course page with Tuition Fees $X whole-course (application and material fees separate); pages on austra.edu.au,not published (Intake Schedule link not in stored links),course page whole-course total / years; single fee for onshore and offshore international,"course page (IELTS on 23; 120628K differs, page direct entry 6.0 vs catalogue 5.0)",blended (22),campus; course_years; duration; entry_requirement; fee_total; ielts_overall; mode,fee_total+course_years; duration; mode (widened once); campus; ielts_overall; entry_requirement,-,0 + 0 delivery,23 / 27,-,No website on record; no separate domestic fee shown; 120628K catalogue 5.0 is the +30-week ELICOS row,Intake Schedule needs a source,C5.md,2026-10-05 21:59
Australasia International School,df406add-0d41-4607-b59b-4d386c5201fe,AU,https://www.aischool.edu.au,admitting,delivery; english; intakes,-,-,-,-,-,duration; ielts_overall; intakes; mode,-,-,2 + 0 delivery,6 / 11,-,-,-,register (before night run),2026-10-06 06:40
Australasia Technology Institute,d84ff432-4d89-49fd-a3dc-324492042293,AU,https://atinstitute.edu.au,admitting,delivery; english; fee; intakes,course page: Course fees AUD $X (equals CRICOS register total); ENROLMENT DATES rows,"course page months (first ENROLMENT DATES row: 05-Jan, 06-Apr, 06-Jul, 05-Oct -> Jan/Apr/Jul/Oct)",course page whole-course total / weeks (delivered over N weeks),course page (IELTS 6.0 on 21),blended delivery mode (15 h face-to-face + 5 h distance) -> blended (21),campus; course_years; duration; entry_requirement; fee_total; ielts_overall; intakes; mode,intakes; fee_total+course_years; ielts_overall; mode; duration; campus; entry_requirement; title strip (strips national code prefix and bracketed specialisation),none needed,0 + 0 delivery,21 / 21,website set https://atinstitute.edu.au (no website on record),Catalogue holds only CRICOS-register whole-course totals; 5 renamed qualifications now confirmed via title strip,-,C18.md,2026-10-05 23:01
Australasian International Academy Pty Ltd,6c2a950b-afea-47eb-80c8-5e7f409a38de,AU,-,admitting,delivery,course page; International Student panel; pages on aiacademy.edu.au,not published,course page whole-course total / weeks (3 of 22 pages; ambiguous on 112302K),not published,Study Mode Face-To-Face -> on_campus (21),campus; course_years; duration; fee_total; mode,mode; duration; course_years; fee_total; campus,-,1 + 0 delivery,23 / 23,1 rebound (097987E EAP to https://aiacademy.edu.au/course/eap/); re-read sent,"Fee not admitted (3 of 22); catalogue wrong 112303J ($20,000 is 104-week total, true annual 10,000); unclear whether Fees covers tuition only",Confirm 112302K fee basis,C12.md,2026-10-05 22:24
Australia Institute of Business and Technology,eb9e3903-6d92-4502-a2b3-51cb231b21fc,AU,http://aibt.qld.edu.au/,admitting,delivery; english; fee; intakes,-,-,-,-,-,campus; duration; entry_requirement; fee; ielts_overall; intakes; mode,term_months,intake_calendar https://www.aibt.qld.edu.au/,27 + 0 delivery,47 / 58,-,-,-,register (before night run),2026-10-05 16:54
Australia International Construction College Pty Ltd,9f642bdb-287b-4863-91d6-c5fdafccc0cf,AU,https://aicc.edu.au/,admitting,delivery; english,Course pages print IELTS and delivery; no fees or dates,not published,not published,course page: IELTS 6.0 with no band less than 5.5,20 hours face to face -> on_campus,duration; entry_requirement; ielts_overall; mode,mode; duration; ielts_overall; entry_requirement,-,0 + 0 delivery,4 / 4,none,No fees or dates on course pages; /course-enrol-international/ may hold fees but is not a course page,Decide whether to attach /course-enrol-international/ as a central page,D12.md,2026-10-06 00:13
Australia Massage and Beauty Institute,ac33243d-0489-4e84-9d3c-90b5f5ceedfe,AU,https://www.ambi.edu.au,admitting,delivery; english,"page: ""8 hours face-to-face ... 4 hours study online per week""; ""refer to the fees table""","central calendar page (Academic Calendar, link not in stored text)","central fees page (fees table, no stored link)",course page (Academic IELTS 5.5),face-to-face plus online hours -> on_campus_and_online (3); on campus (2),campus; duration; entry_requirement; ielts_overall; mode,mode; campus; duration; ielts_overall; entry_requirement,-,0 + 0 delivery,5 / 5,Website set https://www.ambi.edu.au,-,Capture Academic Calendar and fees table,D7.md,2026-10-05 22:22
Australia-International Institute of Workplace Training,7b61a9b2-622f-43f2-b62b-6f0d7ea1cba2,AU,https://www.aiwt.edu.au,admitting,delivery; english; fee,course page International Students section,not published (Intake Dates URL not in stored links),course page whole-course total / duration (resource $495 and application $250 excluded),course page (IELTS 6.0 on 15),Face-to-Face -> on_campus (16),course_years; duration; entry_requirement; fee_total; ielts_overall; mode,fee_total+course_years; duration; ielts_overall; mode; entry_requirement,english_policy https://aiwt.edu.au/new-students-international/study-pathways/; english_policy https://aiwt.edu.au/what-you-need-before-starting-an-aged-care-course/; english_policy https://aiwt.edu.au/wp-content/uploads/2024/10/INTERNATIONAL-HANDBOOK-2024-compressed.pdf; fee_schedule https://aiwt.edu.au/make-a-payment/; fee_schedule https://aiwt.edu.au/wp-content/uploads/2024/10/International-Student-Application-V6.7-1.pdf; fee_schedule https://aiwt.edu.au/wp-content/uploads/2024/10/InternationalFeesChargesRefundPolicy_V3.1_2024.pdf; intake_calendar https://aiwt.edu.au/career-change-at-40-heres-what-to-consider/; intake_calendar https://aiwt.edu.au/new-students-domestic/intake-dates/; intake_calendar https://aiwt.edu.au/your-first-week-at-a-vet-college/,0 + 0 delivery,18 / 22,0 rebound,"Courses without international duration (107506G, 118581E, 114935E) get no fee; 4 identity mismatches (0100663, 114162A, 099137J, 108775M older codes) not rebound",Intake Dates source needed,C13.md,2026-10-05 22:27
Australian Academy of Business and Technology Pty Ltd,ca538fd1-b6f3-4b4b-be0f-f3a1356b1e00,AU,https://www.aabt.edu.au,admitting,delivery; fee,"course page with printed tuition total, weeks and delivery",not published,course page whole-course total / (weeks/52); enrolment and material fees left out,not published,on_campus (17),campus; course_years; duration; entry_requirement; fee_total; mode,fee_total+course_years; mode; campus; duration; entry_requirement,-,0 + 0 delivery,17 / 17,Website set https://www.aabt.edu.au; 0 rebound,catalogue holds whole-course totals as tuition on 6 courses,-,C32.md,2026-10-06 05:17
"Australian Capital College, Capital College",35f0e6f4-ea51-4250-bee0-a0ccf96990d9,AU,https://www.capital.edu.au,admitting,delivery,course page with Delivery On Campus and campus Canberra; Pricing & Packages button,not published,behind toggle/render; Pricing & Packages button,not published,Delivery On Campus -> on_campus (16),campus; mode,mode; campus,-,0 + 0 delivery,17 / 17,0 rebound,fees behind a pricing pop-up; pages say Canberra although college lists Sydney; no duration or IELTS stored,Capture the pricing pop-up with a render or find a pricing page,C29.md,2026-10-06 00:13
Australian Catholic University,030992c3-72c6-452d-8a3b-10ceb0fd77f2,AU,https://www.acu.edu.au,admitting,delivery; english; fee; intakes,-,-,-,-,-,aqf_level; duration; entry_requirement; fee; ielts_overall; intakes; mode; study_level,render,english_policy https://policy.acu.edu.au/download.php?associated=1&id=243&version=1; english_policy https://policy.acu.edu.au/download.php?id=425&version=1&associated; english_policy https://www.acu.edu.au/study-at-acu/how-to-apply/international-students/english-language-requirements; fee_schedule https://policy.acu.edu.au/document/view.php?id=237; fee_schedule https://www.acu.edu.au/-/media/acu/international/acu-2027-schedule-of-tuition-fees.pdf; fee_schedule https://www.acu.edu.au/-/media/feature/pagecontent/richtext/study-at-acu/fees-and-scholarhsips/2026-schedule-of-tuition-fees.pdf?rev=5c0f8db3d90148f7ac87cf5e769fecd8; fee_schedule https://www.acu.edu.au/study-at-acu/fees-and-scholarships; fee_schedule https://www.acu.edu.au/study-at-acu/fees-and-scholarships/international-student-fees; intake_calendar https://staff.acu.edu.au/our_university/calendars/academic_year_calendar/study-periods-2026; intake_calendar https://staff.acu.edu.au/our_university/calendars/academic_year_calendar/study-periods-2027; intake_calendar https://www.acu.edu.au/study-at-acu/important-dates,3 + 0 delivery,143 / 149,-,-,-,register (before night run),2026-10-05 17:03
Australian College of Agriculture & Horticulture (ACAH); Australian College of Agriculture & Horticulture,5a61b022-5407-4b51-b4fc-a7f68f151cb6,AU,http://www.acah.edu.au,admitting,delivery,course page: International Students line; Intakes / Payments,"course page months (Jan, April, Jul, Oct; only 2 of 18 pages; not admitted)",not published (tuition by enquiry),not published (LLN assessment only),International Students: Classroom face to face only -> on_campus (13),duration; entry_requirement; intakes; mode,mode; duration; intakes; entry_requirement (text-only),-,0 + 0 delivery,18 / 18,-,"5 pages (112880J, 116148E, 116152J, 116153H, 097677G) have no International Students line; ELICOS 097677G fee 9,720 not checked",Fees and IELTS not published,C25.md,2026-10-06 00:18
"Australian College of Applied Professions, ACAP University College",ac672bf2-086b-4d9f-8aa6-6f3057f58a51,AU,https://www.acap.edu.au,admitting,english; fee; intakes,International Fees panel beside Study modes; trimester start list,course page months (Trimester 3 - 14 Sep 2026; Trimester 1 - 8 Feb 2027; Trimester 2 - 31 May 2027),course page annual (Annual Course Fee Indicative per 1.0 EFTSL); course page whole-course total / years where only Total Course Fee,course page (IELTS on 19),Study modes On Campus Online shared with domestic -> not admitted (may overstate online),aqf_level; course_years; duration; entry_requirement; fee; fee_total; ielts_overall; intakes; location; mode; study_level,fee; fee_total+course_years; duration; intakes; ielts_overall; mode; location; study_level; aqf_level; entry_requirement,english_policy https://www.acap.edu.au/international-students-conditions-of-enrolment/; english_policy https://www.acap.edu.au/pages/admissions-criteria/; english_policy https://www.acap.edu.au/pages/how-to-apply-international-students/; fee_schedule https://www.acap.edu.au/fees-101-for-international-students/; fee_schedule https://www.acap.edu.au/international-students-conditions-of-enrolment/; fee_schedule https://www.acap.edu.au/pages/fees-payments/; fee_schedule https://www.acap.edu.au/wp-content/uploads/2023/08/ACAP-202210061530-2023FeeSchedule-Pages-V7-0823-AWWeb.pdf; intake_calendar https://www.acap.edu.au/fees-101-for-international-students/; intake_calendar https://www.acap.edu.au/student-resources/key-dates/; intake_calendar https://www.acap.edu.au/student-resources/new-students/orientation-essential-information/,0 + 0 delivery,20 / 27,-,"Delivery shared with domestic and online not open to some international campuses; stored pages from 3 Oct, live site shows higher 2027 fees (MSW Qualifying $34,941 vs $33,277); 7 identity mismatches",Bind own pages for the 7 mismatched courses; 2027 fees flow through next re-read,C4.md,2026-10-05 21:53
Australian College of Community and Health Services,0d0109fe-b2fd-463b-ad8d-eda47c985676,AU,https://www.acchs.edu.au,admitting,delivery; english,course page with IELTS and delivery; enquire for intake dates and fee,not published; enquire,not published; enquire,"course page (13 agree, 6.0)",face to face on campus -> on_campus (10); early childhood pages use different wording,duration; entry_requirement; ielts_overall; mode,mode; duration; ielts_overall; entry_requirement,-,0 + 0 delivery,14 / 14,0 rebound,fee rows hold tuition and total only,Find fee and intake sources,C43.md,2026-10-06 05:51
Australian College of Make-Up and Special Effects,9b851e63-b1cd-4209-8d71-e61eca212973,AU,https://www.makeupcollege.com.au,admitting,delivery,Page lists domestic then international cost,not published,"course page annual (18,000 international tuition; 44 wks = one year); differs from catalogue 17,500 and 18,500",not published,face-to-face -> on_campus,duration; fee; mode,fee; duration; mode,-,0 + 0 delivery,2 / 2,none,"Fee differs on 2 of 2 (catalogue looks stale); admin 3,000 and kit 1,500 left out",Decide which fee is current,E10.md,2026-10-06 06:04
Australian College of Studies Co.,981b9811-9f4e-4825-b7af-cc47b5ebf6f5,AU,https://www.acos.edu.au,admitting,english; fee,Course pages with International fee column; some unit-of-competency pages,not published; Key Dates page URL not stored,course page whole-course total / years (International column),course page,'20 hours per week of classroom-based learning' not normalised,course_years; duration; entry_requirement; fee_total; ielts_overall; location,fee_total [International column]+course_years; ielts_overall; duration; location; entry_requirement,english_policy https://www.acos.edu.au/course/diploma-of-early-childhood-education-and-care/; english_policy https://www.acos.edu.au/course/diploma-of-event-management/; english_policy https://www.acos.edu.au/enrolment/; fee_schedule https://www.acos.edu.au/course/graduate-diploma-of-management-learning/; fee_schedule https://www.acos.edu.au/enrolment/; fee_schedule https://www.acos.edu.au/fees-and-refunds/; intake_calendar https://www.acos.edu.au/fees-and-refunds/; intake_calendar https://www.acos.edu.au/key-dates-and-academic-calendar/; intake_calendar https://www.acos.edu.au/life-at-acos/,0 + 0 delivery,16 / 28,0 rebound; no website change,12 fetch_failed; unit pages bound to 3 qualification courses,Find Key Dates URL; re-read failed pages,C3.md,2026-10-05 21:58
Australian College of Technology and Business Pty Ltd,0e63f975-0b48-4340-a9cb-6fea747084e9,AU,https://www.actb.com.au,admitting,delivery; english,course page,"central calendar page (https://www.actb.com.au/course-dates/ attached, not yet read)",not published,course page (IELTS 6.0 on 17),Face-to-face (classroom-based) -> on_campus (16),course_years; duration; entry_requirement; ielts_overall; mode,duration; course_years; mode; ielts_overall; entry_requirement,english_policy https://www.actb.com.au/wp-content/uploads/2021/03/ACTB%20-%20Student%20Handbook%20-%20International%20-%20March%202021.pdf; english_policy https://www.actb.com.au/wp-content/uploads/2026/05/BSB50820_DiplomaofProjectManagement_Flyer_V2_May26.pdf; english_policy https://www.actb.com.au/wp-content/uploads/2026/05/BSB60120_AdvancedDiplomaofBusiness_Flyer_V.2_April26.pdf; fee_schedule https://www.actb.com.au/enrolment-form-online-second/; fee_schedule https://www.actb.com.au/international-students-fees-offshore-applicants/; fee_schedule https://www.actb.com.au/wp-content/uploads/forms/ACTB%20Request%20for%20Cancellation%20-%20with%20refund%20form_v1.1_Oct2025.pdf; intake_calendar https://www.actb.com.au/c3cc-c4km-dhm/; intake_calendar https://www.actb.com.au/c4km-dhm/; intake_calendar https://www.actb.com.au/course-dates/; intake_calendar https://www.actb.com.au/wp-content/uploads/2021/03/ACTB%20-%20Student%20Handbook%20-%20International%20-%20March%202021.pdf,2 + 0 delivery,20 / 23,"1 rebound (105019E to /graduate-diploma-of-management/, was online-only variant)",No tuition fee; Cert III Business and IELTS Preparation have no page,Read the attached calendar; fees need a source,C10.md,2026-10-05 22:27
Australian College of Vocational Education and Training Pty Ltd,e500f9d4-3b1a-418d-9c1d-5a97b440efd7,AU,https://www.acvet.edu.au/,admitting,delivery; fee; intakes,course page with international panel (Duration N weeks Fee) beside domestic panels,course page months (11 agree),course page annual (52 weeks or less); longer whole-programme / years; international panel only,not published,on_campus; 3 pages placeholder blended text not read,campus; course_years; duration; fee; fee_total; intakes; mode,intakes; fee; fee_total+course_years; mode; duration; campus; pattern keyed on single-figure Duration N weeks Fee,-,7 + 2 delivery,13 / 14,0 rebound,"114887H bound to carpentry page; domestic panels ($2,699 etc.) must not be read",-,C46.md,2026-10-06 05:44
AUSTRALIAN EDUCATION EXCELLENCE CENTRE PTY LTD,242f7311-dd2e-443e-8e61-d80d54f06d9c,AU,-,admitting,delivery; english; fee,"page with ""Duration 52 Weeks Fee $14,750.00""",not published,"course page whole-course total / weeks (Diploma all-inclusive 14,750 used as printed)",course page (5 agree),delivery -> on_campus (5),campus; course_years; duration; fee_total; ielts_overall; mode,fee_total+course_years; duration; mode; campus; ielts_overall,-,0 + 0 delivery,5 / 5,-,"Catalogue wrong: general reader put 14,750 on Diplomas; Security (18 days, $999) no annual fee",-,D5.md,2026-10-05 22:41
Australian Engineering College Pty Ltd,9852160e-3056-4f9c-9da8-34f28d9f898f,AU,https://aecollege.vic.edu.au,admitting,delivery,-,-,-,-,-,course_years; duration; entry_requirement; fee; fee_total; location; mode,-,-,1 + 0 delivery,11 / 12,-,-,-,register (before night run),2026-10-06 06:37
Australian Federation College,15f34922-8963-4bbb-ab01-0e5df0c231b3,AU,https://www.afcollege.edu.au,admitting,english; fee,"course page with Tuition Fees AUD, duration, IELTS and Face to Face & Online; Intake Dates menu link only",not published,course page whole-course total / (weeks/52); enrolment and material fees left out,course page (15 agree),"14h f2f + 6h online weekly -> required mix, on_campus_and_online, not admitted (Face to Face & Online x14; Face to Face x2)",course_years; duration; entry_requirement; fee_total; ielts_overall; mode,fee_total+course_years; mode; duration; ielts_overall; entry_requirement,-,0 + 0 delivery,16 / 17,0 rebound,catalogue holds CRICOS whole-course totals; delivery is a required mix; 116758A General English not read,Decide on required face-to-face plus online mix delivery,C29.md,2026-10-06 00:11
Australian Global College Pty Ltd,041943fc-f5c7-4fe8-b429-2cf67d1d139e,AU,https://www.agc.edu.au,admitting,delivery; english,"page with IELTS/TOEFL/PTE, delivery, duration","central calendar page (Academic Calendar menu, URL not stored)","central fees page (Fees Schedule menu, URL not stored)","course page (5.5, 8 of 10)",face-to-face (20 hours per week) -> on_campus (6 of 10),duration; entry_requirement; ielts_overall; mode,ielts_overall; duration; mode; entry_requirement,-,0 + 0 delivery,10 / 12,-,"Fee and calendar menu pages not in stored text, no URL guessed; 2 identity mismatches (105266A, 093164K)","Capture menu links, attach as intake_calendar and fee sources",C56.md,2026-10-06 06:07
Australian Health and Science Institute Pty Ltd,c670e0b0-daa4-4cf2-ae02-b5a2768457b2,AU,http://www.ahsi.edu.au,admitting,delivery; english,course page,stale year (intakes only in a news post),not published (2024 international fee PDF held is stale),course page (IELTS 5.5 / 6.0 on 14),Face-to-Face -> on_campus (16); Blended -> blended (1),aqf_level; campus; duration; entry_requirement; ielts_overall; mode,ielts_overall; mode; campus; duration; aqf_level; entry_requirement,english_policy https://ahsi.edu.au/elicos-english-courses/; english_policy https://ahsi.edu.au/wp-content/uploads/2020/03/English-Language-Proficiency-Requirements-v1.1-1.pdf; english_policy https://ahsi.edu.au/wp-content/uploads/2020/03/English-Language-Proficiency-Requirements-v1.1.pdf; fee_schedule https://ahsi.edu.au/wp-content/uploads/2020/02/AHSI-Student-Handbook-V-4.8.pdf; fee_schedule https://ahsi.edu.au/wp-content/uploads/2023/12/AHSI-fees-2024-International-Students-231219.pdf; fee_schedule https://ahsi.edu.au/wp-content/uploads/2025/10/Application_for_Enrolment_International_Students_V9.7-251023.pdf; intake_calendar https://ahsi.edu.au/; intake_calendar https://ahsi.edu.au/wp-content/uploads/2025/03/AHSI-Application-for-Enrolment-Domestic-Students-250313.pdf; intake_calendar https://ahsi.edu.au/wp-content/uploads/2025/10/Application_for_Enrolment_International_Students_V9.7-251023.pdf,0 + 0 delivery,18 / 21,0 rebound,"3 identity mismatches (113485A, 089593A, 111824C); 111823D bound to /university-pathways/",Fees and dates need a current source,C16.md,2026-10-05 23:00
Australian Institue of Engineering,cd9bcf6b-6da5-4527-937b-737e7a974c34,AU,https://www.auie.edu.au,admitting,delivery; fee,"Course pages print tuition fee, weeks after CRICOS code, AIE Campus, English requirement; intakes on landing page only",course page months (12 dated starts on 120805J landing page only; not admitted),"course page whole-course total / years (22,000/102 wks; 26,000/120 wks); 120805J prints deposits only",course page: IELTS 6.5 on 1 page only; not admittable,On campus - classroom-based / AIE Campus -> on_campus,campus; course_years; fee_total; ielts_overall; intakes; mode,fee_total+course_years (weeks/52); campus; mode; intakes; ielts_overall (text-only),-,4 + 1 delivery,4 / 4,website set https://www.auie.edu.au; no rebinds,"Catalogue holds whole-course tuition (catalogue wrong); pages show one price for domestic and international, treated as international",Decide on 120805J fee (own total only on mem80125 page; rebind?),D17.md,2026-10-06 05:13
AUSTRALIAN INSTITUTE FOR SKILLS AND HIGHER EDUCATION (AISHE),45b53512-602e-4651-8da3-134d2d1e8803,AU,https://www.aishe.edu.au,admitting,delivery; fee,"page anchored on ""CRICOS Code: 117420H""; totals equal register",not published,course page whole-course total / weeks (42-week = one-year rule),course page (1 agree); english excluded for 120364G,delivery read (3),course_years; duration; entry_requirement; fee; fee_total; ielts_overall; mode,fee; fee_total+course_years; duration; ielts_overall; mode; entry_requirement; {code} anchoring; non-tuition $750 left out,-,3 + 1 delivery,4 / 4,Rebound 117420H from automotive listing to Cert IV page; 1 re-read,Catalogue holds whole-course register totals (3 wrong),-,D9.md,2026-10-05 23:00
AUSTRALIAN INSTITUTE OF BUSINESS AND TRADE PTY. LTD.,39bfbd99-47f4-41fd-8e20-217ab94b262b,AU,https://www.abcinstitute.edu.au,admitting,delivery; english,"course page with delivery, duration and IELTS only",not published,not published,course page (11 agree),course page wording (face to face) -> read on 11 pages,duration; entry_requirement; ielts_overall; mode,duration; mode; IELTS; entry_requirement,-,0 + 0 delivery,11 / 17,Website set https://www.abcinstitute.edu.au; 0 rebound,"5 courses have no page (117537F, 121300D, 121301C, 121302B, 121303A); General English identity mismatch",Find pages for 5 courses and fee and intake sources,C31.md,2026-10-06 05:22
Australian Institute of Design & Construction Pty Ltd,fb0c76e5-0d06-41e7-821f-8ce8b8cd4a2e,AU,https://www.aidc.edu.au,admitting,delivery; english; fee,"page with Tuition Fee, Duration (study + break weeks), Delivery Mode, IELTS",not published,course page whole-course total / weeks (non-tuition left out),"course page (6.0, 5 agree)","Face-to-face, on campus -> on_campus (5)",campus; course_years; duration; entry_requirement; fee_total; ielts_overall; mode,fee_total+course_years; duration; campus; mode; ielts_overall; entry_requirement,-,0 + 0 delivery,5 / 5,-,No links stored,-,D5.md,2026-10-05 22:39
Australian Institute of Language and Further Education,9b833af0-5ac9-4764-9266-318e81641f1c,AU,http://www.ailfe.wa.edu.au,admitting,delivery; english,course page,not published,not published,course page (IELTS 6.0 / 5.0 on 23),Face-to-face sessions in the classroom -> on_campus (24),duration; entry_requirement; ielts_overall; mode,duration; mode; ielts_overall; entry_requirement,english_policy https://www.ailfe.wa.edu.au/; english_policy https://www.ailfe.wa.edu.au/dip-comm-services; english_policy https://www.ailfe.wa.edu.au/enrolment-procedure; fee_schedule https://www.ailfe.wa.edu.au/futuredownloads; fee_schedule https://www.ailfe.wa.edu.au/policies-and-procedures; fee_schedule https://www.ailfe.wa.edu.au/price-list; intake_calendar https://www.ailfe.wa.edu.au/; intake_calendar https://www.ailfe.wa.edu.au/enrolment-procedure; intake_calendar https://www.ailfe.wa.edu.au/futuredownloads,0 + 0 delivery,24 / 26,"0 rebound (older codes 112273K, 109262F; newer 120294E, 120547M hold pages)",No fee or dates; 1 needs_render (112273K bound to automotive listing); 1 identity mismatch,Fees and dates need a source,C6.md,2026-10-05 22:25
Australian Institute of Tertiary Education,10bcc63b-34d2-46be-8701-48505d68adea,AU,https://aite.vic.edu.au,admitting,delivery; english,"Course pages print programme fee, duration, delivery, IELTS; no intakes",not published,"course page whole-course total / years (12,519 on 54 wks; 11,030 on 66 wks); differs from catalogue 13,000 and 14,000, not admitted",course page: IELTS 6.0,Face to Face -> on_campus,course_years; duration; entry_requirement; fee_total; ielts_overall; mode,fee_total+course_years; duration; mode; ielts_overall; entry_requirement,-,0 + 0 delivery,4 / 4,website set https://aite.vic.edu.au,"Admitted on 2 of 4 pages; other 2 share pages by title with a second CRICOS code; admission/material fees (250, 500) left out","Decide whether 54 weeks counts as one year (then 13,000 and 14,000); match second CRICOS codes",D14.md,2026-10-06 00:07
Australian Institute of Trade & Training Pty Ltd,92c66aa6-8004-45b0-a92f-6d76905b2e5f,AU,https://aittcollege.com.au,admitting,fee,"Course pages print Tuition Fee, enrolment and material fees; no dates",not published,"course page whole-course total / years (12,000/(58/52) = 10,758.62; 12,000/(64/52) = 9,750); not labelled international",course page: IELTS 6.0 (held from earlier reading),-,course_years; duration; fee_total,fee_total+course_years; duration,-,0 + 0 delivery,2 / 2,website set https://aittcollege.com.au,"Catalogue 11,500 and 12,000 whole-course (wrong); enrolment 600 and material 500 left out",Find intakes page,E10.md,2026-10-06 06:04
Australian International College of Skills & Education Pty Ltd,70b6688c-2ca3-49cd-8eb8-9f35297d6c35,AU,-,admitting,delivery,course page; pages on aicse.edu.au (no website on record),not published,not published (contact admissions team),course page (IELTS 6 on 23 but surrounding text unseen; not admitted),Face-to-face classroom-based learning and work-based -> on_campus (24),duration; ielts_overall; mode,mode; duration; ielts_overall (text-only),none (no stored links),0 + 0 delivery,24 / 25,-,"Catalogue holds only PTE 50; builder blocks cut before IELTS text, general reader marked unclear; 1 identity mismatch (113659F)",Capture an Entry Requirements block to confirm IELTS before admitting english,C9.md,2026-10-05 22:18
Australian International Institute of Technology,98136a88-83e5-4afa-9f5a-ba01dcdc540b,AU,https://www.aiit.vic.edu.au,admitting,delivery,course page; start dates filled by browser,"render needed; plain copy shows stale 2025 dates; rendered shows 12 Oct, 9 Nov, 14 Dec 2026","central fees page (https://www.aiit.edu.au/courseFees.php, not attachable)",not published (no number),delivery -> on_campus (13 of 13),campus; duration; entry_requirement; intakes; mode,"intakes (2026/27 dates only, pattern tightened); mode; duration; campus; entry_requirement","Fees page https://www.aiit.edu.au/courseFees.php (kinds do not fit: english_policy, intake_calendar)",0 + 0 delivery,13 / 13,-,"Stale year dates in plain text read as March for all; render attempt wiped readings and parked at 1 Nov, so page_view removed; ~13 credits queued unspent","Run rendered read of 13 pages (page_view render, url_pattern aiit\.edu\.au/courses/, wait 3000)",C50.md,2026-10-06 06:24
"Australian Learning Group, EDU English",c433c71e-7ffd-4603-bfc7-06bc0a849bb4,AU,https://alg.edu.au/,admitting,delivery; english; intakes,course page,"course page months (Intakes January, April, July, October)",central fees page (Course Fees schedule; not attachable kind),"course page (IELTS 6.0, 5.5 on 18)","Classroom, Structured Online Learning and Work Placement -> on_campus_and_online (18)",duration; entry_requirement; ielts_overall; intakes; location; mode,intakes; ielts_overall; mode; location; duration; entry_requirement,english_policy https://alg.edu.au/application-process/; english_policy https://alg.edu.au/docs/alg_is_englishrequirements.pdf; english_policy https://staging.alg.edu.au/application-process/; fee_schedule https://alg.edu.au/course-fees/; fee_schedule https://alg.edu.au/scholarships/; fee_schedule https://alg.edu.au/wp-content/uploads/2026/06/STU-08-Fees-and-Refunds-Policy-and-Procedure-V2.0.pdf; intake_calendar https://alg.edu.au/important-dates/; intake_calendar https://alg.edu.au/wp-content/uploads/2026/07/ALG-Timetable.pdf; intake_calendar https://staging.alg.edu.au/important-dates/,0 + 0 delivery,18 / 26,1 rebound (095789E Diploma of Community Services: support-centre article -> /course/diploma-of-community-services/),"7 identity mismatches (careers/yoga pages bound to business/massage courses); business, massage, sport, ALG General English have no course page",Fees on central schedule need a decision; re-read done,C7.md,2026-10-05 22:21
Australian Management College Pty Ltd,a22fe017-90f3-4801-afad-c29f89509ee3,AU,http://www.amc.qld.edu.au,admitting,delivery; english,"Course pages print IELTS, delivery; Grad Dip prints intakes","course page months (Grad Dip Jan/Apr/Jul/Oct; GE any Monday); 1 of 3, not admitted",not published (Diploma of Business: contact us),course page: IELTS 5.5; 6,Face-to-face -> on_campus,duration; ielts_overall; intakes; mode,mode; ielts_overall; intakes; duration,-,0 + 0 delivery,3 / 3,none,Intakes on 1 of 3 pages,Find fees page,E3.md,2026-10-06 05:42
"Australian National Academy of Education, Ridge International College",9ef5bb2c-f3db-4a0d-ba90-97f0bc5ac1cb,AU,https://ridge.edu.au,admitting,delivery; english; fee; intakes,course page: Upcoming Intakes dd/mm/yyyy; Tuition Fee $N whole course,numeric dates (dd/mm/yyyy converted to month names via term_months),course page whole-course total / weeks (application and resources fees excluded; not labelled international),course page (IELTS 6.0 on 15),classroom-based; face to face -> on_campus (12),course_years; duration; entry_requirement; fee_total; ielts_overall; intakes; location; mode,term_months; intakes with term_months (mm/yyyy 2026-2027); fee_total+course_years; ielts_overall; mode; location; duration; entry_requirement,-,0 + 0 delivery,20 / 21,website set https://ridge.edu.au,"Shared-page duplicates (111678H, 111681B, 113087D, 111718E) get no readings; 111680C older code shares page; general reader held 12,000 for 105414E","Fee unlabelled international, admitted on CRICOS-page basis",C17.md,2026-10-05 23:00
Australian National Institute of Business & Technology,5ff1c015-1afb-452f-bc36-de8098f6066a,AU,https://www.anibt.edu.au,admitting,delivery; english; intakes,course page; delivery list marks Classroom modes available for INTERNATIONAL STUDENTS,"course page months (January Term 1, April Term 2, July Term 3, October Term 4)","not labelled international (Cost $14,000 tuition fee; Up to 24 months; next to domestic wording)",course page (IELTS table on 15),Classroom: Face to Face Delivery -> on_campus (17),duration; entry_requirement; ielts_overall; intakes; location; mode,intakes; ielts_overall; mode; location; duration; entry_requirement,-,0 + 0 delivery,18 / 21,website set anibt.vic.edu.au -> https://www.anibt.edu.au,Delivery list includes online/virtual options not available to international students; 1 identity mismatch (099139G),Decide the unlabelled fee (same as ECA),C15.md,2026-10-05 22:56
"Australian Pacific College, Southern Cross High School, English Unlimited Sydney, English Unlimited Melbourne",658d593d-cd4a-4940-9927-0d471776284e,AU,https://www.apc.edu.au,admitting,fee,Fees panel shows domestic then international figure; Study Length 'Full Time: N terms'; unlabelled Start Dates on VET pages; ELICOS session dates,"course page months (VET: one unlabelled next-start date, international label added in browser; ELICOS session dates read correctly; General English rolling Mondays)",course page whole-course total / years (second figure = international; conventions by terms),not published (APC uses own English level test),VET raw text 'On Campus Online Blended' with no view label; ELICOS 'On Campus' -> on_campus (5 pages); not admitted,campus; course_years; duration; entry_requirement; fee; fee_total; intakes; mode; not_admitting,"fee, fee_total+course_years (4 terms=1 year; 3 terms=9 months total is annual; 2 terms x2; 6 terms /1.5), intakes, mode, duration, campus, entry_requirement, not_admitting; title_strip/course_title_strip",english_policy https://www.apc.edu.au/apply/requirements/; english_policy https://www.apc.edu.au/course/certificate-iv-in-leadership-and-management/; english_policy https://www.apc.edu.au/wp-content/uploads/files/APC-Policy-LanguageLiteracyNumeracy.pdf; fee_schedule https://www.apc.edu.au/study/; fee_schedule https://www.apc.edu.au/wp-content/uploads/2025/06/Schedule-of-Administrative-Non-Tuition-Fees-v1.6RAPC_EU_APCDSMay-2025.pdf; fee_schedule https://www.apc.edu.au/wp-content/uploads/files/APC-EU-Schedule-AdministrativeFees.pdf; intake_calendar https://www.apc.edu.au/apply/dates/; intake_calendar https://www.apc.edu.au/wp-content/uploads/2024/10/2025-APC-Academic-Calendar.pdf; intake_calendar https://www.apc.edu.au/wp-content/uploads/2025/07/2026-APC-Academic-Calendar_v4.0.pdf,3 + 0 delivery,46 / 62,3 rebound (Adv Dip Cyber Security; General English; IELTS Preparation); no website change,Catalogue holds whole-course totals as fee on 5 courses; 1 genuine differ (Cert IV TAE); international toggle label added in browser so intake not confirmable; ~15 courses no own page (likely discontinued),"Decide whether a single unlabelled next-start date counts for internationals, or render the toggle (not an address parameter so page_view cannot select it)",B14.md,2026-10-05 23:04
Australian Pacific International College,377e69c7-4856-4aec-bc10-dc557e316990,AU,https://www.apic.edu.au,admitting,english; fee,-,-,-,-,-,course_years; duration; entry_requirement; fee_total; ielts_overall; mode,-,-,3 + 1 delivery,6 / 12,-,-,-,register (before night run),2026-10-06 06:36
Australian Performing Arts Conservatory,310f6537-ef7e-4e76-8697-30b06fa2af6c,AU,https://www.apac.edu.au,admitting,delivery; english; fee; intakes,-,-,-,-,-,campus; duration; entry_requirement; fee; ielts_overall; intakes; mode,-,-,0 + 0 delivery,3 / 11,-,-,-,register (before night run),2026-10-06 06:38
Australian Polytechnic College,ea997ef3-7b06-4fdd-89c4-d0eba2294382,AU,https://australianpolytechnic.edu.au,admitting,delivery,"course page facts line: Duration, Locations, Delivery method, Intakes",not published; Subject to availability,not published; contact APC,not published; assessed before enrolment,Blended learning -> blended (14); Face-to-face -> on_campus (1),duration; entry_requirement; location; mode,mode; duration; location; entry_requirement,-,0 + 0 delivery,18 / 18,Website set https://australianpolytechnic.edu.au; 0 rebound,two Diploma of Accounting pages shared by two codes each did not read,Find fee and IELTS sources,C28.md,2026-10-06 00:12
Australian Professional Skills Institute,ec4594c0-b71d-4c8d-8226-b6ee1c22a908,AU,https://apsi.edu.au,admitting,delivery,page with fee tabs (browser-rendered amounts); calendar on separate page,"central calendar page (Academic Calendar, link not stored)","behind toggle/render (Australian/Domestic vs International tabs, amounts not in text)",not published,on campus on 6 of 10; 4 print study load only -> on_campus,duration; entry_requirement; mode,mode; duration; entry_requirement,-,0 + 0 delivery,10 / 13,Website changed from https://www.apsi.wa.edu.au to https://apsi.edu.au,Fee amounts JS-rendered; 113105G and 118723G share a page,Find Academic Calendar URL; render fee tab,C52.md,2026-10-06 06:11
Australian School Of Commerce,2a19027e-51e9-4bb3-8aec-0d22372e844c,AU,https://www.asoc.edu.au/,admitting,delivery; fee,"page with Tuition Fee, weeks, Mode of Delivery",not published,course page whole-course total / weeks,not published,on campus (9; 3 building pages print none) -> on_campus,course_years; duration; entry_requirement; fee_total; mode,fee_total+course_years; duration; mode; entry_requirement,-,0 + 0 delivery,12 / 12,-,"Catalogue holds whole-course tuition; short course annualised (20,000 over 30 weeks = 34,667) flagged",Review short-course annualisation,C57.md,2026-10-06 06:07
"Australian Skills Management Institute, Australian Skills Management Institute NSW",c43d620a-4b3b-47fa-b7e2-353edc820790,AU,https://www.asmitraining.edu.au,admitting,delivery,course page; international DELIVERY MODE block ending BROCHURES International; domestic funded fees not read,stale year (only some pages and only 2024 dates),not published (international); domestic funded/work-based fees not read,not published (only list of accepted tests),Brisbane (Classroom Based) Classroom & Workplace Based -> on_campus (12),campus; duration; entry_requirement; mode,mode; campus; duration (international DELIVERY MODE block only); entry_requirement,english_policy https://asmitraining.edu.au/courses/category/english/; english_policy https://asmitraining.edu.au/courses/ielts-preparation-course/; english_policy https://asmitraining.edu.au/test-course/; fee_schedule https://asmitraining.edu.au/wp-content/uploads/2024/07/International%20Brochures%20-%20CHC50121%20DIPLOMA%20of%20Early%20Childhood%20Education%20and%20Care%20(SYD)%20V.4.pdf; fee_schedule https://asmitraining.edu.au/wp-content/uploads/2025/07/P03-Refund-Policy-and-Procedure-V4.1-250525.pdf; fee_schedule https://asmitraining.edu.au/wp-content/uploads/2025/07/P16-Student-Transfer-Policy-and-Procedure-V4.0-260525.pdf; intake_calendar https://asmitraining.edu.au/; intake_calendar https://asmitraining.edu.au/wp-content/uploads/2025/09/BSB80120-Graduate-Diploma-of-Management-Learning-International-Brochures.pdf,0 + 0 delivery,19 / 21,0 rebound,"2 identity mismatches (119771B, 106953C) look like superseded codes (newer 106952D, 118897G confirmed)",Fees and current dates need a source,C16.md,2026-10-05 22:55
Australian Sovereign College,496cda02-c474-41f7-9358-3cf435164dc7,AU,https://ausc.edu.au,admitting,english,Course pages; fees and dates behind 'Fees and Intake Dates' button,not published; behind button,not published; behind button,course page,'delivered in the classroom' not normalised; not admitted,campus; duration; entry_requirement; ielts_overall; mode,ielts_overall; duration; campus; mode; entry_requirement,english_policy https://www.ausc.edu.au/course/bsb50420; english_policy https://www.ausc.edu.au/courses?category=Building%20Trades; english_policy https://www.ausc.edu.au/courses?category=ELICOS; fee_schedule https://www.ausc.edu.au/handbook/AuSC-International-Student-Handbook-V2.pdf; fee_schedule https://www.ausc.edu.au/student/forms; fee_schedule https://www.ausc.edu.au/useful-links; intake_calendar https://www.ausc.edu.au/; intake_calendar https://www.ausc.edu.au/make-payment,0 + 0 delivery,25 / 28,0 rebound; no website change,Button target URL not stored; 2 needs_render; CHC33021 has placeholder CRICOS 111111A and copied entry block,Find fee/intake source or add 'classroom' to delivery normaliser,C3.md,2026-10-05 21:58
Australian Study Link Institute,809f94a4-a6c0-45bd-8fc6-4f1d1e3f8ea6,AU,https://www.asli.vic.edu.au,admitting,delivery; fee,page with Tuition Fees and weeks; CRICOS course pages,not published,course page annual (38/40/52 wks = one academic year; longer = total over weeks); not labelled international,not published,Classroom based Face to Face -> on_campus,course_years; duration; fee; fee_total; mode,fee; fee_total+course_years; mode; duration,-,1 + 1 delivery,12 / 12,-,Catalogue holds whole-course tuition for 6 long courses,-,C59.md,2026-10-06 06:07
Australian Technical College Western Australia,250ee771-fce2-47e0-86aa-235d4a4235c4,AU,https://atc.wa.edu.au,admitting,delivery; english; fee; intakes,course page: Fees Applicable Tuition Fee AUD N; dates and English printed on each page; not labelled international,course page months (Jan/Apr/Jul/Oct),course page whole-course total / weeks (not labelled international; CRICOS course pages),course page (average band 6.0 on 16),on campus (16),course_years; duration; entry_requirement; fee_total; ielts_overall; intakes; mode,intakes; fee_total+course_years; ielts_overall; mode; duration; entry_requirement (text-only),none (dates and English on each page),5 + 2 delivery,19 / 21,website set https://atc.wa.edu.au,"111776F catalogue 6,000 is the 26-week option; 113480F, 115363F share a page; 117230C bound to ELICOS overview (per-week fees)","Re-read 107290G current page; fee unlabelled international, admitted on CRICOS-page basis",C17.md,2026-10-05 23:03
Australian University College of Divinity,11e427cd-da7a-4f6f-b18a-99426b4d3b25,AU,https://www.aucd.edu.au,admitting,english,"Own course page per CRICOS code; no dates, fee or delivery printed","not published; Key Dates page exists, URL not stored","central fees page (2025 only, not current)",course page; IELTS read on 38 of 41,Not printed,entry_requirement; ielts_overall,"ielts_overall; entry_requirement (wording varies, not admitted)",english_policy https://aucd.edu.au/courses/master-of-divinity-korean/; english_policy https://aucd.edu.au/courses/master-of-philosophy/; english_policy https://aucd.edu.au/home/future-students/apply/entry-pathways/; fee_schedule https://aucd.edu.au/home/future-students/fee-information/; fee_schedule https://aucd.edu.au/home/future-students/international-students/important-information/; fee_schedule https://aucd.edu.au/home/future-students/international-students/student-visas/,0 + 0 delivery,41 / 41,0 rebound; no website change,Fees only on central 2025 page; Key Dates URL not evidenced; 3 postgraduate courses not read,Attach 2026/2027 fee schedule and key dates when URLs appear in stored links,B27.md,2026-10-06 05:17
Australian University of Theology Limited,95a1f220-4617-4ea1-81e5-b50debd72404,AU,https://www.actheology.edu.au,admitting,english,Course pages /course/<CODE>20/; Online Course icon plus approved colleges list,not published (colleges set intakes),domestic only (per semester),"course page (e.g. 6.5, 7.5)",Unclear: every page shows Online Course icon plus colleges list; not read,course_years; duration; entry_requirement; ielts_overall,ielts_overall; duration; course_years; entry_requirement,english_policy https://www.actheology.edu.au/admissions-institution/; english_policy https://www.actheology.edu.au/course/DIPCS20/; english_policy https://www.actheology.edu.au/course/mth20/; fee_schedule https://www.actheology.edu.au/admissions-institution/; fee_schedule https://www.actheology.edu.au/course/MDIV20/; fee_schedule https://www.actheology.edu.au/course/mth20/,0 + 0 delivery,11 / 29,0 rebound; no website change,13 courses bound to myportal policy PDFs and 5 to wrong pages,Decision: rebind to /course/<CODE>20/ pages,C2.md,2026-10-05 21:55
Australian Virtus Institute,35407eda-d159-4954-b22e-be84f28453d2,AU,https://www.avi.edu.au,admitting,english,"course page with IELTS, duration, campus and delivery on 4 pages",not published,not published,"course page (15 agree: 5.5, 6.0, 5.0)",blended environment (classroom and supervised study) -> blended (3); Face to face -> on_campus (1); only 4 of 16 pages,campus; duration; ielts_overall; mode,mode; duration; ielts_overall; campus,-,0 + 0 delivery,16 / 17,0 rebound,delivery wording on only 4 of 16 pages so not admitted,Find fee and intake sources,C29.md,2026-10-06 00:12
"Australis Business School, Australis Research School, Australis Education School, Australis Health School",20957823-3db4-4ab6-8706-91a9efeac7b1,AU,https://www.australis.vic.edu.au,admitting,delivery; fee,course page with International Yearly fee or 2-year total column,"central calendar page (nav ""Intake Dates"", URL not stored)",course page annual (International Yearly fee) / two-year total over 2,"central english page (Admission Requirements, URL not stored)",delivery read on 2,aqf_level; campus; course_years; duration; fee; fee_total; mode,fee; fee_total+course_years; campus; mode; duration; aqf_level,-,0 + 0 delivery,4 / 5,-,"Earlier generic reading was a semester fee (14,000); Master of Teaching bound to policies page",Capture Intake Dates and Admission pages,D1.md,2026-10-05 21:54
Auswide College,a0f3a7d0-846b-4118-a456-7bf8e53b6794,AU,https://auswidecollege.edu.au,admitting,delivery; english; fee,course page: tuition only (enrolment and material left out),not published,course page whole-course total / weeks,"course page (IELTS 6.0, no band under 5.5 on 18)",mode read on 17 (wording not given),campus; course_years; duration; entry_requirement; fee_total; ielts_overall; mode,fee_total+course_years; duration; mode; campus; ielts_overall; entry_requirement,none,0 + 0 delivery,18 / 18,-,"Catalogue wrong on 6 (110905K 24,000 vs 16,000; 114102B, 114103A 20,000 vs 13,333; 120665E 14,400 vs 9,600; 110906J, 120342B 12,000/26 wks vs 24,000); 121023J no duration",Correct the catalogue for the 6 courses,C26.md,2026-10-06 00:17
Avalon College Australia,87706f17-952e-44ad-977d-a3edbc870b3d,AU,https://aca.edu.au,admitting,english; fee,"Course pages print tuition, IELTS; application ($200) and resources ($1,600) separate; no intakes",not published,"course page whole-course total / years (12,000; 12,000; 12,000; 10,200)",course page: IELTS 6.0,required blend face-to-face + supervised online -> not read,course_years; entry_requirement; fee_total; ielts_overall,ielts_overall; fee_total+course_years; entry_requirement,none needed,0 + 0 delivery,4 / 4,website set aca.edu.au,Catalogue holds only whole-course totals (catalogue wrong),Find intake and delivery pages,D16.md,2026-10-06 00:08
Aventia Institute Pty Ltd,c33ab783-ac3e-43a6-b00d-ce9ac4356ec5,AU,https://www.aventia.edu.au,admitting,delivery; english,Study Mode block; 14 pages use a different layout without it,not published ('Refer to the Institute's Academic Calendar'),not published,course page (6.0 on 35),Classroom based - face to face -> on_campus; 'classroom' variants not read,campus; duration; entry_requirement; ielts_overall; mode,duration; mode; campus; ielts_overall; entry_requirement,english_policy https://aventia.edu.au/ahc20422/; english_policy https://aventia.edu.au/bsb80120-graduate-diploma-of-management-learning/; english_policy https://aventia.edu.au/general-english/; fee_schedule https://aventia.edu.au/esos-framework/; fee_schedule https://aventia.edu.au/wp-content/uploads/2021/08/Fee-Schedule-Jul-2021.pdf; fee_schedule https://aventia.edu.au/wp-content/uploads/2022/04/International-Student-Handbook-.pdf,0 + 0 delivery,36 / 37,0 rebound; no website change,No fee or start dates; no calendar/fees URL in stored links; delivery missing on 14 pages,Platform Admin to supply calendar and fees page URLs,B35.md,2026-10-06 06:05
Avir Institute of Skills Pty Ltd,b90fc780-4b47-446d-83c2-54f0784072a1,AU,https://www.avir.net.au,admitting,delivery; english; fee,"page with Tuition Fees, delivered over N weeks, IELTS, delivery",not published (button text only),course page whole-course total / weeks,"course page (6, 10 agree)",delivery -> on_campus (12 of 12),course_years; fee_total; ielts_overall; mode,fee_total+course_years; ielts_overall; mode,-,1 + 0 delivery,12 / 13,Website set https://www.avir.net.au,"Shared page: 118975J reading (9,333.33) from Management page, likely wrong; IELTS 52 and 60 are PTE noise",Rebind 118975J to own page or exclude,C54.md,2026-10-06 06:06
Avondale University,fd815678-46ec-49f1-bcc4-ac9b5880d76c,AU,https://www.avondale.edu.au,admitting,english,course page; Study Mode is a single domestic + international view; Fees & costs link only,not published (Semester 1/2 structure only),not published (Fees & costs link; VET pages Full fee-paying),course page (IELTS 7.5 / 7.0 / 6.5 on 16),"On campus; On campus, Off campus -> shared with domestic; not admitted",campus; course_years; duration; ielts_overall; mode,ielts_overall; mode; campus; duration; course_years,none new (english-language-requirements page stored; pages already carry IELTS),0 + 0 delivery,20 / 21,0 rebound,102843H General English no page,Fees and dates need a source,C16.md,2026-10-05 22:56
Baxter Institute,5efb9cee-1dba-4dc6-bfc9-e925f2da41fd,AU,https://www.baxter.vic.edu.au,admitting,delivery; english,course page (/international/ pages); fees in separate Price list,not published (Intake Dates page not stored),not published (Price list here link not stored),course page (IELTS 6.0 on 9),Delivery and Assessment mode Face-to-face -> on_campus (8),duration; entry_requirement; ielts_overall; location; mode; student_type,mode; duration; location; ielts_overall; student_type; entry_requirement,none,0 + 0 delivery,13 / 19,"4 rebound (112009D, 120269F, 117541K, 119322E); re-read sent","120269F hand-bound, no readings; 119154E fetch_failed; 107519B, 107518C, 107517D, 102229H, 109963K no page",Fees and dates need a source; hand-bound pages get no readings (see note),C21.md,2026-10-05 22:56
Bayside International College,792f0f34-b181-4a93-b81a-4c421b654bdb,AU,https://bic.edu.au,admitting,delivery; english; fee,"page with ""Price Tuition Fee: $X"", duration; application/material fees itemised",not published,course page whole-course total / weeks,"course page (6.0, 5 agree)",delivery -> on_campus (3; business pages none),course_years; duration; entry_requirement; fee_total; ielts_overall; location; mode,fee_total+course_years; duration; location; mode; ielts_overall; entry_requirement,-,1 + 0 delivery,5 / 5,Website set https://bic.edu.au,-,-,D6.md,2026-10-05 22:28
"BCCI, BCC Institute",a65aa15f-9269-4554-88c5-695d548a2008,AU,https://www.bcci.edu.au,admitting,english; intakes,Academic Calendar term start dates; college-wide mixed delivery statement,"central calendar page (Academic Calendar term starts: Feb, Apr, Jul, Oct)",course page whole-course total / weeks (7 of 18 pages; not admitted),course page (IELTS on 13),"college-wide mixed delivery, face to face and online -> on_campus_and_online; not admitted",campus; course_years; duration; entry_requirement; fee_total; ielts_overall; intakes; mode,intakes; fee_total+course_years; duration; ielts_overall; mode; campus; entry_requirement,none,3 + 0 delivery,18 / 18,"5 rebound hand-locked (119617A, 118610E, 118737A, 0102061, 0102060); re-read sent","Hand-bound pages not read by apply; 105669D, 107223G no duration pattern; general-reader fees 9,000 or 18,000 may be totals",Re-apply once worker reads hand-bound pages,C26.md,2026-10-06 00:11
Be Qualified,3498789e-4ce8-4020-91b4-b4c46642533f,AU,https://bequalified.edu.au/,admitting,delivery; english; fee; intakes,"course page with intakes, tuition total, delivery and IELTS",course page months (13 agree),course page whole-course total / weeks (tuition only); estimated total cost and non-tuition not read,course page (13 agree),"on_campus (11); Face to Face and Online -> on_campus_and_online (2, kept as printed)",course_years; duration; entry_requirement; fee_total; ielts_overall; intakes; mode,intakes; fee_total; course_years; duration; mode; ielts_overall; entry_requirement,-,1 + 0 delivery,13 / 14,0 rebound; 117787K bound to policies page,entry requirement read but not admitted,-,C43.md,2026-10-06 05:51
Beauty Therapy Training Australia Pty Ltd,e64d1226-fba3-4223-8880-6b706c7a0e47,AU,https://www.techedgecollege.com.au,admitting,delivery; english,-,-,-,-,-,duration; entry_requirement; ielts_overall; mode,-,-,0 + 0 delivery,5 / 11,-,-,-,register (before night run),2026-10-06 06:42
Bentley College,3bad45da-7e87-41e7-9c27-ea3c3fb2aaf6,AU,-,admitting,delivery; english,course page; pages on bentley.edu.au (no website on record),not published,not published,course page (IELTS at least 6.0 / 5.5 on 23),classroom (20 hours per week) -> on_campus (16); Blended -> blended (3); BSB pages print no delivery line,duration; entry_requirement; ielts_overall; mode,ielts_overall; mode (widened once); duration; entry_requirement; AQF dropped (second AQF line),-,0 + 0 delivery,25 / 26,1 rebound (110043G General English: listing -> /general-englishge/); website not set (suggest https://bentley.edu.au),No fee or dates; 1 identity mismatch (109906H bound to Cert IV page),Decide whether to set website https://bentley.edu.au,C7.md,2026-10-05 22:29
Berkeley Business Institute Pty Ltd,6d701a0e-fb46-463a-bcb3-10d59dcc1fbd,AU,https://www.berkeley.edu.au,admitting,delivery; english,course page,rolling/no months (all year round),not published (separate Academic Calendar & Fees page),course page (IELTS 6.0 or equivalent on 16),67% Face-to-face and 33% Online -> blended (11); Face-to-face / Online -> on_campus_and_online (116930E; excluded as unclear choice or mix),duration; ielts_overall; mode,ielts_overall; mode; duration (text-only),none (only /courses-2/ stored; calendar and fees pages not evidenced),0 + 1 delivery,18 / 18,-,-,Calendar and fees URLs needed,C25.md,2026-10-06 00:20
Blue Lotus College,55eb6320-44ac-46b3-b74f-37522b1bebea,AU,http://www.bluelotus.edu.au,admitting,delivery; english,course page with title strip (ELICOS - General English),not published,not published (Tuition Fee Please contact),course page (IELTS 6 on 19),"20 hours per week of face-to-face training -> on_campus (15); 5 hospitality pages use other wording, not read",duration; entry_requirement; ielts_overall; mode,ielts_overall; mode; duration; entry_requirement; title_strip/course_title_strip,english_policy https://bluelotus.edu.au/admissions/pathway-to-university; english_policy https://bluelotus.edu.au/courses/ict50220-diploma-information-technology; english_policy https://bluelotus.edu.au/courses/sit40521-certificate-iv-kitchen-management; fee_schedule https://bluelotus.edu.au/admissions/scholarships; fee_schedule https://bluelotus.edu.au/courses/ict50220-diploma-information-technology; fee_schedule https://bluelotus.edu.au/news/blc-and-aihe-announces-new-packaged-course-pathway-for-international-students; intake_calendar https://bluelotus.edu.au/; intake_calendar https://bluelotus.edu.au/admissions/apply; intake_calendar https://bluelotus.edu.au/notices,0 + 0 delivery,20 / 21,-,121332G bound to Cert IV Disability Support page (no own page stored),Fees and dates need a source,C15.md,2026-10-05 22:54
Bodhi Ltd,fa7081ac-f4f4-482c-a001-edaeb060b235,NZ,https://bodhi.ac.nz,admitting,delivery; intakes,Course pages print Start Dates and Study Mode,course page months (February and July),"not labelled international (2026 tuition $6,325)",not published,"Online, with regular Zoom sessions -> online",duration; intakes; mode,mode; intakes; duration,-,0 + 0 delivery,3 / 3,1 rebound (Bachelor of Teaching to /bachelor-of-teaching-ece),Rebound page printed no values yet,Find fee audience label,E7.md,2026-10-06 05:48
Boston Institute Pty Ltd,1df91340-4622-44e6-b98f-6ed7e2ff8b91,AU,-,admitting,delivery,course page; fees by quotation,rolling/no months (every Monday),not published (by quotation),not published,Face-to-face + Online portal / Face-to-face (CBD) -> on_campus (5),duration; entry_requirement; mode,duration; mode; entry_requirement,-,0 + 0 delivery,5 / 5,Bound 118308M to /courses/business and 111316A to /courses/eap; 1 re-read,-,-,D5.md,2026-10-05 22:22
Box Hill Institute,104f3038-862c-445d-aaf3-b8727ff756f3,AU,https://www.boxhill.edu.au,admitting,english; intakes,International '-i/-ihe' pages vs domestic '-d/-he' pages,course page months,course page annual tuition; catalogue values are all-inclusive estimates,course page (Nursing 7.0 via generic reader),Not printed as a field,campus; duration; fee; ielts_overall; intakes,intakes; fee; ielts_overall; duration; campus,english_policy https://www.boxhill.edu.au/courses/bachelor-of-community-services-bcsv2-ihe/; english_policy https://www.boxhill.edu.au/courses/bachelor-of-hospitality-management-bhm02-ihe/; english_policy https://www.boxhill.edu.au/international-students/international-applications/; fee_schedule https://www.boxhill.edu.au/recognition-of-prior-learning/; fee_schedule https://www.boxhill.edu.au/study-with-us/withdrawals-refunds/; fee_schedule https://www.boxhill.edu.au/tuition-fees-associated-costs/; intake_calendar https://www.boxhill.edu.au/academic-calendars/; intake_calendar https://www.boxhill.edu.au/study-with-us/current-international-students/; intake_calendar https://www.boxhill.edu.au/study-with-us/student-information/,7 + 0 delivery,20 / 37,0 rebound; no website change,15 needs_render pages; many courses on wrong pages; fee held as catalogue is all-inclusive so 90% rule not met,Decision: accept tuition-only fee as correct to admit fee; re-check needs_render pages after re-read,B32.md,2026-10-06 05:42
Brighton College Pty Ltd,41ba8ef3-8d59-4d1e-89bf-95e4db289c26,AU,https://www.brighton.edu.au,admitting,delivery; english,course page; intake dates and fees behind View Intake Dates and View Course Fees links,behind toggle/render (View Intake Dates link),behind toggle/render (View Course Fees link),course page (IELTS 6.0 on 14),"Classroom -> on_campus; Classroom, Self-study, Online -> on_campus_and_online (104718H, 105065K, 111092A, 115207G)",campus; duration; entry_requirement; ielts_overall; mode,mode (Study Mode); campus (Course Location); duration (weeks); ielts_overall; entry_requirement,none,0 + 0 delivery,17 / 18,2 rebound (104718H to /courses/diploma-of-business-business-operations/; 111959K to /courses/general-english/); re-read sent,1 mismatch (105059H),Rendered read that opens intake and fee panels,C24.md,2026-10-06 00:10
Brisbane Institute of Management (BIM),3b34c557-fe4d-4f11-aa4d-3008331c9695,AU,-,admitting,delivery; english; fee,page with total fee and weeks (General English 46 weeks with 6 weeks breaks),not published,course page whole-course total / weeks (General English total = annual),course page (3 agree),delivery -> on_campus (5),campus; course_years; duration; fee; fee_total; ielts_overall; mode,fee; fee_total+course_years; duration; mode; campus; ielts_overall,-,0 + 0 delivery,5 / 5,-,"EAP (22 weeks, $6,000) not read because ""x2"" cannot be expressed",-,D5.md,2026-10-05 22:41
Builders Academy Australia,e4289c20-4843-4795-971c-5acaf6b33572,AU,https://www.buildersacademy.edu.au,admitting,delivery; english,"fees panel ""Tuition Fees: $10,000 / Non-Tuition $750""; ""Delivery Mode: Blended Model supported with LMS""; page also says ""Delivery Model: Study in-person""",not published,course page whole-course total / weeks (tuition only),"course page (3 agree, 2 new)",Blended Model supported with LMS -> blended (5),campus; course_years; duration; entry_requirement; fee_total; ielts_overall; mode; other_requirements,fee_total+course_years; duration; mode; campus; ielts_overall; entry_requirement,-,0 + 0 delivery,5 / 5,Rebound all 5 to /course/cricos-<course> pages; website set https://www.buildersacademy.edu.au; 2 re-reads,"Fee held back: 2 of 3 agree (<90%); 104878C page 15,000 vs catalogue 18,000","Decide Cert III Carpentry page 15,000 vs register 18,000",D7.md,2026-10-05 22:33
Business College Online / Dragon / ACIC / AVI / SCEC (acicollege.edu.au),-,-,-,admitting,english; fee; delivery,"Course page with Study Duration weeks, mode block; Hospitality/IT pages (5) lack mode block","not published on course pages; Intake Dates page exists, no stored link",course page whole-course total / weeks,course page; 6.0,on_campus / on_campus_and_online,-,fee_total+course_years from Study Duration weeks; duration; mode; ielts_overall; location; entry_requirement,- (Intake Dates page not linked),-,-,0 rebound; no website change,6 identity mismatches; 8 fee mismatches could be promo or domestic,Human look at 8 fee mismatches; locate Intake Dates page,C1.md,-
"Business College Online, Dragon College of Business, Australian City International College,Australian Vocational Institute, Sydney City English College",7304f7c0-3097-49a6-a1e2-37b46e4e75ce,AU,-,admitting,delivery; english; fee,-,-,-,-,-,course_years; duration; entry_requirement; fee_total; ielts_overall; location; mode,-,-,9 + 0 delivery,23 / 30,-,-,-,register (before night run),2026-10-05 21:54
Cairns College of English & Business,26eabe05-21e4-4257-9bd2-6c0cf161b23d,AU,https://www.cceb.qld.edu.au,admitting,delivery; english; intakes,"Course pages with intake months, IELTS, mode",course page months (ELICOS pages none),not published,course page,blended,campus; duration; entry_requirement; ielts_overall; intakes; mode,intakes; ielts_overall; duration; mode; campus; entry_requirement,english_policy https://cceb.qld.edu.au/; english_policy https://cceb.qld.edu.au/wp-content/uploads/2021/11/Conditions-of-Enrolment_v1_161121.pdf; english_policy https://cceb.qld.edu.au/wp-content/uploads/2026/03/CCEB-202601-Brochure-Digital-1.pdf; fee_schedule https://cceb.qld.edu.au/wp-content/uploads/2020/10/Cancellation-and-Refund-Policy_v5_150620.pdf; fee_schedule https://cceb.qld.edu.au/wp-content/uploads/2024/10/Price-list-2025-v2.pdf; fee_schedule https://cceb.qld.edu.au/wp-content/uploads/2026/01/Price-list-2026-Discount-SAmerica-SE-Asia-Central-Europe-Italy-Spain-Portugal-v1.pdf; intake_calendar https://cceb.qld.edu.au/courses/english-for-academic-purposes-cricos-093030b/; intake_calendar https://cceb.qld.edu.au/courses/general-english-course/; intake_calendar https://cceb.qld.edu.au/wp-content/uploads/2025/01/VET-CALENDAR-2025-2027.pdf,0 + 0 delivery,22 / 28,0 rebound; no website change,No tuition fee on course pages; 5 identity_mismatch,Find central fee page,C3.md,2026-10-05 21:52
Cambridge College Australia; TradeTech Australia,aaf7a547-1b89-4e17-87cf-1e70d0267cdd,AU,https://www.cambridgeqld.com,admitting,english,page with IELTS; fee behind Open Fee Structure button,"rolling/no months (""a new intake each month"")","behind toggle/render (Open Fee Structure button, separate document)","course page (6.0, 10 of 10)","4 face-to-face; others ""blended delivery mode"" -> blended, not admitted",campus; duration; ielts_overall; mode,ielts_overall; duration; campus; mode,-,0 + 0 delivery,11 / 12,Website not changed (cambridgeqld.com vs cambridgecollege.edu.au),102856C bound to /course/automotive/,Confirm website (separate brand?),C59.md,2026-10-06 06:11
Campbell Institute,91c0f481-f9b8-4c90-9ffd-e4e75391d540,AU,https://www.campbellinstitute.edu.au,admitting,english,-,-,-,-,-,campus; course_years; entry_requirement; fee_total; ielts_overall; mode,-,intake_calendar https://www.campbellinstitute.edu.au/intake/,0 + 0 delivery,10 / 11,-,-,-,register (before night run),2026-10-06 06:47
Canberra College of Management and Technology,391ed8c7-bd08-4184-a8ec-7ee7d2f1ac2a,AU,https://www.ccmtcollege.edu.au,admitting,delivery; english; fee; intakes,international view page (Indicative tuition for international students) with dates printed on page,"course page months (Nov, Feb, May, Aug)",course page whole-course total / weeks (Tuition Fee A$X over N weeks; all 52+ weeks),course page (IELTS 6.0 on 23),On campus + online -> on_campus_and_online (23),campus; course_years; duration; entry_requirement; fee_total; ielts_overall; intakes; location; mode,intakes; fee_total+course_years; ielts_overall; mode; location; campus; duration; entry_requirement,english_policy https://ccmtcollege.edu.au/documents/CCMT-International-Student-Handbook-2026.pdf; english_policy https://ccmtcollege.edu.au/how-to-apply/; english_policy https://ccmtcollege.edu.au/privacy/; fee_schedule https://ccmtcollege.edu.au/accreditation/; fee_schedule https://ccmtcollege.edu.au/documents/CCMT-International-Student-Handbook-2026.pdf; fee_schedule https://ccmtcollege.edu.au/international-students/; intake_calendar https://ccmtcollege.edu.au/courses/business-management/bsb80120-graduate-diploma-of-management-learning/; intake_calendar https://ccmtcollege.edu.au/courses/hospitality-kitchen/sit60322-advanced-diploma-of-hospitality-management/; intake_calendar https://ccmtcollege.edu.au/courses/information-technology/ict50220-diploma-of-information-technology/,0 + 0 delivery,23 / 24,-,"Catalogue wrong on 3 (107495E 24,000, 112990C 24,000, 112992A 32,000 are whole-course totals); 112990C, 112993M, 112997G intake lists not matched; 116922E no page",Check the 3 pages with unmatched date lists,C9.md,2026-10-05 22:18
Canberra Institute of Education and Technology,dec3114b-4dd5-4525-8d08-0140424fc1a7,AU,https://ciet.edu.au,admitting,delivery; english,course page,not published (Intake Calendar nav address not stored),not published,course page (IELTS 6.0 on 17),Delivery: On Campus -> on_campus (17),entry_requirement; ielts_overall; mode,mode; ielts_overall; entry_requirement,none,0 + 0 delivery,18 / 19,website set https://ciet.edu.au,"Spam address (ciet.edu.au/au/best-online-casinos/...) in stored URL list, ignored; chc52025 duplicate no reading",Fees and dates need a source,C23.md,2026-10-06 00:12
Canterbury Business College,c2a6b0bc-fbc9-454a-85f4-bf96dfa1ee7f,AU,https://www.canterburybc.com.au,admitting,fee,"course page with whole-course total, weeks and next intake",rolling/no months; single next intake (October) only,"course page whole-course total / years (e.g. 16,500 / 78 wks = 11,000)",not published,not published,course_years; duration; fee_total; intakes,fee_total; course_years; duration; intakes,-,0 + 0 delivery,12 / 16,0 rebound,"3 courses have no page; 107925K looks like a superseded duplicate code; generic reading of 12,000 on IT pages was a 65-week total",Supply Academic Calendar address,C35.md,2026-10-06 05:25
Canterbury Language Academy,0a2215b3-f7bc-4261-84c2-b37e57519a4e,AU,http://canterburyla.com.au/,admitting,delivery,course page; fee and intake pages dated 2022,rolling/no months (any Monday); stale year,"stale year (2022, not read)",not published,delivery read on 1 course,duration; mode,mode; duration,-,0 + 0 delivery,2 / 5,1 re-read,2 identity mismatches and 1 unbound course remain,Rebind mismatched courses,D1.md,2026-10-05 21:54
Cass Training International College,0cca4a32-4649-4d79-bb46-49cfecf161b9,AU,https://www.ctic.com.au,admitting,delivery; english; fee,course page with Course fees total cost AUD X delivered over 52/78/104 weeks,not published (any available intake),course page whole-course total / weeks; ELICOS pages print no fee,course page (IELTS on 15),mode read on 17 (on_campus_and_online 12; on_campus 5),course_years; duration; entry_requirement; fee_total; ielts_overall; location; mode,fee_total+course_years; ielts_overall; mode; location; duration; entry_requirement,english_policy https://ctic.com.au/cpc50320-diploma-of-building-and-construction-management/; english_policy https://ctic.com.au/fns60217-advanced-diploma-of-accounting/; english_policy https://ctic.com.au/ict50220-diploma-of-information-technology/; fee_schedule https://ctic.com.au/bsb42415-certificate-iv-in-marketing-and-communication/; fee_schedule https://ctic.com.au/wp-content/uploads/2023/01/CTIC-English-Pre-Enrolment-Information-Handbook-International-Jan-2023.pdf; fee_schedule https://ctic.com.au/wp-content/uploads/2023/10/CTIC-Fees-and-Refunds-Policy-and-Associated-Procedures-Oct-2023.pdf; intake_calendar https://ctic.com.au/wp-content/uploads/2021/12/CTIC-Commerce-Timetable_Academic-Calendar-2022-2024.pdf; intake_calendar https://ctic.com.au/wp-content/uploads/2021/12/CTIC-English-Timetable_Academic-Calendar-2022.pdf; intake_calendar https://ctic.com.au/wp-content/uploads/2023/01/CTIC-English-Timetable_Academic-Calendar-2023.pdf,2 + 0 delivery,23 / 25,0 rebound,"Catalogue holds whole-course totals (registered_total_course), so annual figures are catalogue wrong; 107844M, 107845K have no page",Confirm the 113019E/113018F fee exclusions,C7.md,2026-10-05 22:25
CCN Academy,16351859-3dd1-49ca-9ebd-83ebfdd2d1a9,AU,https://www.ccn.edu.au,admitting,english,"Course pages print fee, IELTS, blended delivery; no dates",not published,"not labelled international ($15,250 over 74/78 wks incl. $250 enrolment fee and deposit); not admitted",course page: IELTS 6.0; 5.5,"Blended (Face-to-Face + Online Distance) -> on_campus_and_online, not admitted",course_years; duration; entry_requirement; fee_total; ielts_overall; mode,mode; duration; course_years; fee_total; ielts_overall; entry_requirement,-,0 + 0 delivery,2 / 2,website set https://www.ccn.edu.au,"Catalogue 15,000 whole-course (wrong); fee all-inclusive",Confirm fee audience,E8.md,2026-10-06 05:44
Central Australian College,4b077832-f9b8-428d-a90e-024c9e57f4ca,AU,-,admitting,delivery; english; fee; intakes,"Course page with intake line, tuition, delivery",course page months,course page whole-course total; only 50-54 week courses annualised,course page,Delivery is on campus -> on_campus,campus; duration; entry_requirement; fee; ielts_overall; intakes; mode; not_admitting,fee for one-year courses; duration; intakes; campus; mode; ielts_overall; not_admitting,none (links not indexed),5 + 1 delivery,19 / 30,0 rebound; no website change,"Worker cannot read 'wks' as weeks; 4 courses on wrong pages, 7 unbound",Fix worker 'wks' reading; bind remaining courses,C1.md,2026-10-05 21:59
Central Queensland University,f02d9d9b-0eb2-4f0e-8215-27a36ae63aa6,AU,https://www.cqu.edu.au,admitting,delivery; english; fee; intakes,-,-,-,-,-,campus; duration; entry_requirement; fee; ielts_overall; intakes; mode,term_months,english_policy https://www.cqu.edu.au/study/future-students/your-journey/application-information/english-language-proficiency; english_policy https://www.cqu.edu.au/study/international/entry-requirements; english_policy https://www.cqu.edu.au/study/international/entry-requirements/english-requirements; fee_schedule https://assets.cqu.edu.au/api/public/content/2027-tuition-fees-schedule-international-students-1295437.pdf; fee_schedule https://www.cqu.edu.au/study/course-fees; fee_schedule https://www.cqu.edu.au/study/international/fees; fee_schedule https://www.cqu.edu.au/study/international/fees-scholarships; intake_calendar https://handbook.cqu.edu.au/facet/key-dates; intake_calendar https://www.cqu.edu.au/study/future-students/your-journey/enrol/academic-calendars; intake_calendar https://www.cqu.edu.au/study/international/enquire-apply-accept/key-dates,0 + 0 delivery,88 / 106,-,-,-,register (before night run),2026-10-05 17:23
Charles Darwin University,6f5cb7f7-7c70-4c06-970f-f368c3a786e2,AU,https://www.cdu.edu.au,admitting,delivery; fee; intakes,-,-,-,-,-,aqf_level; campus; duration; entry_requirement; fee; intakes; mode; not_admitting; study_level,term_months,english_policy https://www.cdu.edu.au/international/how-apply/entry-requirements; english_policy https://www.cdu.edu.au/study/essentials/english-proficiency; english_policy https://www.cdu.edu.au/study/essentials/study-pathways/english-language-proficiency; fee_schedule https://policies.cdu.edu.au/view-current.php?id=89; fee_schedule https://www.cdu.edu.au/files/2025-08/2026-he-international-annual-tuition-fees.pdf; fee_schedule https://www.cdu.edu.au/international/how-apply/international-fees-payments; intake_calendar https://www.cdu.edu.au/current-students/student-admin/important-dates; intake_calendar https://www.cdu.edu.au/international/how-apply; intake_calendar https://www.cdu.edu.au/launchpad/future-study/key-dates-explained,8 + 0 delivery,153 / 175,-,-,-,register (before night run),2026-10-05 17:23
Charles Sturt University,f34fae5e-b5b9-4c82-a6ca-44bf0803020e,AU,https://www.csu.edu.au,admitting,delivery; english; fee; intakes,-,-,-,-,-,aqf_level; campus; duration; entry_requirement; fee; ielts_overall; intakes; mode,-,english_policy https://study.csu.edu.au/international/how-to-apply/course-entry-requirements; english_policy https://sydneymelbourne.csu.edu.au/how-apply/international-students/journey/academic-entry-requirements/; english_policy https://sydneymelbourne.csu.edu.au/how-apply/international-students/journey/english-requirements/; fee_schedule https://policy.csu.edu.au/view.current.php?id=00350; fee_schedule https://study.csu.edu.au/international/course-fees; fee_schedule https://www.csu.edu.au/current-students/financial-and-scholarship/fees/course-fees/international-students; intake_calendar https://about.csu.edu.au/our-university/important-dates; intake_calendar https://about.csu.edu.au/our-university/important-dates/principal-dates/future; intake_calendar https://sydneymelbourne.csu.edu.au/future-students/essential-information/important-dates/,17 + 0 delivery,40 / 67,-,-,-,register (before night run),2026-10-05 17:11
Choice Academic College,ab900bf6-5175-4dc4-9343-6d8680436ffd,AU,https://cacademic.edu.au,admitting,english; fee; intakes,"course page with Intake Dates block, fee and IELTS band",course page months (12 term and block dates for 2026; 13 courses),"course page annual (e.g. $12,000 per year or $24,000 for 104 weeks gives 12,000)",course page (band 6 on every page),not printed,duration; entry_requirement; fee; ielts_overall; intakes; location,fee; intakes; ielts_overall; duration; location; entry_requirement,-,0 + 0 delivery,16 / 16,"2 rebound (110475E, 111604D) to sitemap pages; 1 re-read",3 trade certificates print no intake dates; intakes list 11 months on every page,Have a person glance that all listed intake dates are genuine,C35.md,2026-10-06 05:14
Christian Heritage College,21cba91e-6413-4c87-a2a2-211f3ed075df,AU,https://www.chc.edu.au,admitting,english; intakes,single view for all students (QTAC/ATAR panel plus Overseas Student Course Details tab with same text),"course page months (February/July Intakes heading; Commencing 2 Mar, 5 May, 29 June on 3 online postgrad)",not published (Fee Information page not stored; not attachable kind),course page (IELTS Academic 6.5; 7.5 for teaching; on 19),"On campus, External/Online -> general view, not international; not admitted",duration; ielts_overall; intakes; mode,intakes; ielts_overall; duration; mode,none (Fee Information page not stored),0 + 0 delivery,19 / 20,0 rebound,"3 online postgrad courses (093746K, 093747J, 093748G) print CRICOS Code N/A, 100% Online; 092841G bound to blog post",Review CRICOS N/A online courses; fees need a source,C18.md,2026-10-05 23:03
CIHE Australia,7d4300d7-7126-438b-a49f-8150fa39eb9a,AU,https://www.cihe.edu.au,admitting,delivery; intakes,course page; fees on central Fees page,"course page months (Start dates 20 July, 23 November, 8 March)",central fees page; domestic only on pages (FEE-HELP applicable to Domestic Students only),"course page (IELTS Academic 6.5, no band less than 6; on 1)",3 hours on-campus workshop per week -> on_campus (4),aqf_level; duration; entry_requirement; ielts_overall; intakes; mode,intakes; ielts_overall; duration; mode; aqf_level (tightened once); entry_requirement,none,0 + 0 delivery,5 / 25,website set null -> https://www.cihe.edu.au; re-read sent,"14 courses no page; 6 identity mismatches (3 accounting on one landing page, MBA Advanced, EAP, Bachelor of Education); stored pages carry no links",Course discovery for the 14 courses without a page; fees need central source,C9.md,2026-10-05 22:30
City College Pty Ltd,0bea01ad-c4ff-4954-a941-408ffe0549f7,AU,https://www.citycollege.edu.au,admitting,delivery; english,"course page with fee, duration, IELTS and delivery; some pages show Packaged and Standalone options",not published,course page whole-course total / years; two-option pages left without a fee; fee differs from catalogue,course page (10 agree),new on 9 pages (4 readings not delivery wording),course_years; duration; entry_requirement; fee_total; ielts_overall; mode,fee_total+course_years; duration; ielts_overall; mode; entry_requirement; one-semester doubling for 26-week courses,-,0 + 0 delivery,16 / 18,Website set https://www.citycollege.edu.au; 0 rebound,catalogue disagrees on nearly all fees; Cert IV Auto Mech Diagnosis page shared by two codes; 2-option pages (26 and 52 weeks) give no fee,Decide which fee is correct (page or catalogue); fee held back,C27.md,2026-10-06 00:10
City Language Centre,45a7b142-5083-4873-bc3b-6b691817d590,AU,https://www.cityenglish.edu.au,admitting,delivery,"page ""Study Mode 20 hours per week / face-to-face""",rolling/no months (every Monday),not published (quote only),not published,20 hours per week face-to-face -> on_campus (3),duration; mode,mode; duration,-,0 + 0 delivery,4 / 4,-,IELTS Preparation has no own page,-,D9.md,2026-10-05 22:59
Clinton Institute,73fcfd66-3610-4947-a119-5d2e789dd154,AU,https://www.clinton.edu.au,admitting,english,page with IELTS; fees and intakes on central Intakes and Price page,"central calendar page (Intakes and Price, URL not in stored text)",central fees page (Intakes and Price),course page (9 of 9 agree),"Classroom Simulated Practical Training on 1 of 12 pages, not admitted",campus; duration; entry_requirement; ielts_overall; mode,ielts_overall; mode; duration; campus; entry_requirement,-,0 + 0 delivery,12 / 13,Website set https://www.clinton.edu.au,"Central page address not stored; 111103C no page; 1,550 on 109514B is equipment fee","Evidence Intakes and Price URLs, attach as intake_calendar, read fees",C53.md,2026-10-06 06:08
Collarts,53eaf404-8f22-46ff-a208-b0e82da4284e,AU,https://www.collarts.edu.au,admitting,delivery; intakes,-,-,-,-,-,campus; duration; entry_requirement; intakes; mode,term_months,english_policy https://www.collarts.edu.au/courses/fashion/fashion-double-degree/; english_policy https://www.collarts.edu.au/courses/music-audio/music-performance/diploma/; english_policy https://www.collarts.edu.au/study-information/international-students/; fee_schedule https://media.collarts.edu.au/media/eh4lmuia/collarts_int-fees-flyer-2026.pdf; fee_schedule https://www.collarts.edu.au/collarts-life/news/blog-collarts-x-esmod-fashion-marketing-exchange-in-paris/; fee_schedule https://www.collarts.edu.au/study-information/fees/; fee_schedule https://www.collarts.edu.au/study-information/international-students/; intake_calendar https://www.collarts.edu.au/study-information/current-year-12/step-by-step-guide-to-uac-university-applications/; intake_calendar https://www.collarts.edu.au/study-information/international-students/; intake_calendar https://www.collarts.edu.au/study-information/key-dates/,20 + 0 delivery,94 / 139,-,-,-,register (before night run),2026-10-05 17:08
College Australia,ef2eb8cd-799f-4b54-a04a-801962ce0bbd,AU,https://www.collegeaustralia.edu.au,admitting,english,"International pages print IELTS, duration, total fee with payment plan",not published,"course page whole-course total / years (Dip L&M 11,000/(47/52) = 12,170); Dip Business 44 wks unread; Grad Dip excluded",course page: IELTS 6.0 (no band below 5.5),2 x 8 hour days + 1 x 4 hour day -> null,course_years; duration; fee_total; ielts_overall,ielts_overall; duration; fee_total+course_years,-,1 + 0 delivery,3 / 3,3 rebound from domestic to international-students pages (Dip Business; Dip Leadership and Management; Grad Dip Strategic Leadership),"Courses were bound to domestic pages; catalogue whole-course totals (11,000; 11,000; 13,000); fee on 1 of 3 so not admitted","Decide Grad Dip duration; Dip Business 11,000 could be entered by hand",E5.md,2026-10-06 05:48
Complete Hospitality Training,5bdb43a1-362c-4ed9-80f2-971499ef3240,AU,https://cht.edu.au/,admitting,english,"Course pages print fee, duration, delivery, IELTS; no intakes",not published,"course page whole-course total / years (Dip Hospitality 24,000/24 months; Event 15,000 all-inclusive; Cert IV 12,000)",course page: IELTS 6.0,"Classroom with online activities and Assessments -> on_campus_and_online, not admitted",course_years; duration; entry_requirement; fee_total; ielts_overall; mode,fee_total+course_years; mode; duration; ielts_overall; entry_requirement,-,1 + 0 delivery,3 / 3,none,"Catalogue holds whole-course 24,000 (wrong); Event Mgmt 15,000 vs catalogue 14,500 tuition + 500; fee not admitted (1 differs)","Decide if 15,000 all-inclusive replaces catalogue 14,500",E1.md,2026-10-06 05:45
Concord English College (Australia),aff3f6e5-8dea-4f52-a1f9-d8e604d8c879,AU,https://concordenglishcollege.vic.edu.au,admitting,delivery,Course pages print weekly face-to-face hours; fees not printed,rolling/no months (every Monday),not published,not published,20hrs face-to-face -> on_campus,duration; mode,mode; duration,-,0 + 0 delivery,2 / 2,website set https://concordenglishcollege.vic.edu.au,"Weekly hours are a load, not a required online mix",Find fees page,E10.md,2026-10-06 06:04
Crown Institute of Studies Limited,fefd6555-c2b7-43e4-93bc-a5e935ed4a01,NZ,https://www.crown.ac.nz,admitting,english; intakes,page with COURSE DATES and TERM BREAKS blocks,course page months (start of each COURSE DATES range only),not published,course page (7 of 8),"face to face with blended online elements -> blended, not admitted",duration; ielts_overall; intakes; mode,intakes (range start with lookahead to TERM BREAKS); ielts_overall; duration; mode,-,0 + 0 delivery,8 / 13,"Rebound 5 (2104, 2454, 2457, 2461, 2992)","Earlier generic intakes read end months wrongly; 2470, 3244, 2592, 2199 unread",-,C52.md,2026-10-06 06:12
Curtin University,982fb12f-41ed-4358-9d1b-d7422b3089dd,AU,https://www.curtin.edu.au,admitting,delivery; english; fee; intakes,-,-,-,-,-,campus; duration; entry_requirement; fee; ielts_overall; intakes; mode,render; term_months,english_policy https://www.curtin.edu.au/study/applying/english-language-requirements/; english_policy https://www.curtin.edu.au/study/applying/english-language-requirements/accepted-english-qualifications/; english_policy https://www.curtin.edu.au/study/applying/english-language-requirements/courses-higher-english-criteria/; fee_schedule https://www.curtin.edu.au/students/essentials/fees/paying-your-fees/late-payment/; fee_schedule https://www.curtin.edu.au/students/essentials/fees/understanding-your-fees/tuition-fees/; fee_schedule https://www.curtin.edu.au/study/fees-financial-assistance/; intake_calendar https://www.curtin.edu.au/students/essentials/academic-calendar/; intake_calendar https://www.curtin.edu.au/students/essentials/examinations/key-dates/; intake_calendar https://www.curtin.edu.au/study/applying/application-deadlines/,31 + 0 delivery,293 / 373,-,-,-,register (before night run),2026-10-05 17:12
Danford College,0bd73368-bd1f-459d-b6ca-c5c0315af319,AU,https://www.danford.edu.au,admitting,fee,course page for international students (CoE wording); material and digital-access fees listed separately,not published,course page whole-course total / duration (35-44 week courses read as one year),central english page (https://www.danford.edu.au/future-students/entry-requirements attached),not published,course_years; duration; fee; fee_total,fee; fee_total+course_years; duration,english_policy https://www.danford.edu.au/future-students/entry-requirements,0 + 0 delivery,19 / 21,-,"104962G different layout not read; 105204D page no fee; 2 identity mismatches (109452M, 118486D) with no own page",Read the attached English policy,C14.md,2026-10-05 23:04
Danford Higher Education,4cf8fafc-36d9-465a-ad84-ee359a93c2c1,AU,https://www.danfordhe.vic.edu.au,admitting,delivery; english; fee; intakes,"international tab first: ""Duration 3 Year Course. Fees AUD $58,800 (total course fee)""",course page months,course page whole-course total / years (international tab; no fee year printed),course page (5 agree),delivery -> on_campus (5),aqf_level; campus; course_years; duration; entry_requirement; fee_total; ielts_overall; intakes; mode,intakes; fee_total+course_years; duration; ielts_overall; mode; campus; aqf_level; entry_requirement,-,1 + 0 delivery,5 / 5,-,Totals = units x per-unit rate,-,D2.md,2026-10-05 21:53
Datum College; Fluent Education,9f5fa4cc-78e1-4b4b-a2f7-2fdac7db99d7,AU,-,admitting,delivery; english,CRICOS course pages with Tuition Fee AUD X for whole course followed by N weeks,not published,course page whole-course total / weeks; panel not labelled international (not admitted),course page (IELTS on 23),mode read on 23 pages (admitted; wording not given),course_years; duration; entry_requirement; fee_total; ielts_overall; mode,fee_total+course_years; annual = total / (weeks/52); duration; ielts_overall; mode; entry_requirement,-,0 + 0 delivery,25 / 28,-,"Catalogue/general reader took whole-course totals as annual (Cert III Carpentry $16,000 vs $8,000 a year); 3 identity mismatches (duplicate CRICOS codes on a shared page); 2 English pages no fee/IELTS","Confirm fee panel is international, then admit fee; no intakes printed",C4.md,2026-10-05 21:56
Deakin College,d090e283-9894-49ce-baf3-e9d47f80e468,AU,https://www.deakincollege.edu.au,admitting,fee; intakes,course page with intakes and international programme fee; online options marked by a dagger,course page months (13 agree),course page annual (8 or 12 months = one academic year); 2027 fee on one course,central English page (URL not stored); diplomas print none,dagger only; not read,campus; course_years; duration; fee; fee_total; ielts_overall; intakes,intakes; fee; fee_total; course_years; duration; campus; ielts_overall,-,2 + 0 delivery,13 / 15,0 rebound,"022638B on alumni page; 059997G bound to a PDF; Design catalogue 35,920 copies Film","Decide how to annualise a 4-month programme (Masters Qualifying 21,000)",C40.md,2026-10-06 05:15
Deakin University (Deakin),c5c5d225-3d4c-4e41-8275-78eddd261073,AU,http://www.deakin.edu.au/,admitting,delivery; english; fee; intakes,-,-,-,-,-,campus; course_years; duration; entry_requirement; fee; fee_total; ielts_overall; intakes; mode,term_months,english_policy https://www.deakin.edu.au/international-students/entry-requirements; english_policy https://www.deakin.edu.au/international-students/entry-requirements/english; english_policy https://www.deakin.edu.au/international-students/entry-requirements/english/dueli/english-courses; fee_schedule https://deakin.edu.au/international-student-fees; fee_schedule https://www.deakin.edu.au/international-students/international-student-fees; fee_schedule https://www.deakin.edu.au/students/enrolment-and-fees/fees/international-students; intake_calendar https://leadership.deakin.edu.au/academic-calendars; intake_calendar https://www.deakin.edu.au/students/enrolment-and-fees/manage-your-course/handbooks/2027-handbook/2027-trimester-dates; intake_calendar https://www.deakin.edu.au/students/help/important-dates/academic-calendar-key-dates; intake_calendar https://www.deakin.edu.au/study/key-dates,91 + 12 delivery,212 / 252,-,-,-,register (before night run),2026-10-05 17:21
DNA Kingston Training,136a4172-3c26-4fe4-9b9b-5d0026d549de,AU,https://www.dnakingstontraining.edu.au,admitting,english,course page with TWO international panels and different tuition; International students attend face to face,"course page months on dental courses only (Jan/Feb, Jul); rest rolling monthly","two international options; e.g. 9,500 vs 8,500; 31,350 vs 22,000","course page (12 of 14, 86 percent)",International students attend face to face -> on_campus (5),course_years; duration; entry_requirement; fee_total; ielts_overall; intakes; mode,intakes; fee_total; course_years; duration; mode; ielts_overall; entry_requirement,-,4 + 0 delivery,14 / 15,0 rebound; 094068B bound to Cert IV Health Care page,"dental fees 3,380 and 2,380 are local student fees; dental and Individual Support pages print no duration",Ask provider which panel is current,C39.md,2026-10-06 05:12
Durban International College,77ca68dd-9d3f-4a00-92bb-1ff64a245645,AU,https://dic.edu.au/,admitting,delivery; english; fee,"course page: international tuition, application, resources, kit itemised",not published,course page whole-course total / weeks (incl. holidays; tuition only),course page (Minimum 6 IELTS Score on 16),Face to face classroom -> on_campus (18),course_years; duration; entry_requirement; fee_total; ielts_overall; mode,fee_total+course_years; duration; ielts_overall; mode; entry_requirement,-,2 + 0 delivery,18 / 19,-,"Catalogue wrong 109802E (15,200 whole-course incl. fees) and 113919B (4,000 package); 111787C General English no fee",Confirm one-semester handling for 098421B,C21.md,2026-10-05 22:59
Dynamic Training Services,f8acaf8e-ece1-4734-9000-0f08a8b9a40a,AU,-,admitting,english,-,-,-,-,-,course_years; duration; entry_requirement; fee_total; ielts_overall,-,-,3 + 0 delivery,8 / 12,-,-,-,register (before night run),2026-10-06 06:38
Eastern Institute of Technology,ea5a3fa6-31f4-4553-9cfd-6bff49c36a6b,NZ,https://www.eit.ac.nz,admitting,delivery; english; intakes,-,-,-,-,-,campus; duration; entry_requirement; ielts_overall; intakes; mode; not_admitting; study_level,-,english_policy https://www.eit.ac.nz/campus/international-students/english-language-requirements/; intake_calendar https://www.eit.ac.nz/students/important-dates/; intake_calendar https://www.eit.ac.nz/wp-content/uploads/programme-app-packs/int%20Programme%20Matrix.pdf,75 + 0 delivery,95 / 184,-,-,-,register (before night run),2026-10-05 17:05
ECA College,24714ee5-e666-418b-bc6e-878a646f0275,AU,https://www.ecacollege.edu.au,admitting,english,course page; links View All Key Dates,central calendar page (https://www.ecacollege.edu.au/key-course-dates attached),"not labelled international (Fees $13,500 with Course Duration 15 months; not per year or whole course stated)",course page (IELTS 6.0 / 5.5 on 7),not published,campus; duration; entry_requirement; ielts_overall,duration; campus; ielts_overall; entry_requirement (text-only),english_policy https://www.ecacollege.edu.au/faq; english_policy https://www.ecacollege.edu.au/international-students; english_policy https://www.ecacollege.edu.au/pathway-partners/english-language-pathways; fee_schedule https://www.ecacollege.edu.au/how-to-apply; fee_schedule https://www.ecacollege.edu.au/international-students; fee_schedule https://www.ecacollege.edu.au/payment-options; intake_calendar https://www.ecacollege.edu.au/courses/diploma-in-business; intake_calendar https://www.ecacollege.edu.au/courses/graduate-diploma-of-strategic-leadership; intake_calendar https://www.ecacollege.edu.au/general-english/english-for-academic-purposes; intake_calendar https://www.ecacollege.edu.au/key-course-dates,0 + 0 delivery,10 / 22,0 rebound; re-read sent,8 identity mismatches (internships/privacy/location pages); 4 ELICOS no page; 106167G older page (1 Year vs 24 months live),Decide the unlabelled fee,C13.md,2026-10-05 22:22
Edinburgh Institute Pty Ltd,0cef6b5c-080c-4c1a-a14c-b50d3970fc79,AU,https://edinburgh.edu.au,admitting,delivery; english,"course page with printed total fee, weeks, delivery and IELTS",not published,course page whole-course total / (weeks/52); 26-week courses x2; General English per week,course page (14 agree),course page wording -> read on 14 pages,course_years; duration; entry_requirement; fee_total; ielts_overall; mode,fee_total+course_years (weeks); duration; mode; IELTS; entry_requirement,-,0 + 0 delivery,16 / 17,Website set https://edinburgh.edu.au; 0 rebound,fee agreement 86 percent (below 90 gate; 2 newer prices); 118853H on identity mismatch page,"Decide whether to admit fee (86 percent agreement, 2 newer printed prices)",C31.md,2026-10-06 05:23
Edith Cowan College,7dae6c50-bc55-4f99-866c-1204bb243c79,AU,https://www.edithcowancollege.edu.au,admitting,delivery; fee; intakes,page with international 2027 Year 1 fee and intake months,course page months (Year 1),course page annual (international 2027 Year 1; catalogue holds whole-course totals),not published (only PQP social work 7.0),delivery -> on_campus (11 of 11),campus; duration; fee; intakes; mode,fee (Year 1); intakes (Year 1 months); mode; campus; duration,-,1 + 0 delivery,11 / 12,-,AEP and English pages weekly ($475) not read; catalogue totals = Y1 + Y2,-,C58.md,2026-10-06 06:14
Edith Cowan University,fac03540-a412-4c76-a5ab-cd338d7760db,AU,https://www.ecu.edu.au,admitting,delivery; english; fee; intakes,-,-,-,-,-,aqf_level; campus; duration; entry_requirement; fee; ielts_overall; intakes; mode; study_level,term_months,english_policy https://www.ecu.edu.au/centres/international-office/our-services/agent-support/admissions-and-entry-requirements/english-requirements; english_policy https://www.ecu.edu.au/future-students/course-entry/english-competency; english_policy https://www.ecu.edu.au/future-students/course-entry/english-proficiency-bands; fee_schedule https://intranet.ecu.edu.au/student/money-matters/fees/international; fee_schedule https://www.ecu.edu.au/future-students/fees-and-scholarships; fee_schedule https://www.ecu.edu.au/my-uni-start/get-started/paying-your-tuition-fees; intake_calendar https://intranet.ecu.edu.au/student/dates-and-events/academic-calendar; intake_calendar https://intranet.ecu.edu.au/student/dates-and-events/important-dates; intake_calendar https://studyonline.ecu.edu.au/academic-calendars; intake_calendar https://www.ecu.edu.au/future-students/applying/important-dates,17 + 0 delivery,155 / 172,-,-,-,register (before night run),2026-10-05 17:01
Education Access Australia,d188cc38-3662-4764-87f7-6cd619d47ea4,AU,https://eaa.edu.au/,admitting,fee,Wix pages; capture shows first 600 characters only,not published,not published,not published,-,campus; course_years; duration; fee; fee_total; ielts_overall,none (no fields read),-,0 + 0 delivery,13 / 13,-,Wix pages truncated; fees and intakes cannot be located,Capture with longer blocks or page_view render,D1.md,2026-10-06 06:13
Edvantage Institute Australia Pty Ltd,20c50fa6-19fb-4398-bc38-0eb51ad9856d,AU,https://eia.edu.au,admitting,delivery; english; fee; intakes,-,-,-,-,-,aqf_level; duration; fee; ielts_overall; intakes; location; mode,-,-,0 + 0 delivery,8 / 12,-,-,-,register (before night run),2026-10-06 06:36
"Elizabeth Bence School of Fashion, Duke College",9f7968b6-c456-4c04-927f-9ac7e684d122,AU,https://www.duke.edu.au,admitting,delivery; english; fee,-,-,-,-,-,course_years; duration; entry_requirement; fee_total; ielts_overall; mode,-,-,0 + 0 delivery,11 / 11,-,-,-,register (before night run),2026-10-06 06:45
Employers&#039; and Manufacturers&#039; Association (Northern) Incorporated,387d9174-4f14-4274-8c6f-d8a22b46b8fa,NZ,https://www.ema.co.nz,admitting,delivery,learn.ema.co.nz event pages for Level 4 and 6; Level 3 bound to news article,not published,"not published (member and non-member prices ex GST, $4,600; $6,950, not international annual fee)",not published,Face-to-face (in class) -> on_campus,mode,mode,-,0 + 1 delivery,2 / 3,none,Level 3 needs own learn.ema.co.nz event page,Find Level 3 page,D20.md,2026-10-06 05:15
Empyrean Education Institute,1d1f9816-0d8b-488c-afa0-9c33309a8828,AU,http://www.eei.wa.edu.au,admitting,delivery,course page with a general statement All courses are delivered face-to-face on campus,not published; careers page quotes 2021 intakes (stale),"not published; multi-course packaging and fee page, not per course",not published; English page found is a placement test only,All courses delivered face-to-face on campus -> on_campus (12),mode,mode,-,0 + 0 delivery,13 / 14,"3 rebound (112472C, 098455C, 091070K); 1 re-read sent",098454D still on careers page; 112469J no page; catalogue intakes for 098455C look like a 2021 line,Review 098455C catalogue intakes,C43.md,2026-10-06 05:51
Engineering Institute of Technology Pty Ltd,2b61a262-c219-4396-bdbf-e35aee47639d,AU,https://www.eit.edu.au,admitting,delivery; intakes,"course page with International Per Year fee, intake dates and delivery",course page numeric dates (e.g. 15 February and 26 July 2027; 14 agree),"course page annual (International Per Year, domestic beside it); online courses print See Fees by country; page prints no year",not published; central English policy needed,on_campus (10); online (4),duration; entry_requirement; fee; intakes; location; mode,fee; intakes; mode; duration; location; entry_requirement,-,0 + 0 delivery,14 / 14,0 rebound,"8 of 10 fees differ (catalogue built from older 25,850; page 28,440); 4 online courses no fee",Decide which year's fee is current,C43.md,2026-10-06 05:47
English Direct Australia Pty Ltd,371198c7-26e3-4c82-8808-365246a29c55,AU,https://englishdirect.edu.au,admitting,delivery,Course pages print delivery and weekly fee,not published,per week/unit/term ($300 a week; EAP 40 weeks),not published,Face to face classes -> on_campus,mode,delivery pattern,-,0 + 0 delivery,2 / 3,website set https://englishdirect.edu.au,No whole-course total; Intensive IELTS Preparation page not stored,Find start dates and IELTS pages,E5.md,2026-10-06 05:44
English Express (NZ) Limited,3efae15c-9a85-43e1-9670-07fde080a0cb,NZ,https://www.kibc.ac.nz,admitting,english,Course pages print Entry Requirements and duration,not published,central fees page (Our Fee page; address not stored),course page: IELTS 6.0 (no band below 5.5),not published,duration; entry_requirement; ielts_overall,ielts_overall; duration; entry_requirement,-,0 + 0 delivery,2 / 2,none,Our Fee page address not in stored links,Capture Our Fee page,E8.md,2026-10-06 05:49
Entrepreneur Education,ad99fbcf-e690-499b-bbae-bc81ef892fc8,AU,https://www.entrepreneur.edu.au,admitting,delivery; english,course page,rolling/no months (Monthly; 2026/2027 calendar PDFs only),not published,"course page (IELTS 6.0, no band below 5.5; on 24)",Face-to-Face 15 hrs/week Distance 5 hrs/week -> on_campus_and_online (24),campus; duration; entry_requirement; ielts_overall; mode,duration; mode; ielts_overall; campus; entry_requirement,english_policy https://www.entrepreneur.edu.au/entrepreneur-news-jan26/; english_policy https://www.entrepreneur.edu.au/wp-content/uploads/2025/12/EE_CourseGuide_2026.pdf; english_policy https://www.entrepreneur.edu.au/wp-content/uploads/2026/07/International-Student-Handbook-V1.5-Sept25.pdf; fee_schedule https://www.entrepreneur.edu.au/; fee_schedule https://www.entrepreneur.edu.au/faculties/faculty-of-leadership/bsb80120-graduate-diploma-of-management-learning/; fee_schedule https://www.entrepreneur.edu.au/wp-content/uploads/2026/07/International-Student-Handbook-V1.5-Sept25.pdf; intake_calendar https://www.entrepreneur.edu.au/; intake_calendar https://www.entrepreneur.edu.au/faculties/faculty-of-design/cua41120-certificate-iv-in-photography-and-digital-imaging/; intake_calendar https://www.entrepreneur.edu.au/wp-content/uploads/2025/07/2026-Academic-Cal_CIV-Bus.pdf,0 + 0 delivery,25 / 25,-,No fee on pages; 106533A shares 119539K Adv Dip Graphic Design page (exact_title),Fees and dates need a source,C8.md,2026-10-05 22:22
EQUALS International,3bc54784-b95b-4a50-88db-2adc038a951f,AU,https://www.equals.edu.au,admitting,delivery; fee; intakes,"strip and Fees section: domestic tuition first, then international Tuition Fee X Student Services Fee; last figure before Intakes",course page months (Sept read as September via term_months),course page whole-course total / weeks (international after domestic),course page (IELTS on 1; MSW 7.0),on_campus (6); blended (14),campus; course_years; duration; entry_requirement; fee_total; ielts_overall; intakes; mode,term_months; intakes; fee_total+course_years; duration; mode; campus; ielts_overall; entry_requirement; term_months {Sept: September},english_policy https://equals.edu.au/admision-requirements/; english_policy https://equals.edu.au/apply-international-students/; english_policy https://equals.edu.au/international-students/; fee_schedule https://equals.edu.au/fee-help-student-loans/; fee_schedule https://equals.edu.au/vet-student-loans/; fee_schedule https://equals.edu.au/wp-content/uploads/2024/07/CFE-Scholarship-Application-.pdf; intake_calendar https://equals.edu.au/forms-and-downloads/; intake_calendar https://equals.edu.au/orientation-dates/; intake_calendar https://equals.edu.au/wp-content/uploads/2023/10/hsh.pdf,4 + 0 delivery,20 / 23,-,"Catalogue holds CRICOS whole-course totals; Dip ECEC prints $19 400 (space) so no fee; Diploma of Nursing no duration; 3 identity mismatches (/contact/, application form)","Confirm one-semester x2 convention for 093198M, 114359K",C11.md,2026-10-05 22:35
Eton College Pty Ltd,6205f327-0539-4ad1-a240-9317fcb882bf,AU,-,admitting,delivery; english,"page with duration (study plus term break weeks), delivery, IELTS","central calendar page (Academic Calendar, no URL stored)","central fees page (Fees Schedule, no URL stored)",course page (5 agree),classroom-based face to face -> on_campus (5),duration; entry_requirement; ielts_overall; mode,duration; mode; ielts_overall; entry_requirement,-,0 + 0 delivery,5 / 5,-,Link index empty,Capture Fees Schedule and Academic Calendar,D5.md,2026-10-05 22:26
Everest Institute of Education Pty Ltd,deb704e9-5f24-4192-83ca-43943f984c5e,AU,http://www.everest.edu.au,admitting,english; fee,"course page with Course Fee AUD (whole course), IELTS and delivery on 2 pages; Next Intake Enquire Now",not published; Next Intake: Enquire Now,course page whole-course total / years (26-week x2),course page (11 agree),printed on 2 of 15 pages; not admitted,campus; course_years; duration; entry_requirement; fee_total; ielts_overall; mode,fee_total; course_years; duration; ielts_overall; campus; mode; entry_requirement,-,0 + 0 delivery,15 / 15,1 rebound (120292G Cert IV Auto Mech Diagnosis from listing page); 1 re-read,PTE score 42 stored as IELTS (catalogue noise); 103634J still on listing page,-,C40.md,2026-10-06 05:15
Evolution Hospitality Institute,95b48a5f-dc6b-49d8-bb17-c58aa7d0e913,AU,https://www.evolution.edu.au,admitting,english,"course page with generic delivery template, duration and IELTS; fees behind a click link","not published; Intake Dates menu page, no URL stored",not published; behind a Please click here link,"course page (11 agree, all 5.5)","Blended delivery methods incl face-to-face, virtual, eLearning and/or work placement -> blended; template wording, not admitted",duration; entry_requirement; ielts_overall; mode,mode; duration; ielts_overall; entry_requirement,-,0 + 0 delivery,12 / 16,"0 rebound; no stored URL names event, IT or cyber courses","4 courses need own pages (Event Management x2, IT x2); delivery wording is generic and/or template",Decide template delivery wording; supply fees and intake calendar URLs,C34.md,2026-10-06 05:18
Excel College Australia,dbd5dba0-2c70-43b0-a4ed-42763498c288,AU,https://excelcollegeaustralia.edu.au,admitting,delivery,"page with fee, mode, IELTS; 5 root-path pages print none",not published,course page whole-course total / years (international),course page (3 pages; 1 differs),On Campus -> on_campus (6),campus; course_years; fee_total; ielts_overall; mode,fee_total+course_years; mode; campus; ielts_overall,-,0 + 1 delivery,11 / 13,Website set https://excelcollegeaustralia.edu.au,Catalogue fee disagrees on 5 of 6 (catalogue may be domestic); fee and English not admitted,Check whether catalogue fees are domestic or other-year,C55.md,2026-10-06 06:08
Excelsia University College,c537423d-028a-4b06-b135-003f2c6c393d,AU,http://excelsia.edu.au/,admitting,english; fee,"key-facts panel per course: Duration, Delivery, Credit points, CRICOS Code, sometimes Intake, IELTS, Available to, AQF, Tuition fee; field order varies; some pages hold two panels",course page months (only 9 of 41 pages print Intake: February and July; central calendar does not give per-course semesters),course page whole-course total / years (semester/total tuition fee; total divided by years),course page,'On campus and with some content delivered online' -> on_campus_and_online (required mix); 'international students will study on-campus' also -> on_campus_and_online (wrong); not admitted,aqf_level; course_years; duration; entry_requirement; fee_total; ielts_overall; intakes; mode,"fee_total+course_years (one-semester x2; MBA 1.5 years); patterns tied to the course's own CRICOS code with lookahead to the code; ielts_overall, intakes, mode, duration, aqf_level, entry_requirement",english_policy https://excelsia.edu.au/elicos/; english_policy https://excelsia.edu.au/study/future-students/; english_policy https://excelsia.edu.au/study/international-students/application-guide-for-international-students/; fee_schedule https://excelsia.edu.au/study/business/bachelor-of-information-technology/; fee_schedule https://excelsia.edu.au/study/education/bachelor-of-early-childhood-education/; fee_schedule https://excelsia.edu.au/study/social-work/master-of-social-work/; intake_calendar https://excelsia.edu.au/current-students/calendar/; intake_calendar https://excelsia.edu.au/wp-content/uploads/Academic-Calendar-2025.pdf; intake_calendar https://excelsia.edu.au/wp-content/uploads/Academic-Calendar-2026.pdf,0 + 0 delivery,42 / 48,0 rebound; no website change,Two-panel pages need CRICOS anchoring; weekly fees for English not read; duplicate Bachelor of Screen Production (104943K and invalid 0101531); 4 courses no evidenced page (may be discontinued); general reader had read semester fees,Retire duplicate 0101531; normaliser must handle international-specific delivery phrases; check whether unbound courses are still offered,B18.md,2026-10-05 23:07
Eynesbury College/Eynesbury Institute of Business and Technology/Eynesbury College Academy of English/Eynesbury/Eynesbury International,4061c7cc-c3aa-4492-a2f8-638e46a6071f,AU,https://www.eynesbury.navitas.com,admitting,intakes,international page; domestic page under programs/australian/,course page months (7 agree),"two international options (8 or 12 months, per stage), excluded",not published,"""variety of modes, not excluding online"", not read",intakes,intakes,-,0 + 0 delivery,7 / 12,"Rebound 3 (076172G, 118451D, 118452C) from domestic to international page; 1 re-read; website not changed (navitas.com vs eynesbury.edu.au)","072820A, 072821M, 074933J mismatched; 082985G, 093934F no page",Confirm website domain,C57.md,2026-10-06 06:12
Federation Academy,bf95a9a2-8761-4b3c-847d-09def7361de8,AU,https://federationacademy.edu.au,admitting,delivery; english,"page with onshore and offshore fees, IELTS, delivery",not published,"two international options (onshore e.g. $18,000; Offshore AUD $22,000)","course page (6.0, 10 of 11)","Full-time, face to face (20 hours per week) -> on_campus (11 of 11)",course_years; fee_total; ielts_overall; mode,fee_total+course_years (offshore figure); ielts_overall; mode,-,1 + 0 delivery,11 / 13,Website set https://federationacademy.edu.au,"/course-enrol-international/ is a form page, not attached; Cert II Security, Kitchen Management, Hospitality print no fee/IELTS",Decide onshore vs offshore fee,C54.md,2026-10-06 06:06
Federation University Australia,9cc8ef21-52ec-4c18-849a-598ba1072459,AU,https://www.federation.edu.au,admitting,english; fee,-,-,-,-,-,campus; duration; entry_requirement; fee; ielts_overall; intakes; mode,-,english_policy https://policy.federation.edu.au/research/procedures/standard_2/ch01.php; english_policy https://www.federation.edu.au/apply/how-to-apply/international/english-language-requirements/; english_policy https://www.federation.edu.au/apply/how-to-apply/research/entry-requirements/; fee_schedule https://www.federation.edu.au/siteassets/files/students/fees/2027_higher_ed_commencing_international_student_tuition_fee_schedule.pdf; fee_schedule https://www.federation.edu.au/students/student-essentials/fees/fee-types/tuition-fees/international-fees/; fee_schedule https://www.federation.edu.au/study/fees/international-fees/; intake_calendar https://federation.edu.au/__data/assets/pdf_file/0010/627994/2026-Standard-Academic-Calendar.pdf; intake_calendar https://www.federation.edu.au/apply/how-to-apply/international/standard-cut-off-dates/; intake_calendar https://www.federation.edu.au/siteassets/files/students/important-dates/standard_important_dates_2027.pdf; intake_calendar https://www.federation.edu.au/students/student-essentials/timetables-and-key-dates/important-dates/,64 + 0 delivery,125 / 195,-,-,-,register (before night run),2026-10-05 17:05
Fit Education,6f466924-9f6c-4327-8dbf-a8c0c9f99232,AU,https://fiteducation.edu.au,admitting,english,International pages print IELTS; 4 x 10 week study periods over 52 weeks,rolling/no months,not published,course page: IELTS 6.0,not printed,ielts_overall,ielts_overall,-,0 + 0 delivery,3 / 3,3 rebound from domestic to -international pages; website set https://fiteducation.edu.au,"Catalogue fees 8,000/14,000 whole-course totals (wrong)",Find international fee source,E2.md,2026-10-06 05:48
Flight One School of Aviation,f399f4db-6788-4978-821c-450baebfc901,AU,https://flightone.edu.au/,admitting,fee,Course pages print fee and weeks; IR bound to combined Double Diploma page,not read (printed 10 NOV 26 upper case),"course page whole-course total / years (CPL 119,070/68 wks = 91,053.53)",standard reader only,"blended (on campus, online, classroom) -> not admitted",campus; course_years; fee_total,fee_total+course_years (weeks); campus,-,1 + 0 delivery,2 / 2,none,"Catalogue 119,070 whole-course (wrong); correct IR page not evidenced (candidate courses/instrument-rating)",Find correct IR page; fix uppercase date,E12.md,2026-10-06 06:06
Flinders University,0a42da16-8df1-4439-a929-4dfdd04b6d83,AU,http://www.flinders.edu.au/,admitting,delivery; english; fee; intakes,-,-,-,-,-,campus; duration; entry_requirement; fee; intakes; mode,json:__NEXT_DATA__,english_policy https://www.flinders.edu.au/content/dam/documents/study/international/apply/english-language-requirements.pdf; english_policy https://www.flinders.edu.au/international/apply/entry-requirements; english_policy https://www.flinders.edu.au/international/apply/entry-requirements/english-language-requirements; fee_schedule https://students.flinders.edu.au/finances-and-admin/fees/fees-and-charges; fee_schedule https://www.flinders.edu.au/content/dam/documents/study/international/2026-international-commencing-tuition-fee-schedule.pdf; fee_schedule https://www.flinders.edu.au/content/dam/documents/study/international/2027-international-commencing-tuition-fee-schedule.pdf; fee_schedule https://www.flinders.edu.au/international/apply/fees; intake_calendar https://students.flinders.edu.au/key-dates; intake_calendar https://students.flinders.edu.au/key-dates/critical-enrolment-dates; intake_calendar https://students.flinders.edu.au/key-dates/semester-dates,7 + 9 delivery,336 / 476,-,-,-,register (before night run),2026-10-05 17:23
Flylink Aviation College,81e99c4a-df8b-4241-9dc0-69d630a1061f,AU,http://www.flylinkaviation.qld.edu.au,admitting,intakes,Instrument Rating page prints Jan/Apr/Aug/Nov 2026; Commercial Pilot page (-draft address) lists 2023 dates,course page months (Instrument Rating Jan/Apr/Aug/Nov 2026); stale year (Commercial Pilot 2023),not labelled international (indicative whole-course totals),not published,"500+ hours face-to-face teaching -> teaching-hours claim, not read",duration; intakes,intakes; duration,-,0 + 0 delivery,2 / 2,none,"Catalogue 15,000 / 91,000 whole-course; Commercial Pilot page is a draft address",Find current Commercial Pilot page,E10.md,2026-10-06 06:04
Franklin Institute of Agri-Technology,c7ed8d28-23dd-46a3-a23b-dde2f0a3fda5,NZ,https://www.fiat.ac.nz,admitting,fee; intakes,"Course pages print intakes, all-inclusive one-year fee, IELTS, mode",course page months,"course page annual (NZ$16,100 international onshore one-year total)",course page: IELTS on 1 of 2 pages; not admitted,on-site read; on site not understood by normaliser; not admitted,duration; entry_requirement; fee; ielts_overall; intakes; mode,intakes; fee; IELTS; mode; duration; entry_requirement,-,0 + 0 delivery,2 / 3,none,Level 4 page prints no fee; Level 3 certificate bound to course list page; two-year Level 5 page in stored URLs not bound,Bind Level 5 page; fix on site wording,E6.md,2026-10-06 05:45
Frontier Leadership,70319f76-e8fa-457b-b595-c6a379d00d01,AU,https://frontiereducation.edu.au,admitting,delivery,"course page prints CRICOS, duration, campuses and study mode only",not published,not published; international fees say contact Frontier,not published,Face to face -> on_campus (14),campus; duration; mode,delivery; campus; duration,-,0 + 0 delivery,15 / 17,"0 rebound; 107528A bound to a career page, no own page evidenced",General English 117144A has no page; 3 community services codes share one page; 1 identity mismatch,Find intake and fee sources,C30.md,2026-10-06 05:13
Fusion College of Technology Pty Ltd,ef15a84d-4edf-4d20-9eef-3cee7b315f10,AU,https://fusioncollege.edu.au,admitting,delivery; english; fee; intakes,"course page: Course Fee: AUD X, header weeks",course page months (21 agree),course page whole-course total / weeks (enrolment and material fees excluded),course page (IELTS on 21),Face-to-Face 13.5 hours/week + Supervised Study Session 6.5 hours/week -> on_campus,course_years; duration; entry_requirement; fee_total; ielts_overall; intakes; location; mode,intakes; fee_total (Course Fee: AUD); course_years (header weeks); ielts_overall; duration; mode; location; entry_requirement,-,0 + 0 delivery,22 / 22,website set to https://fusioncollege.edu.au,"119960H Dip Building prints AUD 15,000 for 104 weeks (7,500 a year vs 15,000 on other 2-year diplomas), possible typo; 113999H shared page not read","Provider to confirm 119960H fee, else exclude",C14.md,2026-10-05 23:04
Fusion English College,d6a936f5-43c4-47b7-8105-c609374fb12a,AU,https://fec.nsw.edu.au,admitting,delivery; fee,"Course pages print fee, non-tuition fee, delivery, campus; IELTS as level range",not published,"course page annual (16,000; non-tuition 1,950 left out)",not published (level range 4.5-5.5),Face-to-Face -> on_campus,campus; fee; mode,fee; mode; campus,-,1 + 0 delivery,3 / 3,website set https://fec.nsw.edu.au,EAP and General English treated as 4 levels x 13 weeks = one year,-,E4.md,2026-10-06 05:48
Future English,73879cbe-f097-4947-bc0a-6505ff621d49,AU,https://future.edu.au/,admitting,delivery,Course pages print delivery; IELTS 5.5 on IELTS Prep as pathway rule,not published,not published,"conditional/example only (IELTS 5.5 pathway rule, not mapped)",classroom -> on_campus,mode,delivery pattern,-,0 + 0 delivery,2 / 3,none,General English Elementary to Upper Immediate 109425C bound to home page; not rebound,Find own page for 109425C,E6.md,2026-10-06 05:39
Gateway Business College,9a5c34c7-70be-48fb-980f-a43411c9233d,AU,https://www.gatewaycollege.edu.au,admitting,fee; intakes,"Course pages print course fee, duration and intakes; EAP bound to policies page","course page months (March, July, November)","course page whole-course total / years (54,000/3; 54,000/3; 50,000/2)",not published,MIT only; bachelor pages say Full-time; not admitted (read on under half),campus; course_years; duration; fee_total; intakes; mode,intakes; fee_total+course_years; campus; mode; duration,-,0 + 0 delivery,3 / 4,none,Catalogue holds whole-course totals (catalogue wrong); EAP 110245H bound to policies page and reads nothing,EAP needs its own page; delivery not admitted,D12.md,2026-10-06 00:08
Gen Institute Pty Ltd,cd2dd867-5abd-4afe-b89c-be9bc3171bd4,AU,https://www.gen.edu.au,admitting,delivery; english,-,-,-,-,-,campus; duration; entry_requirement; ielts_overall; mode,-,english_policy https://gen.edu.au/update-english-language-requirements/; intake_calendar https://gen.edu.au/our-courses/intakes/,0 + 0 delivery,5 / 12,-,-,-,register (before night run),2026-10-06 06:37
Gilson College,01700064-3eba-49c1-9b85-dc38dfa6526c,AU,https://www.gilsoncollege.vic.edu.au,admitting,fee,"Shared fees page: Fees 2027, Full-Fee Paying Overseas Students, Annual Payment",not published,"central fees page (Primary CRICOS 023874D $20,637 annual); Secondary prints two year-level fees",not published,-,fee,fee,-,1 + 0 delivery,2 / 2,none,Catalogue whole-course estimates (wrong),Find intakes and delivery pages,E7.md,2026-10-06 05:48
Gippsland Institute of Technology,b30efc1b-e9c1-4604-9f47-f6dbb0b98dfc,AU,-,admitting,delivery; english,course page; pages on git.vic.edu.au,rolling/no months (throughout the year),central fees page (https://git.vic.edu.au/fees.aspx; not attachable kind),course page (IELTS 6.0 overall; 6.5 for 109007K; on 15),delivered via face-to-face training and independent study -> on_campus (14),duration; entry_requirement; ielts_overall; mode,ielts_overall; mode; duration; entry_requirement,none attachable (fee kind not attachable),0 + 0 delivery,15 / 23,0 rebound,"3 identity mismatches (120329K, 110954A, 107992K); 5 courses no page; no website on record",Fees need a central source,C12.md,2026-10-05 22:24
Glen Institute,a7499e11-54b6-4edf-a301-390b0d4f39ad,AU,https://glen.edu.au,admitting,delivery,course page,not published (Academic calendar link address not stored),not published (Fee Structure link address not stored),not published (refers to Admissions and Student Selection Policy; IELTS 5.5 to 6.0 banner is a general visa notice),Face to face classroom based -> on_campus (17),duration; entry_requirement; mode; student_type,mode; duration; student_type; entry_requirement,none attached,0 + 0 delivery,21 / 21,website set https://glen.edu.au,"106383K live capture says domestic students only, stored page targets international","Fees, dates and English need a source",C17.md,2026-10-05 23:04
Glenhill College,3b7cd052-945d-4236-b21c-76645808e3a8,AU,https://www.glenhillcollege.edu.au/,admitting,delivery; fee,"page ""$X This fee is the total for the required N UOC and any issued textbooks""",not published,course page whole-course total / weeks (all-inclusive incl. textbooks),"course page (5.5, 1 page only)","Diploma of Business ""15 hours face-to-face plus 5 hours online"" -> blended (1); on campus (3)",campus; course_years; duration; entry_requirement; fee; fee_total; ielts_overall; mode,fee; fee_total+course_years; duration; mode; ielts_overall; campus; entry_requirement,-,1 + 0 delivery,4 / 4,-,"All-inclusive fee includes textbooks, not itemised","Decide Grad Dip Agribusiness fee (page 24,000 vs register 32,000)",D9.md,2026-10-05 22:59
Global College of Management,a60d0393-e704-44da-8cee-c8c54b04c1e7,AU,https://www.gcm.edu.au,admitting,delivery; english; fee,"page with Course Fees Total, duration, IELTS, delivery",not published (Intake Date menu link only),course page whole-course total / weeks (not explicitly labelled international),"course page (6.0, 10 of 10)",delivery -> on_campus (10 of 10),campus; course_years; fee_total; ielts_overall; mode,fee_total+course_years; ielts_overall; mode; campus,-,0 + 0 delivery,10 / 13,Website set https://www.gcm.edu.au,"Fee accepted as CRICOS international though heading only says ""International students must:""; 3 courses no page",-,C54.md,2026-10-06 06:06
Global Healthcare Management College Pty Ltd,55402d21-5bc0-494f-a09b-2eef022c86fd,AU,https://ghmc.edu.au,admitting,delivery,"course page with one all-inclusive fee, delivery and Monthly intakes",rolling/no months; Monthly intakes,"course page whole-course total / years; single all-inclusive figure, not labelled international",generic reader,Face to Face -> on_campus (15),course_years; duration; fee_total; mode,fee_total; course_years; duration; mode,-,0 + 0 delivery,16 / 16,Website set https://ghmc.edu.au; 0 rebound,"two same-title diplomas (116119K, 118840B) share one page with different catalogue totals",Confirm fee is international and resolve shared-page diplomas,C37.md,2026-10-06 05:20
Global Institute,84aca37a-c5da-4be7-a0c2-0a61b5cb86da,AU,https://www.globalinstitute.edu.au,admitting,delivery; english,-,-,-,-,-,campus; entry_requirement; ielts_overall; mode,-,-,0 + 0 delivery,11 / 11,-,-,-,register (before night run),2026-10-06 06:41
Global Institute of Education,6d3d9254-54b9-455f-a99d-292a3d95969e,AU,https://gie.edu.au,admitting,delivery; fee,international panel beside domestic panel (international prints first),"not published (""starts every fortnight"")",course page whole-course total / years (international panel),not published (entry only; IELTS 6.0 in entry_requirement text),Face to Face -> on_campus (10 of 10),campus; course_years; duration; entry_requirement; fee_total; mode,"fee_total+course_years; \s* spacing for ""Course Fees $x""; duration; mode; campus; entry_requirement",-,4 + 2 delivery,11 / 13,Website set https://gie.edu.au,Catalogue holds register-style tuition differing from pages; 108742J/115642K delivery from domestic page may still be admitted (no delivery exclusion recorded); 2 identity_mismatch,Review catalogue register-style fees; check delivery on 108742J and 115642K,C53.md,2026-10-06 06:11
"Global Leadership Institute Pty Ltd, Australian Cybersecurity Institute",171b8bec-4d11-4fef-909a-7da3f593f343,AU,https://www.gli.edu.au,admitting,english,"course page with whole-course fee, duration in years or months and IELTS","not published; semester names only, no months",course page whole-course total / years (6 months doubled); 2 differ from catalogue,course page (14 agree),not published,course_years; duration; fee_total; ielts_overall,fee_total; course_years; duration (fixed 0.5 Year); ielts_overall,english_policy https://gli.edu.au/policies/english-language-proficiency-policy/,2 + 0 delivery,14 / 14,0 rebound,"fee agreement 78 percent; 118548F was 2,000 until duration pattern fixed; 500 deposit stored as tuition","Decide 15,000 vs 12,500 difference; supply a calendar page for term months",C43.md,2026-10-06 05:57
Gold Coast International College,c6397778-7da2-4d07-a2ba-a56d10f80613,AU,https://gic.edu.au,admitting,fee,course page with fee and duration; page text carries injected spam,not published (every Monday),course page whole-course total / weeks,"conditional/example only (""6.0+ (if required)"")","Mixed Mode Delivery / workshop wording -> blended, not admitted",course_years; duration; fee; fee_total; ielts_overall; mode,"fee; fee_total+course_years; duration; mode; ielts_overall; anchored on CRICOS code to avoid spam; pattern fixed for ""$AU 13 ,000"" spacing",-,1 + 0 delivery,13 / 14,Website set https://gic.edu.au,"Site injected with replica-watch spam; spaced amounts misread (resource fee 1,000); catalogue holds whole-course totals (5 wrong); 112570A bound to diploma page",-,C48.md,2026-10-06 05:48
Gold Coast Learning Centre,f2ec4927-522c-42a7-8de4-33ada6684595,AU,https://www.goldcoaststudy.com,admitting,delivery,-,-,-,-,-,campus; duration; entry_requirement; mode,-,english_policy https://www.goldcoaststudy.com/; english_policy https://www.goldcoaststudy.com/faq/; english_policy https://www.goldcoaststudy.com/policies-and-procedures/entry-requirements-elicos/; fee_schedule https://www.goldcoaststudy.com/faq/; fee_schedule https://www.goldcoaststudy.com/policies-and-procedures/entry-requirements-elicos/; fee_schedule https://www.goldcoaststudy.com/wp-content/uploads/2022/08/GCLC-Cancellation-of-Course-Request-Form-1.pdf; intake_calendar https://www.goldcoaststudy.com/wp-content/uploads/2025/02/2026-Academic-Calendar_Cert-III-Hairdressing.pdf; intake_calendar https://www.goldcoaststudy.com/wp-content/uploads/2025/02/2026-Academic-Calendar_Cert-IV-in-Business.pdf; intake_calendar https://www.goldcoaststudy.com/wp-content/uploads/2025/10/2027_Academic-Calendar_General-English.pdf,0 + 0 delivery,27 / 36,-,-,-,register (before night run),2026-10-06 06:37
Gordon Institute of TAFE,429aa292-fa6c-4b07-8f23-23f790dece92,AU,http://www.gordontafe.edu.au/,admitting,english; fee,international view /international/international-courses/<slug> (12); domestic pages (7) not read,"course page months (Intakes 2027 February, July; not admitted: differs from catalogue taken from domestic pages)","course page whole-course total / years (Total tuition fee, Duration Full-time; non-tuition left out)",course page (IELTS on 11),not published (not printed consistently),campus; course_years; duration; entry_requirement; fee_total; ielts_overall; intakes,intakes; fee_total+course_years; duration; campus; ielts_overall; entry_requirement,-,22 + 7 delivery,19 / 19,"10 rebound from domestic to international pages (109762H, 109312A, 119570M, 118872E, 115169H, 111651H, 112035B, 112051B, 109624G, 113590M); re-read sent",Intakes agreement 3 of 12 fails 90% test because catalogue intakes came from domestic pages,Decide intakes admission or refresh catalogue,C20.md,2026-10-05 22:57
Grandford College Australia,7d5a39f3-6ae4-44b6-9954-c3d3c851ff38,AU,https://grandford.edu.au,admitting,delivery; english,"course page; Course Fees heading empty, fees on separate Course Fees page",not published,"central fees page (Course Fees page, not an attachable kind)","course page (6.0, 3 agree)","Classroom Blended incl. classroom sessions, self-study -> blended, admitted (3)",aqf_level; duration; entry_requirement; ielts_overall; location; mode,mode; duration; location; aqf_level; ielts_overall; entry_requirement,-,0 + 0 delivery,4 / 5,Website set https://grandford.edu.au,117572C fetch_failed; 117571D shares page with 120365F,-,D6.md,2026-10-05 22:28
Greenhouse Education,-,-,-,admitting,delivery,Page prints funded-student cost and fee-for-service price; international delivery stated,rolling/no months (classes start every few weeks),"not labelled international (Total course cost $10,250 is WA funded)",not published,Classroom-based training only (CRICOS) -> on_campus,-,mode; duration,-,-,-,none,"Provider listed as N/A; existing fee reading 10,250 is the funded fee and disagrees with catalogue international totals (9,500; 14,500)","Review existing 10,250 fee reading; fix provider name",D12.md,-
"Greenwich English College, Greenwich Management College",21e1cb6d-9c85-431f-b354-43b7370e5f40,AU,https://greenwichcollege.edu.au,admitting,english,Course pages print duration and entry panel; delivery and campus only in site-wide menus,not published; pages say only '6 intakes per year' / 'start every 8 weeks',not published on course pages,course page; IELTS 5.5,Not read (menus/footers only),duration; entry_requirement; ielts_overall,duration; ielts_overall; entry_requirement text-only,english_policy https://www.greenwichcollege.com.au/; english_policy https://www.greenwichcollege.com.au/certificate-iv-in-leadership-and-management; fee_schedule https://www.greenwichcollege.com.au/; intake_calendar https://www.greenwichcollege.com.au/; intake_calendar https://www.greenwichcollege.com.au/certificate-iv-in-leadership-and-management,1 + 0 delivery,21 / 44,1 rebound (Dip Project Management to its own page); website set to https://greenwichcollege.edu.au,16 identity_mismatch; 6 with no page; 14 courses bound to Cert IV Leadership page; Intake Dates menu page has no stored URL,Needs stored link or sitemap read for intakes/fees pages and own pages for ~22 courses; check whether Grad Dip moved,B20.md,2026-10-06 00:06
Greenwood Academy of Animal Care and Agriculture,47e24995-5dfb-43f4-8752-84cfa0d3b6b2,AU,https://gwacademy.edu.au,admitting,english,"Course pages print international tuition, duration, IELTS; no intakes or delivery",not published,"course page whole-course total / years (8,000; 14,000; 10,000; 24,000/1.5)",course page: IELTS 6.0,not published,course_years; duration; entry_requirement; fee_total,fee_total+course_years; duration; entry_requirement,-,0 + 0 delivery,4 / 4,"3 rebound (111793E, 117282B, 117283A to own addresses); website set gwacademy.edu.au","Fee 4 of 4 differ from catalogue totals (12,000/18,000/14,000/28,000); not admitted",Decide which fee is current (page vs catalogue),D15.md,2026-10-06 00:15
Griffith University,36086f5e-9fe0-4878-aa40-1897a7d8cb24,AU,https://www.griffith.edu.au,admitting,delivery; english; exit_awards; fee,-,-,-,-,-,campus; duration; entry_requirement; exit_awards; fee; ielts_overall; intakes; mode,term_months,english_policy https://www.griffith.edu.au/apply/international; english_policy https://www.griffith.edu.au/apply/international/understanding-entry-requirements; english_policy https://www.griffith.edu.au/international/griffith-english-language-institute/courses/direct-entry-program/study-duration; fee_schedule https://ask.secure.griffith.edu.au/app/answers/detail/a_id/489/~/can-i-pay-my-tuition-fees-in-instalments-using-an-academic-payment-plan-(app)?; fee_schedule https://www.griffith.edu.au/apply/international/fees; fee_schedule https://www.griffith.edu.au/life-at-griffith/australia/cost-of-studying; intake_calendar https://student.griffith.edu.au/my-study/academic-calendars-and-key-dates; intake_calendar https://student.griffith.edu.au/my-study/academic-calendars-and-key-dates/apply-to-study-key-dates; intake_calendar https://www.griffith.edu.au/__data/assets/pdf_file/0036/1475757/2027-Academic-Calendar.pdf,0 + 0 delivery,260 / 297,-,-,-,register (before night run),2026-10-05 17:15
Harbourside Institute of Australia Pty Ltd,07f1235e-2333-4646-a2cd-bfcdeb9d021e,AU,https://www.harbourside.nsw.edu.au,admitting,delivery; english,course page,not published (no evidenced Intake Dates URL),not published,course page (IELTS 6.0 or Complete and Pass HIA English Assessment),14h face to face + 6h online -> on_campus_and_online (17); EAP and General English print none,duration; entry_requirement; ielts_overall; mode,duration; mode; ielts_overall; entry_requirement,english_policy https://harbourside.nsw.edu.au/enrollment/; english_policy https://harbourside.nsw.edu.au/wp-content/uploads/2020/02/EnrolmentApplicationForm_v2.0.pdf; english_policy https://harbourside.nsw.edu.au/wp-content/uploads/2024/11/Student-Handbook.ELICOS.202410.pdf; fee_schedule https://harbourside.nsw.edu.au/enrollment/; fee_schedule https://harbourside.nsw.edu.au/wp-content/uploads/2020/02/EnrolmentApplicationForm_v2.0.pdf; fee_schedule https://harbourside.nsw.edu.au/wp-content/uploads/2024/10/Enrolment-Application-Form_Oct-2024-fillable.pdf; intake_calendar https://harbourside.nsw.edu.au/; intake_calendar https://harbourside.nsw.edu.au/enrollment/; intake_calendar https://harbourside.nsw.edu.au/student-services/,0 + 0 delivery,23 / 23,"5 rebound (104829A, 104463D, 112418J, 115556H, 112419H); re-read sent",Pages read on /enrollment/ and another course's page before rebind; 104463D page not yet read,Fees and dates need a source,C10.md,2026-10-05 22:29
Hawk Institute,ec24db4f-6caa-44d2-902d-dbdce5265af7,AU,https://www.hawkinstitute.edu.au,admitting,delivery; english; fee,-,-,-,-,-,campus; course_years; duration; entry_requirement; fee_total; ielts_overall; mode,-,-,3 + 5 delivery,11 / 11,-,-,-,register (before night run),2026-10-06 06:38
Helix College Pty Ltd,bb0e5aed-a647-48f0-b625-80038c3a2cdf,AU,https://helixcollege.edu.au,admitting,delivery; english,course page,not published,not published,course page (IELTS 6.0 overall on 13),delivered in the blended environment -> blended (13),duration; entry_requirement; ielts_overall; location; mode,ielts_overall; mode; location; duration; entry_requirement,none (no fee or key-dates page stored),0 + 0 delivery,20 / 21,website set https://helixcollege.edu.au,7 pages give no readings: 3 health-services pages different layout; 4 duplicates matched only by exact title,Fees and dates need a source,C17.md,2026-10-05 23:04
Higher Education Institute,edbc7427-721d-4b6e-9aa8-a636dc88fadc,AU,https://hei.nsw.edu.au,admitting,english; fee,"page ""Full Course (N units): $X""; banner ""draft not-for-public release""",central calendar page (Academic Calendar download),course page whole-course total / years (not labelled domestic or international),course page (5 agree),not published,course_years; duration; entry_requirement; fee_total; ielts_overall,fee_total+course_years; duration; ielts_overall; entry_requirement,-,0 + 0 delivery,5 / 5,Website set https://hei.nsw.edu.au,Catalogue holds whole-course register totals (4 wrong); site banner marks draft,-,D7.md,2026-10-05 22:25
Highgate International College Pty Ltd,28d9b4c0-dea0-4b35-a330-7f9ce955ed60,AU,https://hic.edu.au,admitting,delivery; english,"course page with duration, fee, IELTS, delivery and Monthly intakes",rolling/no months; printed as Monthly,course page whole-course total / years; 7 of 8 differ from catalogue,course page (14 agree),Face to Face -> on_campus (13); Blended - Face to Face and Online -> on_campus_and_online (2),course_years; duration; fee_total; ielts_overall; mode,fee_total+course_years; duration; ielts_overall; mode,-,0 + 0 delivery,16 / 18,Website set https://hic.edu.au; 0 rebound,Adv Dip Hospitality bound to an identity-mismatch page; catalogue holds intakes on 12 courses but page says only Monthly; fee disagrees with catalogue,"Decide on fee (page vs catalogue); check Cert III Individual Support 5,633 short course",C27.md,2026-10-06 00:11
Hilltop College Australia Pty Ltd,52a71441-c51f-42d8-8f6d-bb9026ef8b83,AU,https://www.hilltopcollege.edu.au,admitting,delivery,-,-,-,-,-,campus; duration; mode,-,-,0 + 0 delivery,8 / 12,-,-,-,register (before night run),2026-10-06 06:35
HILTON ACADEMY,949be649-3de1-42de-ad4d-a9174a348c2d,AU,http://www.hilton.edu.au,admitting,delivery; english; fee; intakes,"panel with Tuition Fee, Duration weeks, Intake Dates, delivery","course page months (Intake Dates 2026, e.g. 13th April ... 16th November)",course page whole-course total / weeks (Tuition Fee panel equals CRICOS register total),course page (band 6 overall),Face-to-face delivery -> on_campus,campus; course_years; duration; entry_requirement; fee_total; intakes; mode; study_level,intakes; fee_total+course_years; duration; mode; campus; study_level; entry_requirement,-,0 + 0 delivery,4 / 5,-,105163H bound to Adv Dip page and mismatched (may not be offered),Own page for 105163H,D3.md,2026-10-05 21:55
"Holmesglen, Holmesglen Institute",4b0e9d62-2ad7-4467-911c-1571e30a74d6,AU,https://www.holmesglen.edu.au,admitting,delivery; english,"International '-int' pages: summary line (Duration, Delivery, Intakes, Fees per year, Campus); domestic view on non '-int' pages",render needed; summary-line Intakes filled by browser (stored text blank),"course page annual ('International Fee $X Per Year'); on 25 of 28 -int pages, label on only 15 of 40",course page,On Campus; Mixed Delivery On Campus -> on_campus (mixed = classes plus placement),campus; duration; entry_requirement; fee; ielts_overall; intakes; mode,intakes; fee; ielts_overall; mode; duration; campus; entry_requirement; url_pattern '-int$' for page_view render,english_policy https://www.holmesglen.edu.au/explore-courses/business-and-finance/accounting-and-financial-services/higher-education/bachelor-of-applied-digital-business-int; english_policy https://www.holmesglen.edu.au/study-with-us/international-student-study/how-to-apply-international-students; english_policy https://www.holmesglen.edu.au/study-with-us/international-student-study/how-to-apply-international-students/English-requirements-for-international-students; fee_schedule https://www.holmesglen.edu.au/content/dam/holmesglen/pdf/higher-education/tuition-fee/BADB-Individual-subject-fees.pdf; fee_schedule https://www.holmesglen.edu.au/current-students/course-resources/fees-and-payments/international-student-fees; fee_schedule https://www.holmesglen.edu.au/explore-courses/business-and-finance/accounting-and-financial-services/higher-education/bachelor-of-applied-digital-business-int; fee_schedule https://www.holmesglen.edu.au/study-with-us/international-student-study/international-fees-and-funding; intake_calendar https://www.holmesglen.edu.au/content/dam/holmesglen/pdf/study-with-us/HE-Courses-Academic-Calendar.pdf; intake_calendar https://www.holmesglen.edu.au/current-students/course-resources/census-dates; intake_calendar https://www.holmesglen.edu.au/study-with-us/higher-education-study/higher-education-admissions-and-policies,4 + 10 delivery,40 / 43,0 rebound; no website change,Intakes need render (worker deferred 28 view reads); 12 domestic-view pages bound to non-CRICOS variants; entry text carries HTML entities,"Decision: admit fee on Platform Admin say-so (all checked values right); re-save page_view render, run read_view, then add intakes",B22.md,2026-10-06 00:17
Hospitality Training Academy,289e0f88-992d-4969-a635-8128155f90f5,AU,https://hta.edu.au/,admitting,delivery,page with classroom delivery and duration,not published,not published,not published,face-to-face 20 hours per week in a classroom -> on_campus (8),duration; mode,delivery; duration,-,0 + 0 delivery,8 / 12,No rebinds,"4 courses bound to course list page, none rebound; catalogue durations look wrong (cookery 60 vs 102; patisserie)",-,C57.md,2026-10-06 06:08
ICHM,d263eab5-2ead-443f-82d1-37800b29a6b0,AU,http://www.ichm.edu.au,admitting,delivery; intakes,course page with intake dates and per-subject fee tables,"course page months (Intake Dates 16 Feb, 4 May, 27 Jul, 12 Oct 2026)","per week/unit/term (per subject: Master A$3,200 per subject; total indicative $41,600; undergrad per subject per semester)",course page (IELTS on 3),on_campus (8),aqf_level; campus; duration; ielts_overall; intakes; mode; student_type,intakes; mode; campus; ielts_overall; aqf_level; duration; student_type,english_policy https://www.ichm.edu.au/courses/bachelor-of-business-hospitality-management; english_policy https://www.ichm.edu.au/future-students/domestic-students; english_policy https://www.ichm.edu.au/future-students/international-students/entry-requirements; fee_schedule https://www.ichm.edu.au/courses/study-abroad; fee_schedule https://www.ichm.edu.au/future-students/fees-and-payment/fees; fee_schedule https://www.ichm.edu.au/future-students/fees-and-payment/scholarships; intake_calendar https://www.ichm.edu.au/courses/master-of-international-hotel-management; intake_calendar https://www.ichm.edu.au/courses/study-abroad; intake_calendar https://www.ichm.edu.au/future-students/academic-calendar,2 + 1 delivery,8 / 27,-,19 of 27 identity mismatches (Diploma/Assoc Degree/Bachelor variants bound to BBus Hospitality page); duration written in words,Decide whether to keep the 108389K exclusion (undo with exclude false); fee candidate for admin_provider_credit_fee; re-read sent,C5.md,2026-10-05 21:56
ICL Education Limited,ff623d35-022f-4d08-b7dc-ce36d493eefd,NZ,https://www.icl.ac.nz,admitting,english,-,-,-,-,-,campus; duration; entry_requirement; ielts_overall,-,-,0 + 0 delivery,7 / 11,-,-,-,register (before night run),2026-10-06 06:34
IESC,1b4d994a-8610-4bd8-a677-6fe3ca9f82e5,AU,-,admitting,delivery; english,"2 VET pages print IELTS, delivery, duration; ELICOS pages neither",not published,central fees page (downloadable fee document),"course page (6.0, VET pages only)",20 hours a week face-to-face -> on_campus (2),duration; entry_requirement; ielts_overall; mode,duration; mode; ielts_overall; entry_requirement,-,0 + 0 delivery,4 / 5,-,High School Prep unbound,-,D5.md,2026-10-05 22:24
Ikon Institute of Australia,6e7d9112-8671-4ae0-9946-c27105eb731b,AU,https://www.ikon.edu.au,admitting,english; intakes,course page; Course Fees panel shows Domestic / International labels only,"course page months (Intakes February, May, September)",not published (amounts not in stored text),course page (IELTS Academic 6.5 / 7.0 on 14),On Campus Online* (up to a third online for international) -> on_campus_and_online (14); online (3); not admitted,duration; entry_requirement; ielts_overall; intakes; location; mode,intakes; ielts_overall; mode; location; duration; entry_requirement,-,0 + 0 delivery,17 / 19,-,2 Associate Degrees on Bachelor pages (identity mismatch),Fees need a render or source,C21.md,2026-10-05 22:56
ILLOURA COLLEGE,442e87e2-488e-4ba9-8bdb-294873e8ca29,AU,https://www.illoura.edu.au,admitting,delivery; english; fee; intakes,"course page header: Tuition Fees AU$ x (International) AU$ x (Domestic), Duration n Weeks, Mode of Delivery",course page months,course page whole-course total / weeks (26 weeks = one semester x2),"course page (IELTS Academic 6.0, no band less than 5.5)",Face to Face -> on_campus,course_years; duration; entry_requirement; fee_total; ielts_overall; intakes; mode,"intakes; fee_total+course_years; ielts_overall; mode; duration; entry_requirement (text-only, code-anchored)",-,2 + 0 delivery,4 / 18,1 rebound (112142K to /course/diploma-of-hospitality-management/); re-read sent,"14 courses have no stored page or provider URL; 26-week Adv Diploma at 4,500 as printed","Site discovery for illoura.edu.au; human look at 4,500 fee",C25.md,2026-10-06 00:07
Imagine Education Australia,29abe8aa-2ab1-4113-b65b-83edba3d8451,AU,https://www.imagineeducation.com.au,admitting,english,course page; fees on separate FEES menu page,not published,not published (separate FEES menu page),"course page (requires IELTS 6.0, no band less than 5.5; on 16)",not published,campus; duration; entry_requirement; ielts_overall,duration; campus; ielts_overall; entry_requirement,english_policy https://www.imagineeducation.com.au/copy-of-junior-english; english_policy https://www.imagineeducation.com.au/high-school-pathways; english_policy https://www.imagineeducation.com.au/ielts-prep; fee_schedule https://www.imagineeducation.com.au/_files/ugd/66f0a3_4d18fa056a964f809d3d6abd14bb6699.pdf; fee_schedule https://www.imagineeducation.com.au/_files/ugd/66f0a3_a2c9913bcbd14a7da925a1566e173010.pdf; fee_schedule https://www.imagineeducation.com.au/_files/ugd/66f0a3_df495b179a1e4d088dc0058180664a01.pdf; fee_schedule https://www.imagineeducation.com.au/enrol-now; fee_schedule https://www.imagineeducation.com.au/fees; fee_schedule https://www.imagineeducation.com.au/school-age-dependents; intake_calendar https://www.imagineeducation.com.au/; intake_calendar https://www.imagineeducation.com.au/cert-iii-childcare; intake_calendar https://www.imagineeducation.com.au/cert-iv-mark-comm,0 + 0 delivery,18 / 26,0 rebound,"No fee, start dates or delivery on pages; 8 identity mismatches (other-course, news, testimonials, faculty pages)",Fees and dates need a source,C6.md,2026-10-05 22:24
Imperial College of New Zealand Limited,6ef0ae14-b3dc-419d-b780-0325268f2736,NZ,https://www.imperial.ac.nz,admitting,english,"course page ""English (International): IELTS 5.0 overall""",not published,not published,course page (5.0 / 5.5),not published,duration; ielts_overall,ielts_overall; duration,-,0 + 0 delivery,2 / 5,1 shared re-read,NZCEL L4 bound to Small Business page; Diploma in Construction bound to /about-us,Rebind,D2.md,2026-10-05 21:53
Imperial Institute of Sydney,f95b714a-a1aa-4339-be8b-982253ed2062,AU,https://iis.edu.au,admitting,delivery; english,"course page with Study Mode, IELTS and duration; 13 of 15 say contact marketing for fee",not published,"course page total on 2 pages only (32,500 all-inclusive incl 2,500 other); contact marketing team",course page (15 agree),Face To Face -> on_campus (17); Blended -> blended (1),course_years; duration; entry_requirement; fee_total; ielts_overall; mode,mode; duration; ielts_overall; fee_total+course_years; entry_requirement,-,1 + 0 delivery,18 / 18,Website set https://iis.edu.au; 0 rebound,fee only on 1 page of 18; all-inclusive total includes other fees,"Decide fee convention (all-inclusive 32,500 includes 2,500 other fees)",C29.md,2026-10-06 00:06
Innovative Institute of Australia Pty Ltd,540b92e0-0116-442e-8289-37176132f68a,AU,https://www.innovative.edu.au,admitting,delivery; english; fee,"page with Delivery Mode, weeks, IELTS, tuition",central calendar page needed (none in stored links); not printed on pages,"course page whole-course total / weeks (""course spans N weeks""); no international label, accepted as CRICOS","course page (6.0, 10 of 12)",Delivery Mode -> on_campus (12 of 12),course_years; duration; entry_requirement; fee_total; ielts_overall; mode,fee_total+course_years only where page says spans/comprises N weeks or full-time over N weeks; ielts_overall 5-9.x only; mode; duration; entry_requirement,-,3 + 0 delivery,12 / 13,Courses not rebound (108704D bound to instructor page),Catalogue holds whole-course totals; IELTS noise 50.00 and 64.00; 6 pages state weeks excluding term breaks so no fee read; shared page for 109011C and 120324D,Find intake source,C49.md,2026-10-06 05:50
INSTITUTE OF BUSINESS AND MANAGEMENT (VICTORIA),7603b2fa-f61c-475b-8b9f-f8a575997a42,AU,https://www.ibm.vic.edu.au,admitting,english,page with Tuition Fee; campus; central intake dates page,central calendar page (https://ibm.vic.edu.au/course-intake-dates/),course page whole-course total / weeks (Tuition Fee only),course page (12 of 12),not published,campus; course_years; fee_total; ielts_overall,fee_total+course_years (total/weeks over 52); ielts_overall; campus,intake_calendar https://ibm.vic.edu.au/course-intake-dates/,0 + 0 delivery,12 / 12,-,"Catalogue fee 13,750-19,750 vs page 8,937-14,560, differs on 11; 116172E and 116174C point to handbook",Decide fee source; then read intake calendar and consider admitting intakes,C58.md,2026-10-06 06:12
Institute of Culinary Education,d98d92e5-56ea-4c02-81fa-8dbece60fdf0,AU,https://www.brc.edu.au,admitting,delivery,Course pages print face-to-face and weeks; only $100 airport pickup fee,not published,not published,not published,Face-to-face -> on_campus,duration; mode,mode; duration,-,0 + 0 delivery,2 / 3,website set https://www.brc.edu.au,Grad Dip of Management (Learning) identity_mismatch; catalogue fees whole-course totals,Find fees and dates pages,E7.md,2026-10-06 05:48
INSTITUTE OF MANAGEMENT LEARNING PTY LTD,b3cffcfc-ae92-476d-b25d-0b0fc9dfb80c,AU,https://iml.vic.edu.au,admitting,english,"Course pages print IELTS and duration; no fees, dates or delivery",not published,not published,course page: IELTS 5.5; 6.0; 5.5,-,duration; ielts_overall,ielts_overall; duration,-,0 + 0 delivery,3 / 3,website set https://iml.vic.edu.au,"No fees, dates or delivery printed",Find fees page,E3.md,2026-10-06 05:42
Institute Of Science Management And Technology,89addf70-055c-4895-8e54-df7b9ffae4d6,AU,-,admitting,delivery; english,Course page with header Delivery Mode and IELTS,"stale year (empty, contact us, or 2023-2025 dates only)",not published,"course page; 6.0 overall, 5.5 band",Blended -> blended,duration; entry_requirement; ielts_overall; mode,duration; mode; ielts_overall; entry_requirement,- (no stored links),0 + 0 delivery,28 / 30,0 rebound; no website change,No fees; catalogue already holds 27 month-only intake rows possibly from archived tables,Check the 27 catalogue intake rows against archived tables,C1.md,2026-10-05 22:01
INT Nurse Training,85588963-4f59-4483-b60b-daa6941f48fd,AU,https://int.edu.au,admitting,delivery; english,-,-,-,-,-,duration; entry_requirement; ielts_overall; mode,-,-,0 + 0 delivery,12 / 12,-,-,-,register (before night run),2026-10-06 06:37
"International College of Management, Sydney; Aspire English; Aspire Institute; International Sport College of Australia",435ca964-67a5-483c-bc8f-9d5ab059c0c2,AU,https://www.icms.edu.au,admitting,delivery; intakes,course pages print Main and Mid-Term Intakes and delivery (On-campus | Online*); no fee or IELTS,"course page months (e.g. Main Intakes: February, May, August; Mid-Term: March, June, October, December)",central fees page (2027 international fee schedules: undergraduate and postgraduate); catalogue holds whole-course totals,central english page (policy pages already attached),On-Campus | Online* -> on_campus_and_online; On campus -> on_campus; Online* footnote is visa regulation note,aqf_level; campus; duration; intakes; mode; not_admitting,"text-only; intakes, mode, campus, duration, aqf_level, not_admitting; start dates run over line breaks and 'and' as joiner",english_policy https://www.icms.edu.au/future-students/application-information/admission-information-2/postgraduate-requirements-grad-certs/; english_policy https://www.icms.edu.au/future-students/application-information/admission-information-2/postgraduate-requirements/; english_policy https://www.icms.edu.au/future-students/application-information/admission-information-2/undergraduate-requirements/; fee_schedule https://policies.icms.edu.au/refund-of-fees-policy-international-students/?print=pdf; fee_schedule https://www.icms.edu.au/fees/undergraduate-international-fees-2026/; fee_schedule https://www.icms.edu.au/international-student-online-payment/; intake_calendar https://www.icms.edu.au/future-students/orientation/; intake_calendar https://www.icms.edu.au/important-dates/; intake_calendar https://www.icms.edu.au/news/new-calendar-and-4-new-icms-start-dates/,1 + 0 delivery,35 / 65,3 rebound from scholarship page to own bachelor pages; no website change,"25 courses on wrong pages (nested or exit awards, Aspire/ISCA diplomas); fee-schedule parser found 0 fee rows from 10 table rows; catalogue fee totals wrong; stale August intake",Fee-schedule parse needed for central 2027 tables; exit-awards check for 25 courses; fix stale catalogue intakes,B10.md,2026-10-05 22:24
International Institute of Training Pty Ltd,bc78f8af-5aaa-4d92-9891-706de2c9636a,AU,https://www.iitraining.vic.edu.au/,admitting,delivery; english; fee,-,-,-,-,-,campus; course_years; duration; entry_requirement; fee_total; ielts_overall; mode,-,-,6 + 2 delivery,12 / 12,-,-,-,register (before night run),2026-10-06 06:34
Iona Trinity College of Higher Education Pty Ltd,efba294e-9b1b-4c2d-a39b-42d91082d3d3,AU,https://itc.edu.au,admitting,delivery; intakes,"Course Outline prints intakes, fee, duration, mode, AQF, campus","course page months (Semester 2 2026, July)","course page annual (18,360; 15,264); not labelled international so held back",not published,Face-to-face on campus -> on_campus,aqf_level; campus; duration; fee; intakes; mode,intakes; fee; duration; mode; aqf_level; campus (text-only),-,0 + 0 delivery,3 / 4,none,"Catalogue holds whole-course totals (36,720; 45,792); Korean pages unreadable (ADC no values; BTh Korean needs_render)","Confirm ITC annual fee is international, then admit fee",D13.md,2026-10-06 00:06
Ipswich Girls' Grammar School including Ipswich Junior Grammar School,6cff919b-d857-457c-b195-ffc6047e2c19,AU,https://www.iggs.qld.edu.au,admitting,delivery,Shared international page lists three CRICOS courses as full-time on campus only,not published,not published,conditional/example only (IELTS table by year level),on campus only -> on_campus,mode,mode,-,0 + 0 delivery,3 / 3,none,"Catalogue fees whole-course totals (243,996; 182,766; 92,164)",Find fee page,E2.md,2026-10-06 05:48
IVY LINK COLLEGE,8b15b11e-e692-4c51-babf-5f5b9810f94e,AU,https://ilc.edu.au,admitting,delivery; english,"page with IELTS, delivery; Academic Calendar link only","not published (Academic Calendar link, no URL stored)","not published (identical ""$12,000 total ... tuition $11,500"" template on every page)","course page (5.5, 6 of 6)",structured face to face delivery -> on_campus (6 of 6),course_years; ielts_overall; mode,ielts_overall; mode; course_years (duration only),-,0 + 0 delivery,6 / 13,Website set https://ilc.edu.au,Fee template identical across Cert III to Adv Diploma so not read; only 6 of 13 courses have pages,Site discovery for 7 courses; decide on fee template,C54.md,2026-10-06 06:06
James Cook University,fe6af182-f5ca-4a3c-bfb4-b0773ff1b113,AU,https://www.jcu.edu.au,admitting,fee; intakes,-,-,-,-,-,aqf_level; campus; duration; entry_requirement; fee; ielts_overall; intakes; study_level,-,english_policy https://www.jcu.edu.au/applying-to-jcu/international/coursework/academic-and-english-language-entry-requirements; english_policy https://www.jcu.edu.au/global-experience/inbound-programs/entry-requirements; english_policy https://www.jcu.edu.au/graduate-research-school/doctor-of-philosophy-candidates/entry-requirements/english-language-requirement; english_policy https://www.jcu.edu.au/policy/academic-governance/student-experience/admissions-policy-schedule-ii; fee_schedule https://www.jcu.edu.au/fees-and-financial-support; fee_schedule https://www.jcu.edu.au/policy/academic-governance/student-experience/international-tuition-fee-payment-and-refund-procedure2; fee_schedule https://www.jcu.edu.au/students/fees-and-financial-support/international-students; intake_calendar https://www.jcu.edu.au/brisbane/study-essentials/important-dates; intake_calendar https://www.jcu.edu.au/jcunow/home/key-dates; intake_calendar https://www.jcu.edu.au/students/academic-calendars; intake_calendar https://www.jcu.edu.au/students/academic-calendars/academic-calendars-2026/Trimesters.pdf,1 + 0 delivery,122 / 127,-,-,-,register (before night run),2026-10-05 17:06
JMC Academy,8d77204e-d6a1-4bf0-ba9b-3df2310bda33,AU,https://www.jmcacademy.edu.au,admitting,intakes,"Strip on /our-courses/ pages: Duration, Delivery Mode, Campus, Intakes, Application Codes","course page months (standard page, not confirmed international view)",not published; /international-study/ pages are shared landing pages,not published,"Hybrid on-campus & online -> on_campus_and_online (2 courses; required mix, not admitted); others on_campus",campus; duration; intakes; mode,intakes; mode; campus; duration,english_policy https://www.jmcacademy.edu.au/international/english-language-requirements/; english_policy https://www.jmcacademy.edu.au/media/nr2hk1tz/english-language-undergrad_vocational-permanent-edition_nov_2024.pdf; english_policy https://www.jmcacademy.edu.au/media/z1be1vjs/english-language-postgraduate-permanent-edition_nov_2024.pdf; fee_schedule https://www.jmcacademy.edu.au/international/international-fees/; fee_schedule https://www.jmcacademy.edu.au/media/nlrdzqli/international-student-fee-refund-policy-and-procedure.pdf; fee_schedule https://www.jmcacademy.edu.au/media/p35n2mcl/2026-fee-schedule_international_0326.pdf; fee_schedule https://www.jmcacademy.edu.au/media/qtrlzrn3/lacm-music-pathway-info-sheet-2024_v2.pdf; intake_calendar https://www.jmcacademy.edu.au/; intake_calendar https://www.jmcacademy.edu.au/international/intake-dates-study-modes/; intake_calendar https://www.jmcacademy.edu.au/study-at-jmc/intake-and-census-dates/,1 + 0 delivery,29 / 37,0 rebound; no website change,Intakes may not be international-specific; shared landing pages hold no per-course values,Find JMC international fee and English pages from stored links; resolve Stage Management intakes,B34.md,2026-10-06 06:04
Kalash Institute Australia Pty Ltd,795595ef-cd94-4a10-b7ba-e27177f79512,AU,https://kia.edu.au,admitting,english,"Pages print duration, mode, IELTS; fees say See Fees page; intakes TBA",not published (TBA),not published (See Fees page; URL not stored),course page: IELTS 6.0 (3 of 4),"Classroom / Blended x3 -> blended, not admitted; Face to Face -> on_campus",campus; duration; entry_requirement; mode,duration; mode; campus; entry_requirement,-,0 + 0 delivery,4 / 4,website set kia.edu.au,No stored links so no central fees page URL,Capture fees page URL,D15.md,2026-10-06 00:11
KCA Education,dd62d2e4-665f-4933-bc8d-e71662683aa6,AU,https://kca.edu.au,admitting,intakes,course page with intake months and duration,"course page months (Jan, Apr, Jul, Oct; EAP Apr, Jul, Oct)",not published; govt-funded and packaged pages only,not published,classroom plus online mix; not read,duration; intakes,intakes; duration,-,0 + 0 delivery,9 / 17,Website set https://kca.edu.au; 0 rebound; 8 courses have no evidenced own page,only 9 of 17 courses have pages; Cert IV Ageing Support bound to a Queensland Cert III page; General English bound to a category page,Find own pages for 8 courses,C32.md,2026-10-06 05:17
Kennedy Baptist College,a5c62304-e3f7-4b4f-9c7d-68a0c4446cbe,AU,https://www.kennedy.wa.edu.au,admitting,fee,One shared international page; Fees and Charges 2026,not published,"central fees page (25,320 per annum for Years 7-10 and 11-12)",not published,-,fee,fee,-,0 + 0 delivery,2 / 2,none,"Catalogue 111,590 and 67,264 whole-course (wrong); single shared figure applied to both courses; resource fees left out",Confirm shared figure,E10.md,2026-10-06 06:04
Kensington International College,233f5a28-54aa-4eb7-a215-9811158c61fe,AU,https://www.kic.edu.au,admitting,fee,-,-,-,-,-,course_years; duration; entry_requirement; fee_total; ielts_overall; location; mode,-,-,2 + 0 delivery,11 / 11,-,-,-,register (before night run),2026-10-06 06:33
Kent Institute Australia,b3d3ae78-318c-4061-b19a-a734b86c9f85,AU,https://www.kent.edu.au,admitting,delivery; english,course page; View Key Dates HERE and View Fees links,"central calendar page (academic-calendar, important-dates, VET 2026 calendar PDF held)","central fees page (held international fee PDF labelled 2025, stale; catalogue 074600G 49,440/2025 from it)",course page (IELTS Academic 6.0 on 12; Master 119286D wording not matched),Full-time (20 hours per week) using blended mode (face-to-face and supervised study sessions) -> blended,campus; duration; entry_requirement; ielts_overall; mode,ielts_overall; mode; campus; duration; entry_requirement,english_policy https://kent.edu.au/admission-criteria/; english_policy https://kent.edu.au/wp-content/uploads/2017/09/DOC-English-Language-Proficiency-Requirements.pdf; english_policy https://kent.edu.au/wp-content/uploads/POLICY-Student-Selection-and-Admission-Policy-and-Procedure.pdf; fee_schedule https://kent.edu.au/fees/; fee_schedule https://kent.edu.au/international-students/; fee_schedule https://kent.edu.au/wp-content/uploads/DOC-Tuition-and-Service-Fees-International.pdf; fee_schedule https://kent.edu.au/wp-content/uploads/POLICY-Student-Payments-Policy-Procedures-V13-20-August-2025.pdf; intake_calendar https://kent.edu.au/academic-calendar/; intake_calendar https://kent.edu.au/important-dates/; intake_calendar https://kent.edu.au/wp-content/uploads/DOC-Academic-Calendar-VET-2026.pdf,0 + 0 delivery,13 / 21,-,"Bachelor/Master pages print no delivery; 4 identity mismatches (098586C, 098587B, 110812D; 105940E shares page with 116363J)",Fees need a current source (held PDF is 2025),C15.md,2026-10-05 23:02
Keystone College of Business and Technology,c188e2fc-deb4-45a4-a593-6c4560890bcb,AU,https://www.kcbt.edu.au,admitting,delivery,course page points to a central Course Details/Prices page for fees,not published,central fees page (https://kcbt.edu.au/course-details-prices/); not an attachable kind,course page (IELTS on only 4 of 17; not admitted),Face-to-face -> on_campus (16); Blended Learning (Face-to-face / Online) -> on_campus_and_online (1),campus; course_years; duration; entry_requirement; ielts_overall; mode,campus; duration; course_years; mode; ielts_overall; entry_requirement,english_policy https://kcbt.edu.au/departments/english-language-program/; english_policy https://kcbt.edu.au/international-student-visa-information/; english_policy https://kcbt.edu.au/student-application/; fee_schedule https://kcbt.edu.au/international-student-visa-information/; fee_schedule https://kcbt.edu.au/wp-content/uploads/2026/03/Fees-and-Charges-Policy-V3-Nov-2023.pdf; fee_schedule https://kcbt.edu.au/wp-content/uploads/2026/03/KCBT-Refund-Policy.-V7-Jan-2026.pdf; intake_calendar https://kcbt.edu.au/; intake_calendar https://kcbt.edu.au/all-programs/; intake_calendar https://kcbt.edu.au/student-application/,0 + 0 delivery,17 / 27,-,Fees only on central prices page; 2 fetch_failed; 8 identity mismatches (5 bound to a form page),Decide how to take fees from the central prices page,C5.md,2026-10-05 21:59
King's Christian College,e1e665ad-631f-4a94-a2cf-0113d0b2ccff,AU,https://www.kingscollege.qld.edu.au,admitting,fee,One shared international fees page with table by year level and CRICOS code,not published,"central fees page (Years 7-10 and 11-12: 27,920 a year); Primary two annual fees by year",not published,-,fee,fee,-,1 + 0 delivery,3 / 3,none,"Catalogue 55,840 and 119,680 whole-course (wrong); non-tuition table left out",-,E4.md,2026-10-06 05:49
King's Own Institute,16fd98a2-1cb8-46f0-bd58-3b598f39e3be,AU,https://www.koi.edu.au,admitting,delivery,course page; fees on central page koi.edu.au/current-course-fees-for-2026/,not published (no key-dates URL stored),central fees page (koi.edu.au/current-course-fees-for-2026/; not attachable kind),not published,Face-to-Face with blended learning facilities -> blended (21),duration; mode,mode; duration,english_policy https://koi.edu.au/courses/postgraduate-courses/; english_policy https://koi.edu.au/domestic-applicants-entry-requirement/; english_policy https://koi.edu.au/international-applicants-entry-requirement/; fee_schedule http://koi.edu.au/wp-content/uploads/2026/06/KOI-Other-Fees-and-Charges-10062026.pdf; fee_schedule https://koi.edu.au/fees-payment/; fee_schedule https://koi.edu.au/wp-content/uploads/2025/03/KOI-official-tuition-fees-2025_06March2025-1.pdf; fee_schedule https://koi.edu.au/wp-content/uploads/2025/11/KOI_TUITION_FEES_2026-V_07_NOV_2025.pdf; fee_schedule https://koi.edu.au/wp-content/uploads/2026/01/Tuition-Fees-for-all-subjects_%2029January2026.pdf; intake_calendar https://koi.edu.au/koi-intake-dates/; intake_calendar https://koi.edu.au/wp-content/uploads/2025/05/2025-2026-Key-Intake-dates.pdf; intake_calendar https://koi.edu.au/wp-content/uploads/2025/11/2026_Key_Intake_Dates_11Nov2025.pdf,0 + 0 delivery,22 / 25,"2 rebound (083136G Grad Cert TESOL, 083135J Grad Dip TESOL: 2018 blogs -> course pages; Grad Dip still waiting)","No fee, IELTS or dates on pages; 3 identity mismatches (careers, student-portals, GDIS pages)",Fee decision needed (central 2026 fee page); re-read done,C7.md,2026-10-05 22:25
King's Own International College,a5ab2c62-98d1-4bcd-ac49-ba644d598747,AU,https://www.koic.nsw.edu.au,admitting,english,"ELICOS pages: Study Mode, Duration, Intakes; VET pages entry requirements only",rolling/no months (every Monday / fixed term),not published (VET pages point to Pre-Enrolment Guide),course page (9 of 9 agree; General English none),On-campus on 3 of 10 pages only -> not admitted,duration; entry_requirement; ielts_overall; mode,mode; duration; ielts_overall; entry_requirement,-,0 + 0 delivery,10 / 13,-,"Delivery only on 3 of 10 pages; VET pages defer fees, dates and delivery to a Pre-Enrolment Guide; 3 courses with no page",-,C50.md,2026-10-06 06:13
Kingsford Education Group Pty Ltd,ff928863-d284-4063-a687-abd64ff3d3bb,AU,https://www.kaa.edu.au,admitting,english,"page with fee, IELTS, delivery; no start dates",not published,course page whole-course total / weeks (no international/domestic label),"course page (6.0 etc, 13 of 13 agree)","Blended Learning (f2f plus online hours) -> blended, not admitted",course_years; duration; entry_requirement; fee_total; ielts_overall; mode,fee_total+course_years (weeks); ielts_overall; mode; duration; entry_requirement,-,0 + 0 delivery,13 / 14,Website set https://www.kaa.edu.au (13 pages),Fee page has no international/domestic label; catalogue holds older whole-course totals and disagrees on all 13,Decide which fee is current (catalogue vs page); then admit fee,C49.md,2026-10-06 05:44
Kingsford Institute of Higher Education,de76e33f-ee0b-457d-8c12-1af6068f8d3e,AU,https://www.kihe.nsw.edu.au/,admitting,delivery; fee; intakes,"Course pages print dates (domestic panel only), fee, campus; international panel beside domestic",course page months (printed in domestic panel only; match catalogue),"course page whole-course total / years (56,745/3 = 18,915; 49,200/2 = 24,600)","course page: IELTS 6.0; 6.5 via standard reader, not admitted","On-campus, Sydney -> on_campus",campus; course_years; duration; fee_total; intakes; mode,intakes; fee_total+course_years; mode; campus; duration,-,0 + 0 delivery,2 / 2,none,"Catalogue whole-course 56,745 and 49,200 (wrong)",-,E12.md,2026-10-06 06:04
Kingston International College,6f1787f2-0f50-47e6-aa90-4017c67986c8,AU,https://www.kingstoncollege.wa.edu.au,admitting,english; fee,Course pages with whole-course tuition and weeks,not published,course page whole-course total / years,course page; central english page linked,'20 hours per week classroom' not read,course_years; duration; entry_requirement; fee_total; ielts_overall,fee_total+course_years; ielts_overall; duration; entry_requirement,english_policy https://kingstoncollege.wa.edu.au/big-changes-to-english-language-requirements-for-subclass-500-student-visa-effective-august-2025/; english_policy https://kingstoncollege.wa.edu.au/english-language-test-requirements/; english_policy https://kingstoncollege.wa.edu.au/kic-courses/ielts-intensive-preparation-2/; fee_schedule https://kingstoncollege.wa.edu.au/; fee_schedule https://kingstoncollege.wa.edu.au/documents/brochures/KIC%20PROSPECTUS%20FEB%202025.pdf; fee_schedule https://kingstoncollege.wa.edu.au/kic-courses/ielts-intensive-preparation/; intake_calendar https://kingstoncollege.wa.edu.au/; intake_calendar https://kingstoncollege.wa.edu.au/course-intake-dates/; intake_calendar https://kingstoncollege.wa.edu.au/kic-mu-pathways/pathway-diploma-of-business-bachelor-of-business/,3 + 0 delivery,26 / 28,0 rebound; no website change,"No intake dates or delivery; hospitality 26 weeks at 5,500 annualised to 11,000",Read attached English page,C3.md,2026-10-05 21:58
KKTC EDUCATION PTY LTD,10a595ef-e8ed-4dce-95d0-9d090a83f9e6,AU,https://www.koolkidstrainingcollege.com.au,admitting,english,"page with IELTS, campus; for-ax international pages",not published,not published,"course page (6.0, no band below 5.5)","one class day plus online platform plus placement -> blended, not admitted",campus; entry_requirement; ielts_overall,ielts_overall; campus; entry_requirement; title_strip,-,0 + 0 delivery,4 / 4,Rebound 106735B and 118618H from domestic to /for-ax-chc50125-diploma.../; 1 re-read,"for-ax Diploma page serves the Cert III title and h1 (copy of Cert III international page), so adapter cannot confirm Diploma pages",Check for-ax Diploma page serving Cert III content,D8.md,2026-10-05 23:03
La Trobe College Australia,e36202be-816c-4d6d-b91a-9f76b8b0bb8e,AU,http://www.latrobemelbourne.edu.au,admitting,fee; intakes,course page: diplomas Duration 8 to 12 months with one 2026 International Fees A$ figure (annual),"course page months (Intake Dates February, June, October)","course page annual (diplomas); UG certificates (4 months, one trimester) not read; ELICOS per N weeks and labelled 2025",not published,On-campus on UG certificate pages only; not admitted,campus; duration; fee; intakes; mode,intakes; fee (diplomas only); duration; campus; mode,-,0 + 0 delivery,18 / 19,1 rebound (109163J UG Cert Health Services to /study-options/certificates/health/); re-read sent,"Catalogue wrong on UG certificates 109162K, 109164H, 109165G, 109166F (whole-course figure); x2 convention cannot be expressed from 4 months (gives x3); 085026J Foundation on landing page",Decide one-trimester UG certificate fees,C22.md,2026-10-05 22:55
La Trobe University,4f86e09a-557c-4544-a0a3-3eb5dc8468a9,AU,http://www.latrobe.edu.au/international,admitting,delivery; english; exit_awards; fee; intakes,-,-,-,-,-,aqf_level; campus; duration; entry_requirement; exit_awards; fee; ielts_overall; intakes; mode; not_admitting; student_type; study_level,render,english_policy https://policies.latrobe.edu.au/document/view.php?id=72; english_policy https://policies.latrobe.edu.au/document/view.php?id=72&version=1; english_policy https://www.latrobe.edu.au/international/applying/entry-requirements; fee_schedule https://policies.latrobe.edu.au/document/view.php?id=404; fee_schedule https://policies.latrobe.edu.au/document/view.php?id=405; fee_schedule https://www.latrobe.edu.au/international/applying/fees; intake_calendar https://www.latrobe.edu.au/__data/assets/pdf_file/0007/1708504/2026-LTU-Academic-Calendar-V1.1-1.pdf; intake_calendar https://www.latrobe.edu.au/calendar; intake_calendar https://www.latrobe.edu.au/calendar/academic-calendar,1 + 0 delivery,240 / 248,-,-,-,register (before night run),2026-10-05 17:04
Laidlaw College Incorporated,4fdf1c36-59eb-47e8-802d-39aea9f39b37,NZ,https://www.laidlaw.ac.nz,admitting,intakes,programme page; CAMPUS list mixes campuses with Distance Learning,course page months (STARTS February & July),not published (separate Fees page not on record),not published,not read (campus list mixes in Distance Learning; would say online only),campus; duration; intakes; study_level,intakes; duration; campus; study_level,english_policy https://www.laidlaw.ac.nz/english-language-requirements-international-students/,0 + 0 delivery,14 / 23,4 rebound (BA; BTh Honours; NZ Cert Christian Ministry; NZ Dip Christian Studies),No fee or IELTS on pages; 9 te reo / youth courses have no page,Fees page needs to be found,C11.md,2026-10-05 22:32
Lakewood Institute,59adb52a-a3be-4d14-bce0-d660530b3405,AU,https://lakewoodinstitute.edu.au,admitting,fee,"Course pages print fees, duration, delivery mix; no start dates",not published,"course page whole-course total / years (8,000; 9,000; 24,000/2)",not published,"14h classroom + 6h online -> required mix, not admitted",course_years; duration; entry_requirement; fee_total; mode,fee_total+course_years; duration; mode; entry_requirement,-,0 + 0 delivery,4 / 4,website set lakewoodinstitute.edu.au,Duplicate records 116965E/118861H share a page; 116965E has no reading,Decide on duplicate record,D15.md,2026-10-06 00:11
"Latrobe College of Art and Design, LCAD",bcadab7c-8d53-4665-ae40-6d97e54e5beb,AU,https://www.lcad.edu.au,admitting,fee,"course page title strip ""... Visual Art · LCAD""; ""Year Enrolment $19,200 (local) $21,450 (international)""","course page months (""entry dates per year: February, June, and September"")",course page annual (international one full-time year; per-term not read),not published,not published,duration; entry_requirement; fee; intakes; location,intakes; fee; duration; location; entry_requirement; title_strip/course_title_strip,-,0 + 0 delivery,3 / 5,Rebound 118996D and 118999A to /study-with-us/courses/visual-art/ and advanced-visual-art/; 2 re-reads,"Intakes not admitted: 118998B catalogue holds only next intake ""February""; hand-bound pages read only on re-read; Screen and Media courses bound to /documents/ pages not rebound",Decide intakes (next vs all),D4.md,2026-10-05 22:32
Laurus Higher Education,09e73dbf-0525-4fa3-82c6-425223f9c4c0,AU,-,admitting,english; intakes,"Course pages print intake table, IELTS, fee and delivery","course page months (Mar, Jun, Sep)","not labelled international (20,000; 24,000 vs register 69,000; 30,000); promotional",course page: IELTS 6.0; 6.5,Hybrid - online and in person -> not admitted,course_years; duration; entry_requirement; fee_total; ielts_overall; intakes; mode,mode; duration; intakes; ielts_overall; fee_total; course_years; entry_requirement,-,0 + 0 delivery,2 / 2,none,Fee differs from register and unlabelled; entry requirement text noisy,Decide on fee audience,E7.md,2026-10-06 05:42
Laurus NZ Limited,afd4bc65-2091-4b75-8412-15e5e4e1adfd,NZ,https://www.laurusnz.co.nz,admitting,delivery,"Course page prints intakes, mode, duration, campus; fee line says contact school",course page months (page shows September; catalogue holds May and September),not published (contact the school),not published,delivery read on 1 page -> admitted,campus; duration; intakes; mode,mode; duration; campus; intakes,-,0 + 0 delivery,1 / 4,none,3 of 4 courses bound to blog pages or HTTP 429; no stored site URLs so no rebind; intakes differ from catalogue,Intakes not admitted; find course pages for the other 3,D12.md,2026-10-06 00:13
Le Cordon Bleu Australia Pty Limited,2968fe36-b879-4b53-8318-664ed56d291a,AU,https://www.cordonbleu.edu/australia,admitting,delivery; english; fee; intakes,"KEY INFORMATION block: Intakes, CRICOS Code, Tuition Fees, Duration, Location, English Proficiency, Entry Requirements","course page months (Intakes line, e.g. January, May & August)",course page whole-course total / years (AU$ domestic and international; only international read),"course page (English Proficiency line, e.g. 6.5 Academic IELTS)",Location names a campus -> on_campus (8 of 16); city-only pages not read,campus; course_years; duration; entry_requirement; fee_total; ielts_overall; intakes; mode,"intakes; fee_total+course_years (6-month = one semester, x2; 15 months = 1.25); ielts_overall; campus; mode; duration; entry_requirement; bachelors divided by standard 3 years",english_policy https://www.cordonbleu.edu/australia/visa/en; english_policy https://www.cordonbleu.edu/new-zealand/english-language-providers/en; english_policy https://www.cordonbleu.edu/seoul/admission-international/en; fee_schedule https://www.cordonbleu.edu/london/international-students/en; fee_schedule https://www.cordonbleu.edu/new-zealand/terms-and-conditions/en; fee_schedule https://www.cordonbleu.edu/paris/tuition-fees/en; intake_calendar https://www.cordonbleu.edu/australia/academic-dates/en; intake_calendar https://www.cordonbleu.edu/madrid/academic-dates/en; intake_calendar https://www.cordonbleu.edu/seoul/admission-schedule/en,0 + 0 delivery,16 / 69,0 rebound; no website change,Catalogue holds whole-course totals as annual fee on 7 courses; ~50 entries (nested or exit qualifications) have no own page; Cert III Cookery bound to Grand Diplôme page,Catalogue to check whether unbound courses are offered or exit awards; admitted adapter values correct the 7 wrong fees,B9.md,2026-10-05 22:21
Lead College Pty Ltd,4b41907a-5f10-4aaf-863d-ec5f5cec37a8,AU,http://www.leadcollege.edu.au,admitting,english; intakes,"Course pages (WordPress) print Delivery Mode, Duration, Campus, Intake Dates, Entry Requirements",course page numeric dates (e.g. 5 October 2026); read on 26 of 35,not published; 'Course Duration/Fee' heading has no amount,"course page (6.0 overall, 5.5 band)","Blended (Face to Face + Online) -> on_campus_and_online; required mix, not admitted",campus; duration; entry_requirement; intakes; mode,intakes; mode; duration; campus; entry_requirement,english_policy https://www.leadcollege.edu.au/blog/7-easy-steps-to-get-into-lead-college/; english_policy https://www.leadcollege.edu.au/how-to-apply/; english_policy https://www.leadcollege.edu.au/wp-content/uploads/2026/07/F2-01A-Student-Enrolment-Completion-Policy-v4.1.pdf; fee_schedule https://www.leadcollege.edu.au/fee-charges/; fee_schedule https://www.leadcollege.edu.au/wp-content/uploads/2025/12/Lead-College-Additional-Fee-and-Charges-v2.10-Dec31-2025.pdf; fee_schedule https://www.leadcollege.edu.au/wp-content/uploads/2026/03/LEAD-Policy%E2%80%93FeePaymentandRefund-V2.3-MARCH2026.pdf; fee_schedule https://www.leadcollege.edu.au/wp-content/uploads/2026/07/F1-01A-Fee-Payment-Refund-Policy-v4.1.pdf; intake_calendar https://www.leadcollege.edu.au/; intake_calendar https://www.leadcollege.edu.au/how-to-apply/; intake_calendar https://www.leadcollege.edu.au/terms-calendar/,0 + 0 delivery,35 / 39,0 rebound; no website change,4 courses with 404 pages; Cookery bound to wrong page; Fee and Charges URL not stored,Re-read or manual check of 4 404 pages; find Fee and Charges page,B30.md,2026-10-06 05:42
"Leaders Institute Pty Ltd, Australian Agribusiness Institute, Australian Business Institute",6c582396-501c-43c0-b6fa-d7f41fbf7e2c,AU,http://www.leaders.edu.au,admitting,english; fee,course page with International Student Fees block (Total Course Fees) and duration in semesters or years,not published,course page whole-course total / years (6 months doubled); 7 catalogue wrong,course page (13 agree),not published,course_years; duration; fee_total; ielts_overall,fee_total; course_years; duration; ielts_overall,-,2 + 0 delivery,14 / 14,0 rebound,catalogue holds whole-course totals; per-semester EFTSL rates not annual,-,C44.md,2026-10-06 05:42
Lennox Institute Pty Ltd,16218765-489b-4f38-9d29-26f0a5a590a2,AU,https://www.lennoxcollege.edu.au,admitting,delivery; english,"Features line ""CRICOS Course Code {code} Duration N Weeks (Full Time) Fees $X""",not published,"course page whole-course total / weeks (all-inclusive, includes $250 application plus materials)","course page (6.0, 9 of 9)",Classroom based -> on_campus (9 of 9),course_years; duration; entry_requirement; fee_total; ielts_overall; mode,"fee_total+course_years; {code} anchoring; ""(Full Time)"" variant; duration; mode; ielts_overall; entry_requirement",-,0 + 0 delivery,9 / 12,-,Only 2 of 9 fees agree; catalogue holds whole-course tuition on 4; 3 automotive courses bound to category/Cert III page,"Decide whether to subtract itemised $2,000 from all-inclusive fee",C56.md,2026-10-06 06:12
Lincoln University,248374d1-0629-41cd-a6f4-0804c422a4ff,NZ,https://www.lincoln.ac.nz,admitting,delivery; fee; intakes,-,-,-,-,-,campus; course_years; duration; entry_requirement; fee; fee_total; intakes; mode; study_level,term_months,english_policy https://www.lincoln.ac.nz/study/apply-and-enrol/apply/english-language-requirements/; intake_calendar https://www.lincoln.ac.nz/study/key-dates/,14 + 2 delivery,91 / 199,-,-,-,register (before night run),2026-10-05 17:04
Linx Institute Australia,cf2e87c1-060c-4441-b8ed-18884eede934,AU,https://www.linx.edu.au,admitting,delivery,-,-,-,-,-,duration; mode,-,-,0 + 0 delivery,11 / 11,-,-,-,register (before night run),2026-10-06 06:39
Lyons College,90c64303-7a91-4d39-8f8c-b8a262ca1f28,AU,https://www.lyons.edu.au,admitting,delivery; fee; intakes,"course page with intakes, fee and delivery; duration split domestic and international",course page months (12 agree),course page whole-course total / years; single fee not labelled international,not read by adapter,course page wording -> on_campus (16),course_years; duration; entry_requirement; fee; fee_total; intakes; location; mode,fee; fee_total; course_years; duration; mode; intakes; location; entry_requirement,-,4 + 0 delivery,16 / 17,"0 rebound; 120749A bound to another course's page, readings not used","per-unit 3,300 and per-semester 8,400 stored as fees in catalogue; fee not labelled international",Confirm fee is international,C30.md,2026-10-06 05:21
Magill College Sydney,b029dcbb-6c52-45e8-a5df-d1b0b4290359,AU,https://www.magill.edu.au,admitting,english; fee,course page with fee panel and IELTS,not published,"course page whole-course total / weeks (""Course fee A$ N"")","course page (6.0, 11 of 11)",not published,course_years; entry_requirement; fee_total; ielts_overall,fee_total+course_years; ielts_overall; entry_requirement,-,0 + 0 delivery,13 / 13,-,Catalogue holds no international fees or intakes; General English and Grad Dip Management (Learning) not read,Start dates and delivery not on course pages,C51.md,2026-10-06 06:03
"Malvern International College, Central Melbourne Institute",70cb3af9-81c9-4986-a287-456a2d4a1eb5,AU,https://www.cmi.vic.edu.au,admitting,delivery; english,"course page with Tuition Fee (whole course), delivery and entry requirements",not published,course page whole-course total / weeks; 12 of 13 differ from catalogue,course page (14 agree),on_campus (14),course_years; duration; entry_requirement; fee_total; ielts_overall; mode,fee_total; course_years; duration; ielts_overall; mode; entry_requirement,-,0 + 0 delivery,14 / 15,"0 rebound; 103974M bound to Agents page, no own page",fee fails 90 percent rule; General English prints no duration,Decide fee (page vs catalogue),C40.md,2026-10-06 05:15
Management Institute Australia Pty Ltd,38e1308f-6af7-4057-be8e-3dab9de70bd4,AU,https://www.miaustralia.edu.au,admitting,delivery; english,"page ""64 Wks (Inc. 4 Weeks Holidays) Sydney Classroom, Face-to-face""; fees on central Fees and Charges page",not published,"central fees page (Fees and Charges, no URL)","course page (""IELTS Academic Overall Score of 6"", 3 agree)","Face-to-face -> on_campus (2); ""Face-to-face, Blended"" -> blended (2)",campus; duration; entry_requirement; ielts_overall; mode,mode; campus; duration; ielts_overall; entry_requirement; title_strip (CPC30620 and site name removed),-,0 + 0 delivery,4 / 4,Rebound 119204M to /course/painting-and-decorating/; 1 re-read,"Page prints provider code 04161F only, so identified by title",-,D9.md,2026-10-05 23:08
Manukau Institute of Technology and Unitec - MIT,becd7287-5ede-4a62-800e-b2cd15d62c33,NZ,https://www.manukau.ac.nz,admitting,delivery; english; fee; intakes,-,-,-,-,-,campus; duration; entry_requirement; fee; ielts_overall; intakes; mode; not_admitting; study_level,-,intake_calendar https://www.manukau.ac.nz/student-life/new-students/tools-and-resources/mit-calendar-and-key-dates/,46 + 8 delivery,67 / 144,-,-,-,register (before night run),2026-10-05 17:23
Manukau Institute of Technology and Unitec - Unitec,66f6fcc9-15f8-46e6-b3b3-0576ab4bcce3,NZ,https://www.unitec.ac.nz,admitting,english; fee; intakes,-,-,-,-,-,campus; duration; entry_requirement; fee; ielts_overall; intakes,-,english_policy https://www.unitec.ac.nz/international/study-with-us/english-language-requirements-for-international-students/,13 + 0 delivery,48 / 80,-,-,-,register (before night run),2026-10-05 17:02
MARS INSTITUTE PTY LTD,13a4a51c-e4a2-401c-917f-6d5473612b04,AU,https://mars.edu.au,admitting,english,-,-,-,-,-,course_years; duration; entry_requirement; fee_total; ielts_overall; location,-,-,0 + 0 delivery,10 / 12,-,-,-,register (before night run),2026-10-06 06:36
Massey College,c71bc9e8-fdc7-427b-9093-9fdb3dad0cc0,AU,https://massey.edu.au,admitting,delivery; english; fee,course page: Course Fee vs Tuition; pages carry template text from Protea College; slugs do not match content,not published,course page whole-course total / weeks (52 weeks with 35-44 study weeks = annual),course page (IELTS on 5),Face-to-face (Classroom based) -> on_campus (8),course_years; duration; entry_requirement; fee; fee_total; ielts_overall; location; mode,fee; fee_total+course_years; duration; mode; location; ielts_overall; entry_requirement,-,3 + 0 delivery,8 / 20,"2 rebound (115503K, 115612E); website set https://massey.edu.au (was empty); re-read sent","Not rebound: 107269D, 115501A, 115504J/119661H, 118649A plus 8 with no page; chc30121 address is really CHC50121",Fee basis on 115498B needs a check,C20.md,2026-10-05 22:55
Massey University,229dc07d-c573-44a3-b5dc-cc423cc2c300,NZ,https://www.massey.ac.nz,admitting,delivery; fee; intakes,-,-,-,-,-,aqf_level; campus; duration; entry_requirement; fee; ielts_overall; intakes; mode; student_type; study_level,term_months,-,3 + 21 delivery,166 / 265,-,-,-,register (before night run),2026-10-05 16:57
Mastery Institute Australia,d1a9a9aa-2c34-4791-9a13-8fed268f0e45,AU,http://www.mastery.edu.au,admitting,delivery; english,course page (international pages; some bound to domestic pages),not published,not published (Please contact us for latest fee),course page (IELTS 6.0 no score lower than 5.0; on 12),20 hours face to face delivery per week -> on_campus (18),campus; duration; entry_requirement; ielts_overall; mode,ielts_overall; mode; campus; duration; entry_requirement,english_policy https://mastery.edu.au/certificate-iii-in-individual-support-international-students/; english_policy https://mastery.edu.au/certificate-iv-in-kitchen-management-international-student/; english_policy https://mastery.edu.au/wp-content/uploads/2025/10/MIA-Enrolment-Policy-and-Procedure-V3.9.pdf; fee_schedule https://mastery.edu.au/vet-student-loans/; fee_schedule https://mastery.edu.au/wp-content/uploads/2025/05/MIA-Fees-and-Refund-Policy-and-Procedure-V4.0.pdf; fee_schedule https://mastery.edu.au/wp-content/uploads/2025/10/Fillable_MIA-International-Student-Application-Form-V9.5.pdf; intake_calendar https://mastery.edu.au/early-childhood-education-and-care/; intake_calendar https://mastery.edu.au/general-english/; intake_calendar https://mastery.edu.au/wp-content/uploads/2025/05/MIA-Fees-and-Refund-Policy-and-Procedure-V4.0.pdf,0 + 5 delivery,20 / 21,1 rebound (105012A Grad Dip Management (Learning) to international page); re-read sent,"105012A title lacks (Learning), so adapter does not confirm; 1 mismatch (116868F PTE Prep)",Check 105012A readings after re-read,C16.md,2026-10-05 22:55
Mechanical Institute of Training and Technology Pty Ltd,27cb2212-8610-4b1e-98bd-be79a0fa9126,AU,https://mitt.edu.au,admitting,english,"course page with IELTS; intake month table (Jan to Dec columns, day numbers only)",render needed; month table with day numbers only,central fees page (International Student Fees); no attachable kind,course page (14; 7 agree),not published,entry_requirement; ielts_overall,ielts_overall; entry_requirement,-,0 + 0 delivery,15 / 15,Website changed from www.mitt.vic.edu.au to https://mitt.edu.au; 7 rebound (5 automotive plus 2 Dip Automotive Management); 1 re-read,114446M page shows domestic panel only; no central kind fits fees,Add a fees central page kind; render capture for intakes,C39.md,2026-10-06 05:17
Media Design School at Strayer Limited,b35e83fb-2d6e-47e3-a494-174c08472f83,NZ,https://www.mediadesignschool.com,admitting,english; fee; intakes,"course page with intakes, fee, IELTS and credits; weekend classes only",course page months,"course page annual (Year 1 fee for 120-credit programmes, NZ$); 60-credit programmes excluded",course page (5.5 to 6.5),not published; only weekend classes,duration; entry_requirement; fee; ielts_overall; intakes,intakes; fee; ielts_overall; duration; entry_requirement,-,4 + 0 delivery,11 / 16,"3 rebound (Bachelor 3D Animation and VFX, Bachelor of Media Design, Grad Dip Creative Advertising); 1 re-read","5 courses unread (Bachelor Software Engineering on IT page; Grad Dip Creative Technologies has six specialisation pages; 3 Digital Transformation no page); Bachelor of IT NZ$24,885 vs ~35,550",Decide which specialisation page maps to which catalogue course,C35.md,2026-10-06 05:19
Media Make-Up Academy,085d6606-d26d-47b1-8b46-9053d14e12b4,AU,http://www.mediamakeup.com.au,admitting,fee,Course pages by CRICOS code or exact title; 113383G bound to Australian-students page,rolling/no months (new enrolments monthly); stale year (screen and media table 2019),"course page whole-course total / years (23,868/78 wks = 15,912)",course page: IELTS 5.5 via generic reader,113384F on campus -> on_campus; beauty text normalises to null,course_years; duration; fee_total; ielts_overall; mode,fee_total+course_years (weeks); duration; mode; ielts_overall,-,0 + 0 delivery,2 / 3,none,"Catalogue holds whole-course 23,868 (catalogue wrong); 113384F page old, no fee, catalogue 17,000 unverified; 113383G on domestic page",Find international page for Advanced Diploma 113383G,D18.md,2026-10-06 05:18
Melbourne Advanced Commerce Institute (MACI),a64b1b78-d3e3-4f87-a25f-1f08a4f17acd,AU,https://maci.vic.edu.au,admitting,fee,"course page with Duration, Tuition fee AUD and delivery (General English pages only)",rolling/no months; 15th of every month or every Monday,course page whole-course total / weeks (VET); General English 12-week fee not annual,course page (8 read; not admitted),printed on General English pages only (5 of 13); not admitted,course_years; duration; entry_requirement; fee_total; ielts_overall; mode,fee_total; course_years; duration; mode; ielts_overall; entry_requirement,-,5 + 0 delivery,13 / 16,Website set https://maci.vic.edu.au; 0 rebound,3 EAP courses unbound; catalogue holds no fees,-,C38.md,2026-10-06 05:18
"Melbourne City Institute of Education, Explore English",727b40ab-7ef4-4027-a5ee-928bcf0dc1f1,AU,https://www.mcie.edu.au,admitting,delivery; english; fee,"-overseas (international) pages: Fees for overseas students Tuition fee, Total duration N weeks",not published,course page whole-course total / weeks,course page (IELTS on 2),blended (2),course_years; duration; fee_total; ielts_overall; location; mode,fee_total+course_years; ielts_overall; mode; location; duration,-,3 + 1 delivery,2 / 21,"7 rebound to -overseas pages (109684F, 115150H, 107917K, 119598K, 107918J, 119258H, 102279J); re-read sent",All rebound overseas pages returned robots_disallowed on re-read; 9 courses bound to blog/listing pages; 102279J lost domestic-only reading,"Decide on reading robots-disallowed pages via Firecrawl, then re-apply",C15.md,2026-10-05 22:59
Melbourne College of Business and Technology,4c17684c-fdc6-4540-8bad-cadc51858b37,AU,https://mcbt.vic.edu.au,admitting,delivery; english,course page: International ONSHORE and OFFSHORE whole-course fees itemised,not published,two international options (Onshore vs Offshore whole-course; adapter reads Offshore tuition / weeks); not admitted,course page (IELTS 6.0 on 18; 110930J own entry section 6.0 vs catalogue 5.5),Face to face (Classroom based) -> on_campus (18),campus; course_years; duration; entry_requirement; fee_total; ielts_overall; location; mode,fee_total+course_years (offshore tuition only); ielts_overall; mode; location; campus; duration; entry_requirement,-,0 + 0 delivery,19 / 19,website set https://mcbt.vic.edu.au,"Catalogue holds ONSHORE figure (116538B 10,500 vs offshore 27,500); 104338J not read; 099309E per week; 120314F no readings",Decide onshore vs offshore fee,C22.md,2026-10-05 23:00
MELBOURNE EDUCATION INSTITUTE PTY. LTD.,8e28c412-5b87-4d20-9ed3-1d45c22735a7,AU,https://www.mei.edu.au,admitting,delivery; english; fee,"course page with Tuition Fee, Duration, Delivery Mode, IELTS and Intake Date","course page months on 1 page (108740M); 9 of 10 say 15th of every month, no months",course page whole-course total / weeks (application and material fees left out),course page (8 agree),Face to face -> on_campus (10),course_years; duration; entry_requirement; fee_total; ielts_overall; intakes; location; mode,intakes; fee_total+course_years; mode; location; ielts_overall; duration; entry_requirement,-,0 + 0 delivery,10 / 18,Website set https://www.mei.edu.au; 0 rebound,"8 of 18 courses have no page bound; 15th of every month cannot be expressed by pattern; IELTS missing on 119542D, 119543C",Decide how to express every-month intakes; check unbound courses,C28.md,2026-10-06 00:09
Melbourne Institute of Higher Education Pty Ltd,428877a1-0f93-47e9-b6c3-5fedd156d138,AU,https://www.mihe.vic.edu.au,admitting,delivery,"page ""Delivery On campus, full-time""",not published,"central fees page (""See the current Fees and Charges schedule"")",central english page (Admissions Information),"On campus, full-time; MBA ""Face-to-face, complemented by online resources"" -> on_campus (4)",campus; duration; entry_requirement; mode,mode; duration; campus; entry_requirement,-,0 + 0 delivery,4 / 4,-,-,Capture Fees and Charges and Admissions Information pages,D9.md,2026-10-05 22:59
Melbourne Institute of Technology,94556c93-5fd3-4fc7-a03d-41a80653d4b0,AU,https://www.mit.edu.au,admitting,english; intakes,"page with intakes, IELTS; fee points to Tuition Fee Page","course page months (March, July, November)","central fees page (Tuition Fee Page, URL not stored)",course page (12 of 12 agree),not published,aqf_level; duration; ielts_overall; intakes; location,intakes; ielts_overall; duration; location; aqf_level,-,0 + 0 delivery,12 / 12,-,Location pattern reads only first match (Melbourne); PTE 52/59 noise beside IELTS,Supply MIT tuition fee page URL and attach,C59.md,2026-10-06 06:08
Melbourne Polytechnic,91491287-ab6a-46bd-9723-a2284a36717a,AU,http://www.melbournepolytechnic.edu.au/,admitting,delivery; english; fee; intakes,-,-,-,-,-,campus; duration; entry_requirement; fee; ielts_overall; intakes; mode; not_admitting,-,english_policy https://policies.melbournepolytechnic.edu.au/document/view-current.php?id=135; english_policy https://policies.melbournepolytechnic.edu.au/download.php?id=135&version=2; english_policy https://www.melbournepolytechnic.edu.au/students/international-students/how-to-apply-as-an-international-student/international-entry-requirements/; english_policy https://www.melbournepolytechnic.edu.au/study/how-to-enrol/international-admissions/entrance-requirements/; fee_schedule https://media.melbournepolytechnic.edu.au/media/2631/statement-of-tuition-assurance-exemption.pdf; fee_schedule https://www.melbournepolytechnic.edu.au/students/international-students/international-student-quick-help-guide/; fee_schedule https://www.melbournepolytechnic.edu.au/students/international-students/international-student-tuition-payment/; fee_schedule https://www.melbournepolytechnic.edu.au/study/fees/international-student-fees/; intake_calendar https://www.melbournepolytechnic.edu.au/students/academic-calendars/; intake_calendar https://www.melbournepolytechnic.edu.au/students/academic-calendars/higher-education-calendar/; intake_calendar https://www.melbournepolytechnic.edu.au/students/academic-calendars/vet-calendar/,77 + 27 delivery,62 / 85,-,-,-,register (before night run),2026-10-05 17:08
Menzies Institute of Technology,791cd4ac-ae6b-4671-b95e-bb0c2e8f2b7e,AU,http://www.menzies.vic.edu.au,admitting,delivery,course page; duration in weeks; nursing page prints separate onshore and offshore totals,rolling/no months (monthly; months printed only for nursing),two international options (nursing onshore/offshore totals; not read),not published (IELTS on 2),classroom sessions ... on campus -> on_campus (12 of 15),duration; entry_requirement; ielts_overall; intakes; mode,intakes; mode; duration; ielts_overall; entry_requirement,none (no central link stored),0 + 0 delivery,15 / 18,-,3 courses no own page (Cert III Dental Assisting staging host refused; Cert IV and Dip Mental Health bound to nursing and /courses/),Fees need a source,C26.md,2026-10-06 00:13
Mercury Colleges Pty Ltd,ca2aee28-ea25-4975-96e1-d86f8c812a67,AU,https://www.mercurycolleges.nsw.edu.au,admitting,english,course page says Fees: refer to Price List; central /price-list/ (Fees* 2026/2027 per CRICOS),rolling/no months (rolling intakes each block),"central fees page (/price-list/: duration, tuition, non-tuition, total per CRICOS); only 1 course read via {code}","course page (IELTS 6.0 overall, no band below 5.5; on 15)","15 hours classroom plus structured online study -> required mix, normalises to on_campus (8) or on_campus_and_online (3 BLENDED MIX); not admitted",campus; course_years; duration; entry_requirement; fee_total; ielts_overall; mode,ielts_overall; mode; campus; duration; entry_requirement; fee_total+course_years from price-list row by {code},-,0 + 0 delivery,19 / 19,"2 rebound off price list (059870M, 115118H); re-read sent","Fee only for courses bound to price list (115220K 24,000/104 wks); needs central fee-schedule mechanism",Decide a central fee-schedule mechanism and delivery mapping,C21.md,2026-10-05 22:59
Mercury Institute of Victoria,1bce5fd3-eca8-4d6b-a2e0-17805d0b6360,AU,https://www.mercury.edu.au,admitting,delivery; english,"two layouts: Diploma/leadership and SIT hospitality (""expected to be completed in N weeks"")","not published (""Multiple intakes"", ""every month"")",course page whole-course total / weeks (tuition only),course page (10 of 10),"face-to-face or online -> on_campus_and_online (a choice, 2 courses); rest on_campus",course_years; duration; entry_requirement; fee_total; ielts_overall; mode,fee_total+course_years; duration; mode; ielts_overall; entry_requirement,-,0 + 0 delivery,10 / 12,-,Catalogue fee disagrees on all 10 (round figures); 118994F and 118995E bound to Cert IV Marketing page,Decide which fee source is right,C56.md,2026-10-06 06:13
Metavision Institute Pty Ltd,16b21695-cd55-4ea9-a0c5-e7f6fc9c57ef,AU,https://metavision.edu.au,admitting,intakes,"Course pages print Next intake, indicative fee and credit table","course page months (March, July)","course page whole-course total / years (Master 63,250/2; Grad Dip 29,900/1 vs catalogue 34,900); not admitted",not published,"Blended online and in-person intensives -> on_campus_and_online, not admitted",course_years; duration; fee_total; intakes; mode,intakes; mode; duration; fee_total; course_years,-,0 + 0 delivery,2 / 2,website set https://metavision.edu.au,Generic reading wrongly added intensive months; fee indicative with second $865-per-credit table unread; Grad Dip differs,Decide on fee,E8.md,2026-10-06 05:42
Mid City College,2ac51ae6-2eab-47d7-b64a-7ed20b105249,AU,https://midcity.edu.au,admitting,delivery; english,"course page with duration, campus, delivery and IELTS",not published,not published,course page (13 agree),Face-to-Face (workplace) -> on_campus (13),campus; duration; ielts_overall; mode,mode; campus; duration; ielts_overall,-,0 + 0 delivery,13 / 14,Website set https://midcity.edu.au; 0 rebound,no fee or intake page in stored links,Find a fees or key-dates page,C47.md,2026-10-06 05:47
Million Brown Educations Pty Ltd,43cba7c3-1458-4b01-8933-d9a779689041,AU,https://millionbrownscollege.com.au,admitting,delivery,"Pages print delivery only; no fee, intakes or IELTS",not published,not published,not published,delivered face to face on campus -> on_campus (4/4),mode,mode,-,0 + 0 delivery,4 / 4,"1 rebound (116895C to own address, was ambiguous); website set millionbrownscollege.com.au",Ambiguous-status pages are skipped by the adapter until rebound,Find fees and dates pages,D15.md,2026-10-06 00:11
MIT - Melbourne Institute of Technology,4e8fe8de-b6bc-47e8-bbb7-b4dcbf218d30,AU,http://www.mit.edu.au,admitting,english; intakes,course page facts panel,"course page months (Intakes March, July, November)",not published (visit the Tuition Fee Page; no central kind for fees),course page (IELTS Academic 6.5 / 6.0 on 14),"available on campus, face-to-face (2 of 16; not admitted)",campus; duration; ielts_overall; intakes; mode,"intakes; ielts_overall; mode; duration; campus (reads facts panel, last match)",none,0 + 0 delivery,16 / 18,-,2 EAP and 2 engineering pages no intake text; 086198C mismatch; 073713G no page,Attach MIT tuition fee page via the fee-rule route,C25.md,2026-10-06 00:14
Monaro Higher Education,4fa139d0-d132-4c30-b6c6-81e741222460,AU,https://Monaro.edu.au,admitting,delivery; intakes,"Course pages print dates, per-unit and per-course fee, duration, Face-to-face only",course page months (6 of 6 each),"course page whole-course total / years (60,000/3 = 20,000; 54,000/2 = 27,000); audience unconfirmed",course page: IELTS 6.5 printed with middle dot; not read,Face-to-face only -> on_campus,course_years; duration; fee_total; intakes; mode,intakes; fee_total+course_years; mode; duration,-,0 + 0 delivery,2 / 2,none,"Fee differs from catalogue (48,000; 34,500); page does not say international or domestic; normaliser rejects 6.5 middle dot",Confirm fee is international before admitting; fix middle-dot IELTS,E9.md,2026-10-06 06:05
Monash University,543b87b8-f0dd-4bc7-80d6-76252cfaabec,AU,https://www.monash.edu.au,admitting,delivery; english; fee; intakes,-,-,-,-,-,campus; duration; entry_requirement; fee; ielts_overall; intakes; mode,render,english_policy https://www.monash.edu/admissions/entry-requirements/english-language; english_policy https://www.monash.edu/graduate-research/study/apply/english-language-proficiency-requirements-for-admission; english_policy https://www.monash.edu/study-abroad/inbound/apply/english-requirements; fee_schedule https://www.monash.edu/graduate-research/study/scholarships/fees-scholarships/accordions/accordion-international-fees; fee_schedule https://www.monash.edu/students/admin/fees/course; fee_schedule https://www.monash.edu/study-abroad/inbound/before-you-arrive/financial-information; intake_calendar https://www.monash.edu/indonesia/important-dates/key-dates; intake_calendar https://www.monash.edu/students/admin/dates/principal-dates; intake_calendar https://www.monash.edu/students/admin/dates/summary-dates; intake_calendar https://www.monash.edu/study-abroad/inbound/apply/key-dates,17 + 8 delivery,387 / 582,-,-,-,register (before night run),2026-10-05 17:14
Monash University English Language Centre; Monash College,b86cb72d-5e95-4b56-9155-1e6aff9f730b,AU,http://www.monashcollege.edu.au/,admitting,delivery; intakes,-,-,-,-,-,duration; ielts_overall; intakes; mode,-,intake_calendar https://www.monashcollege.edu.au/current-students/important-dates-english,1 + 0 delivery,10 / 11,-,-,-,register (before night run),2026-10-06 06:46
Moreton Bay Boys' College,c5d7afc2-c47a-4c55-9b2b-a9667e4d3775,AU,https://www.mbbc.qld.edu.au,admitting,intakes,"mainstream and high-school-preparation pages ""commence in January, April, July or October""","course page months (Jan, Apr, Jul, Oct)",not published,not published,not published,intakes,intakes,-,0 + 0 delivery,4 / 5,-,"0101302 (IB PYP) on mainstream page, mismatched",-,D4.md,2026-10-05 22:27
Moreton Bay College,3f61f99c-aef0-4dbc-8b5f-34ece7773500,AU,https://www.mbc.qld.edu.au,admitting,intakes,"study-options text ""commence this course in ...""","course page months (Jan, Apr, Jul, Oct)",not published,not published,not published,intakes,"intakes (""commence this course in ..."")",-,0 + 0 delivery,3 / 5,-,PYP bound to landing page also received the 4 intakes on admission (route unclear); 2 preparation courses bound to wrong pages,Check PYP intakes route,D1.md,2026-10-05 21:54
"Murdoch College, The University of Adelaide College, Kaplan International College Adelaide",1b8db821-3b4c-4c17-a7d7-6819923352d6,AU,https://murdochcollege.edu.au/,admitting,delivery; intakes,"KEY FACTS block: Course Fee (International) and (Domestic) for whole programme, duration in trimesters, Intakes, Mode of Study","course page months (e.g. Jan, Apr, Sep; Feb, Oct)",course page whole-course total / years (trimesters x3); domestic fee beside; not admitted (3 of 9 pages),course page (IELTS on 4; not admitted),On campus -> on_campus (8),campus; course_years; duration; fee_total; ielts_overall; intakes; mode,intakes; mode; campus; duration; fee_total+course_years; ielts_overall,english_policy https://www.murdochcollege.edu.au/diploma-of-business; english_policy https://www.murdochcollege.edu.au/diploma-of-information-technology; english_policy https://www.murdochcollege.edu.au/entry-requirements; fee_schedule https://www.murdochcollege.edu.au/_files/ugd/e09f81_2b1f2aa1a77042a398aaed9daa11d0c0.pdf; fee_schedule https://www.murdochcollege.edu.au/diploma-of-information-technology; fee_schedule https://www.murdochcollege.edu.au/fees; fee_schedule https://www.murdochcollege.edu.au/how-to-apply; intake_calendar https://www.murdochcollege.edu.au/; intake_calendar https://www.murdochcollege.edu.au/fees,0 + 0 delivery,9 / 26,0 rebound,14 UofA College courses bound to murdochcollege.edu.au pages (17 mismatches); Diplomas print 2 or 3 trimesters with one total so no fee read; one-semester fee treated x3 (14-15 wk trimesters),"Decision: x3 trimester rule vs x2 for 069100D, 093279K, 111519A; find UofA College pages; re-read sent",C6.md,2026-10-05 22:20
Murdoch University,fbe38fea-5f2c-4946-9097-1de27ea0940f,AU,https://www.murdoch.edu.au,admitting,english; fee; intakes,-,-,-,-,-,aqf_level; campus; entry_requirement; fee; ielts_overall; intakes; mode; study_level,term_months; json:__NEXT_DATA__,english_policy https://www.murdoch.edu.au/study/how-to-apply/entry-requirements; english_policy https://www.murdoch.edu.au/study/how-to-apply/entry-requirements/english-language-courses; english_policy https://www.murdoch.edu.au/study/how-to-apply/entry-requirements/english-proficiency-tests; fee_schedule https://www.murdoch.edu.au/mymurdoch/support-advice/student-admin/fees-and-finances/paying-your-fees; fee_schedule https://www.murdoch.edu.au/study/fees/course-fees; fee_schedule https://www.murdoch.edu.au/study/international-students/studying-at-murdoch/fees-and-scholarships; intake_calendar https://www.murdoch.edu.au/mymurdoch/support-advice/student-admin/key-dates; intake_calendar https://www.murdoch.edu.au/mymurdoch/support-advice/student-admin/key-dates/dates-and-deadlines; intake_calendar https://www.murdoch.edu.au/tne/resources-and-forms/dates-deadlines,0 + 0 delivery,224 / 267,-,-,-,register (before night run),2026-10-05 17:09
N/A,cb4dcd3d-7c27-4b09-8ed3-52333a6cfc15,AU,https://www.eic.edu.au,admitting,delivery; fee,page with Tuition Fees and Duration N weeks (incl. holidays),not published,course page whole-course total / years (duration incl. holidays),not published,face to face in a classroom -> on_campus (8 of 8),course_years; duration; fee_total; mode,fee_total+course_years; mode; duration,-,3 + 0 delivery,8 / 13,No rebinds,5 wrong bindings (120957D to /gallery; 4 to Adv Dip Leadership page); duration includes holidays,Decide holiday-week annualisation or pattern as one academic year,C51.md,2026-10-06 06:10
N/A,4a0b799c-965e-4293-9bcb-40b2bea83332,AU,https://www.satheducation.com.au,admitting,delivery; english; fee,"page with total course fee, duration weeks, ""Blended Learning Model""","not published (""Next Intake"" only)",course page whole-course total / weeks,"course page (3 agree, 1 new)","""Blended Learning Model: Classroom, self-study and online"" -> blended (4)",campus; course_years; duration; entry_requirement; fee_total; ielts_overall; mode,"fee_total+course_years; duration; mode (captures ""Blended Learning Model"" only); campus; ielts_overall; entry_requirement",-,0 + 0 delivery,4 / 4,Rebound 116636M from blog article to /courses/chc33021-certificate-iii-in-individual-support/,"Page totals well below register totals (9,000 vs 12,750 etc); page says contact for latest fee structure; old catalogue intake June from blog",Check page fees against register,D10.md,2026-10-05 22:57
N/A,acaf53c1-0c9e-40d6-b081-55eb953ee3af,AU,https://www.greenhouseeducation.com,admitting,delivery,-,-,-,-,-,duration; mode,-,-,0 + 0 delivery,4 / 4,-,-,-,register (before night run),2026-10-06 00:11
N/A,b1405a0b-fa27-4b3c-a2ad-956d03bd19b9,AU,https://techie.edu.au,admitting,delivery,-,-,-,-,-,course_years; duration; fee_total; ielts_overall; mode,-,-,0 + 0 delivery,19 / 19,-,-,-,register (before night run),2026-10-06 00:12
NA,3f1763f2-d829-42cc-9d27-f9f96cac4643,AU,http://www.strategix.com.au,admitting,delivery,course page with <code> - INTERNATIONAL block; domestic funded fees shown elsewhere,rolling/no months (Continuous intakes / no intake dates),domestic only (no international fee),not published,"On-Campus, Brisbane -> on_campus (12)",campus; duration; mode,duration; mode; campus (international block only),english_policy https://www.strategix.com.au/; fee_schedule https://www.strategix.com.au/; intake_calendar https://www.strategix.com.au/,0 + 0 delivery,18 / 22,website not changed (strategix.com.au live; course pages on strategix.edu.au),"6 courses have no international block (domestic only); 3 identity mismatches (120054K, 120255A, 120256M) not rebound",Decide whether to change website domain,C13.md,2026-10-05 22:22
"Nan Tien Institute, NTI English Language Centre, NTI Business",5343e13b-1793-46f2-9e75-764e23204972,AU,http://www.nantien.edu.au,admitting,delivery,-,-,-,-,-,course_years; duration; entry_requirement; fee_total; mode,-,english_policy https://www.nantien.edu.au/admissions/english-language-requirements/,0 + 0 delivery,11 / 11,-,-,-,register (before night run),2026-10-06 06:40
National Academy of Professional Studies,f2ce9118-434a-4999-acb8-cad6b6ef39d5,AU,https://www.naps.edu.au,admitting,delivery; english; intakes,-,-,-,-,-,campus; duration; entry_requirement; ielts_overall; intakes; mode,-,-,3 + 1 delivery,9 / 12,-,-,-,register (before night run),2026-10-06 06:41
NATIONAL POLYTECHNIC OF AUSTRALIA PTY LTD,9e69f830-39aa-4d64-a55d-1ccb12d420b6,AU,-,admitting,delivery; english; fee,"Course page with Offshore Fee and Onshore Fee, duration",render needed (dates only in rendered dropdown),course page whole-course total / years (Offshore fee read; Onshore not),course page; 6.0 / 6.5,face to face -> on_campus,campus; course_years; duration; entry_requirement; fee_total; ielts_overall; intakes; location; mode,intakes; fee_total+course_years; duration; location; campus; mode; ielts_overall; entry_requirement,-,10 + 0 delivery,25 / 29,0 rebound; no website set (npa.edu.au pages stored),No website on record; intakes in rendered dropdown only,Render read for intakes; check duration mismatches,C2.md,2026-10-05 21:59
"National Training Centre of Australia, NATIONAL TRAINING COLLEGE OF AUSTRALIA",79732747-96b3-4882-9e6f-4df97346885e,AU,http://www.ntca.edu.au,admitting,delivery; english; fee,"course page with Course Cost, duration, IELTS and Blended delivery",not published,"course page whole-course total / (weeks/52); not labelled international, appears all-inclusive",course page (17 agree),Blended -> blended (17),campus; course_years; duration; entry_requirement; fee_total; ielts_overall; mode,mode; campus; duration; fee_total+course_years; ielts_overall; entry_requirement,-,1 + 0 delivery,17 / 17,0 rebound,fee not labelled international and appears all-inclusive; catalogue holds whole-course totals,Confirm fee is international and decide 40-week annualisation,C30.md,2026-10-06 05:15
Nelson Aviation College Limited,291ce60a-0ba1-4b58-bd64-d202ab983238,NZ,https://www.nelsonaviation.nz,admitting,fee; intakes,Page prints indicative maximum fees (NZD) and intakes,"course page months (Feb, Aug, Nov)","course page whole-course total / years (NZD 171,160/76 wks = 117,109; 153,408/88 wks = 90,650)",not published,not published,course_years; duration; fee_total; intakes,intakes; fee_total+course_years; duration,-,0 + 0 delivery,2 / 2,none,Fees indicative maximums; Level 6 page title Airline Preparation / Aeroplane bound by title and level,-,E8.md,2026-10-06 05:44
Nelson Marlborough Institute of Technology (NMIT),dbf22c45-062e-4c5d-92a9-aaabd8c452f7,NZ,https://www.nmit.ac.nz,admitting,english; intakes,-,-,-,-,-,campus; duration; entry_requirement; ielts_overall; intakes; study_level,term_months,english_policy https://www.nmit.ac.nz/international/entry-requirements; intake_calendar https://www.nmit.ac.nz/study/planning-your-studies/academic-dates,71 + 0 delivery,66 / 148,-,-,-,register (before night run),2026-10-05 17:11
New Cambridge College Sydney Inc,126d04e7-5f7e-4c74-b7ec-f01882124b73,AU,https://www.nccs.nsw.edu.au,admitting,delivery,"course page with duration, delivery wording and entry requirements","not published; ten intake dates a year, no months","not published; Fees and Dates menu link, no URL stored",not published,Blended Learning approach over 20 hours per week -> blended (16),duration; entry_requirement; mode,mode; duration; entry_requirement,-,0 + 1 delivery,16 / 16,0 rebound,stray October intake from generic reader on 116984B; builder capture showed Page not found though stored copy is real,Find Fees and Dates page address,C33.md,2026-10-06 05:17
New England Institute of Technology Pty Ltd,db98c9f8-2bb1-4b42-9f12-ec4e7f22cd43,AU,http://www.nec.edu.au/,admitting,delivery; english,-,-,-,-,-,duration; entry_requirement; ielts_overall; mode,-,-,0 + 0 delivery,6 / 12,-,-,-,register (before night run),2026-10-06 06:39
"New England School of English, New England College Perth",1debcf44-160d-4bc5-9ae1-db0ea2b43a1c,AU,http://www.nec.edu.au,admitting,delivery; english,"page with classroom delivery, IELTS, duration (pages on necgc.edu.au)",not published,not published,"course page (6.0 / 5.5 per band, 11 of 11)",Classroom / face to face -> on_campus (11),duration; ielts_overall; mode,delivery; duration; ielts_overall,-,0 + 0 delivery,11 / 12,-,Duration 121073K 52 weeks vs catalogue 104; catalogue holds six fee rows per course the pages do not print; 104263A no page,-,C57.md,2026-10-06 06:04
New Zealand College of Business Limited,2b8b72d3-7278-4f43-bdff-5df9badc4505,NZ,https://www.nzcb.ac.nz,admitting,intakes,"course page ""Course Start Dates"" block up to Public Holidays","course page months (GDIT Mar, May, Jul, Oct, Dec; online strand all 12 months)",not published,not published,"""onsite study"" not recognised by normaliser",intakes,"intakes (""Course Start Dates"" to Public Holidays)",-,0 + 0 delivery,2 / 5,1 re-read,FinServ intakes duplicated in catalogue (two source_intake_key forms); NZCEL and Dip BA bound to /enrol/ and author page,Check writer duplication,D1.md,2026-10-05 21:54
New Zealand Institute of Skills and Technology,fd76fddc-fc8e-496d-bf89-c466d8efeb17,NZ,https://www.witt.ac.nz,admitting,delivery; english; fee,no pages stored,-,not published,-,-,campus; duration; entry_requirement; fee; ielts_overall; intakes; mode,term_months; No adapter; nothing to build from,english_policy https://www.witt.ac.nz/international-students/international-support-and-resources/english-language-entry-requirements; english_policy https://www2.nzqa.govt.nz/assets/About-us/Our-rules-fees-and-policies/NZQA-Rules/2025/Table-for-internationally-recognised-English-proficiency-outcomes-for-international-students.pdf; intake_calendar https://www.witt.ac.nz/information-and-enrolment/domestic/important-dates/,5 + 0 delivery,41 / 89,0 rebound; no website on provider record,"No website, no course_url on 231 courses, no stored pages; URLs may not be guessed",Platform Admin to set the website or bind courses to delivering institutions' pages; then re-read and build adapter in later wave,B3.md,2026-10-05 17:23
New Zealand Institute of Skills and Technology,40f9891f-c8da-45cc-aced-154e63d41cff,NZ,https://www.whitireia.ac.nz,admitting,delivery; english; fee; intakes,-,-,-,-,-,campus; course_years; duration; entry_requirement; fee; fee_total; ielts_overall; intakes; mode; study_level,term_months,english_policy https://www.whitireiaweltec.ac.nz/enrolment-information/international-enrolments/english-language-requirements; english_policy https://www2.nzqa.govt.nz/assets/About-us/Our-rules-fees-and-policies/NZQA-Rules/2025/Table-for-internationally-recognised-English-proficiency-outcomes-for-international-students.pdf; intake_calendar https://www.whitireiaweltec.ac.nz/about-us/academic-year-dates,3 + 1 delivery,53 / 116,-,-,-,register (before night run),2026-10-05 17:08
New Zealand Management Academies Limited,5e1a25b3-94d3-4e9a-8cc1-98dacd3bfd62,NZ,https://www.nzma.ac.nz,admitting,english; intakes,"one page per programme with domestic and international on the same page; header gives NZQA title, weeks, Open to International Students","course page months (by campus, e.g. Feb 8, 2027 Jul 19, 2027; online intakes domestic only)",course page whole-course total / years (one tuition figure for whole programme),course page (IELTS 6 or 5.5),"international campus courses print no delivery; 'Study online option' domestic only, not read",campus; duration; entry_requirement; fee; ielts_overall; intakes; mode; other_requirements; student_type; study_level,"fee, ielts_overall, duration, mode, student_type, campus, study_level, entry_requirement, other_requirements; course_title_strip '^New Zealand '; title_strip '(Pre-Apprenticeship)'",-,2 + 0 delivery,6 / 76,0 rebound; no website change,Identity: marketing h1 names vs NZQA title; ~40 wrong bindings; 6 fetch_failed (301); some catalogue qualifications may not be offered,"Decide fee convention (read as annual for 35-44 week programmes vs 52-week fee_total, ~30% higher; or annualise by credits via admin_provider_credit_fee); then admit fee; rebind or add identity rule using header title",B7.md,2026-10-05 21:57
New Zealand School of Education Limited,fe2e938f-4e46-427f-ac1b-73a650b1a14d,NZ,https://www.nzse.ac.nz,admitting,delivery,-,not published; start dates in embedded Zoho schedule sheet (not in page text),course page; some say On request/TBC; 8 of 23 pages carry adapter fee,"course page, IELTS on 5 of 23 pages only",Blended or Online (offshore) -> blended; Blended -> blended; In Class & Online -> on_campus_and_online,campus; course_years; duration; entry_requirement; fee; fee_total; ielts_overall; mode,mode; campus; duration; fee; fee_total+course_years; ielts_overall; entry_requirement (no intakes),-,9 + 0 delivery,23 / 42,"6 rebound (4479, 3654, 5613, 5425, 2596, 2612) to own pages; website unchanged (https://www.nzse.ac.nz)",Zoho schedule not readable; one-semester x2 convention cannot be expressed in patterns; 18 identity_mismatch with no own page,Find public Zoho schedule link; verify 4479 and 2612 per-year fees; then admit fee,B25.md,2026-10-06 05:17
New Zealand Tertiary College Limited,8bd0b377-7722-41fa-be2e-0a0984e37f36,NZ,https://www.nztertiarycollege.ac.nz,admitting,fee; intakes,"course page with International students Tuition Fee, intake dates and Centre-Based delivery",course page months (8 agree),"course page annual where stated, else total / years; resource and enrolment fees left out",not published; IELTS not in readable form,Centre-Based not normalised; Centre-Based/Online reads as online; not admitted,course_years; duration; fee; fee_total; intakes; mode,mode; duration; course_years; fee; fee_total; intakes (pick all),-,0 + 0 delivery,15 / 17,1 rebound (2470 Health and Wellbeing Level 3 from a news article); 2850 and 5440 no evidenced page,"3 identity mismatch; Centre-Based wording unnormalised; catalogue holds only 113799 at 57,540 (whole-course total)",Decide how to normalise Centre-Based delivery,C30.md,2026-10-06 05:21
New Zealand Training Centre Trust Board,1df89f01-8def-4c76-9883-a0573ef6981d,NZ,https://www.nztc.ac.nz,admitting,intakes,One shared FTTH dates page for both qualifications; no fees or IELTS,central calendar page (Semester A 2 Feb; Semester B 20 July),not published,not published,-,intakes,intakes,-,0 + 0 delivery,2 / 2,none,Generic reading wrongly added December (an end date),Confirm both courses are FTTH programmes,E8.md,2026-10-06 05:42
Nexgen Institute of Australia,a76404bd-f6dd-426c-9cbb-e3405ab49fc0,AU,https://nexgen.edu.au,admitting,english,"page with Offshore Student Tuition Fee, IELTS; dates on separate page","central calendar page (""Intake Dates All Courses"", URL not in stored data)",course page whole-course total / weeks (Offshore Student Tuition Fee),course page (13 of 13 agree),"printed on 2 of 13 pages only, not admitted",campus; course_years; duration; entry_requirement; fee_total; ielts_overall; mode,fee_total+course_years (weeks); duration; mode; campus; ielts_overall; entry_requirement,-,0 + 0 delivery,13 / 13,-,"Fee held back: only 6 of 13 agree with catalogue totals (<90%); 113314J and 113315H print identical 12,000; 119427G first capture showed 404",Find Intake Dates page URL; decide fee admission,C50.md,2026-10-06 06:10
Nextstar Training College Pty Ltd,865c2628-0d19-42d1-b54c-7a12bfcd92f2,AU,https://ntc.sa.edu.au,admitting,delivery; intakes,"Course pages print intake dates (12 months), fee, mode; entry requirement",course page months (all 12 months),"course page whole-course total / years (26,000/104 wks = 13,000); not admitted",entry requirement read 3/3 (not admitted by design),Face-to-face classroom -> on_campus,course_years; entry_requirement; fee_total; intakes; mode,intakes; fee_total+course_years; mode; entry_requirement,-,0 + 0 delivery,3 / 3,website set https://ntc.sa.edu.au,"Page 26,000 vs catalogue 30,000; audience not labelled",Decide which fee is current (page may be newer),E2.md,2026-10-06 05:48
Northampton College,345bd2f4-21aa-40eb-80b5-2afff97df65c,AU,https://northampton.qld.edu.au,admitting,english,"Course pages print duration, IELTS; delivery on one page only; fees say contact the college",not published,not published (contact the college),course page: IELTS 6.0,"Classroom/face-to-face -> on_campus; on 1 page only, below half, not admitted",duration; entry_requirement; ielts_overall; mode,duration; mode; ielts_overall; entry_requirement,-,0 + 0 delivery,3 / 4,website set https://northampton.qld.edu.au,"120659C and 121438H are two CRICOS codes on one page (trailing-slash twin mismatched); catalogue fees (5,000/26 wks; 15,000/78 wks) unconfirmed",Find fees and intake pages,D14.md,2026-10-06 00:07
Nortwest Pty Ltd,15e47a21-94a7-4984-aca8-cbbbecbfaab6,AU,https://www.nortwest.edu.au,admitting,delivery; english; fee,flyer PDF and Business area page with CRICOS blocks; TUITION FEE on flyer,not published (Intake Dates link not in stored links),course page whole-course total / weeks (flyer TUITION FEE; material and application fees excluded),course page (IELTS at least 6.0 on 2),on_campus (2),campus; course_years; duration; fee_total; ielts_overall; mode,fee_total+course_years; campus; duration; mode; ielts_overall (text-only),english_policy https://appform.nortwest.edu.au/assets/images/NW_App%20form_Mar25%20(1).pdf; english_policy https://nortwest.edu.au/Admin/assets/Flyer/14052026075701_NWBSB50120DiplomaofBusiness.pdf; english_policy https://nortwest.edu.au/assets/image/Form/Nortwest%20International%20Student%20Application%20Form_V3.6_110526.pdf; fee_schedule https://appform.nortwest.edu.au/assets/images/NW_App%20form_Mar25%20(1).pdf; fee_schedule https://nortwest.edu.au/assets/prefix_file/INTERNATIONAL-STUDENT-HANDBOOK.pdf; fee_schedule https://nortwest.edu.au/pre-enrolment.aspx; intake_calendar https://nortwest.edu.au/academic_enrolment_calenda.aspx; intake_calendar https://nortwest.edu.au/App_form.aspx; intake_calendar https://nortwest.edu.au/FAQ.aspx,0 + 0 delivery,5 / 23,3 rebound (Cert IV Business and Adv Dip Business to Business area page; Diploma of Business to its own flyer PDF),"17 identity mismatches (forms, LLN test, campus pages); most courses have no page on record; catalogue holds CRICOS totals only",Re-apply after second re-read lands; check 3 rebound courses,C11.md,2026-10-05 22:32
Nova Anglia College Pty Ltd,1c0dc132-0ea8-4297-8156-216fc8e418d7,AU,https://www.nac.edu.au/,admitting,delivery; fee; intakes,"Facts line: Duration, Study Mode, Location, Course Fee (Total Fee or Tuition), Intakes",course page months,"course page whole-course total / years (60,000/3; 42,000/2; 22,000/1)",not read by adapter (held from earlier read),Face to Face -> on_campus,campus; course_years; fee_total; ielts_overall; intakes; mode; study_level,intakes; fee_total+course_years; mode; campus; study_level; ielts_overall,-,0 + 0 delivery,3 / 3,none,"Catalogue holds totals incl. non-tuition (81,000; 95,000; 48,000; catalogue wrong); Bachelor prints Total Fee with admin fee itemised, treated as tuition",Find central English page if needed,D19.md,2026-10-06 05:13
NVR EDUCATION AUSTRALIA,e9b7399d-124e-4712-ad64-db70b5170926,AU,https://www.nvr.edu.au,admitting,delivery; english; fee,"course page with fee, delivery, IELTS and intake sentence",rolling/no months; says 12 intakes a year with next date only,course page whole-course total / years (52 wks = total; 104 halves; 78 x1/1.5); enrolment fee left out,course page (17 agree),Blended Learning approach -> blended (18),course_years; duration; entry_requirement; fee_total; ielts_overall; mode,fee_total+course_years; mode; duration; ielts_overall; entry_requirement,-,0 + 0 delivery,18 / 18,Website set https://www.nvr.edu.au; 0 rebound,full intake set not printed; 107508E IELTS not read,Decide how to capture the full intake set (next date only on pages),C28.md,2026-10-06 00:08
Oakleigh Grammar,ceb3a9c9-8578-4f88-a0f0-9019547715ef,AU,http://www.oakleighgrammar.vic.edu.au,admitting,fee,One shared international page; 2026 International Fees by CRICOS code,not published,"central fees page (102580D $25,280; 087854A $37,832 annual)",not published,-,fee,fee (by CRICOS code),-,0 + 0 delivery,2 / 2,none,Catalogue total-course amounts not annual (wrong),-,E12.md,2026-10-06 06:06
Oceania College of Technology,8bfecaa7-6d06-4c9c-bb3e-14ae018c3b50,AU,https://www.oct.edu.au,admitting,english,-,-,-,-,-,entry_requirement; ielts_overall; mode,-,-,0 + 0 delivery,11 / 11,-,-,-,register (before night run),2026-10-06 06:44
Open Colleges School of Health,b5e32db3-de95-4e0e-8bd7-1d9f34a20bbc,AU,https://www.schoolofhealth.edu.au,admitting,english,"Course pages print commencement dates, IELTS; fee block mixes subsidised SA, onshore offer, per-semester",course page months (Nursing Feb/Apr/Jul/Oct; Cert III May/Aug/Oct vs catalogue May/Sep/Oct); 1 of 2 agree so held back,not published,"course page: IELTS 7.0 overall, 6.5 Writing",-,ielts_overall; intakes,intakes (every dated commencement from 2026); ielts_overall,-,0 + 0 delivery,2 / 2,none,Earlier first-row pattern picked past Oct 2025; page shows 11 and 20 Aug 2026 so catalogue September looks wrong; fee unclear,Check Cert III September vs August,E11.md,2026-10-06 06:05
Optimum Training Academy,a80847b7-2ff6-45aa-bce0-8123615dc71b,AU,https://optimumacademy.edu.au,admitting,delivery,"international pages (/courses/...-international) print Delivery, Course Fees, IELTS",not published,"course page whole-course total (Cert III 8,000; Diploma 18,000 vs register 15,000), not annualised yet","course page (5.5, no band < 5.0), pattern added after last read","Delivery Face-to-Face, Vocational Placement -> on_campus (2)",course_years; duration; entry_requirement; fee_total; ielts_overall; mode,mode; fee_total+course_years; duration; ielts_overall; entry_requirement,-,0 + 3 delivery,5 / 5,Rebound 120036A and 120037M from domestic to international pages; 2 re-reads; website set (per totals),Apply skips hand-bound pages: duration and IELTS patterns wait for next scheduled read; HLTAID/HLTWHS short courses domestic only,-,D7.md,2026-10-05 22:39
Opulence College Pty Ltd,33e62a41-567a-4608-97a6-b99c6bbb2e32,AU,https://opc.edu.au,admitting,delivery; english,course page: Course Summary figure plus Course Fees tuition line (conflict),stale year (only 2025 Intakes or 2026 Please contact Admin team),"course page whole-course total / years (Tuition line; Course Summary conflicts, e.g. 111179E $12,000/yr vs $15,000/1.5 yrs); not admitted","course page (IELTS minimum overall 6.0, no band below 5.5; on 17)",Face-to-Face Classroom-Based Learning -> on_campus (12),course_years; duration; fee; fee_total; ielts_overall; location; mode; student_type,fee; fee_total+course_years (Tuition Fee line); ielts_overall; duration; location; mode; student_type,-,0 + 0 delivery,19 / 22,"6 rebound (120999E, 120998F, 116615E, 118797M, 107993J, 104421C); website set to https://opc.edu.au","104421C, 107993J catalogue 5.5 came from old promo pages; general reader intake candidates from 2025 lists untrustworthy; 2 identity mismatches",Decide which fee figure is right (Course Summary or tuition line),C14.md,2026-10-05 22:59
Orange College,e1c72534-f3fc-4fa0-9cb3-602b076c87d4,AU,http://orange.edu.au/,admitting,delivery; english; intakes,course page; fees behind view fees link,course page months (Intake 05-Oct-2026 | 09-Nov-2026 | 14-Dec-2026 | 25-Jan-2027 ...),not published (view fees link),course page (IELTS overall 6 on 14),Blended learning model (70% face-to-face and 30% guided online) -> blended (14),campus; duration; entry_requirement; ielts_overall; intakes; mode,intakes; ielts_overall; mode; duration; campus; entry_requirement (text-only),none,0 + 0 delivery,18 / 19,1 rebound (120786G Cert III Individual Support from application form); re-read sent,"111097G page adds July and October; 092950C, 106947A, 112822H bound to forms; 120787F on Cert III page; 120786G hand-bound reading not seen",Fees need a source,C22.md,2026-10-05 22:58
Origin Institute,ad02971b-bb15-47a5-9e31-19eaaa0cfd7d,AU,https://www.origin.edu.au,admitting,english,"Course pages print duration, campus, delivery, IELTS; fees and intakes behind links",not published (behind Check our Intake Date link),not published (behind See International Course Fees link),course page: IELTS 5.5,"face-to-face, work placement and online combined -> on_campus_and_online, not admitted",campus; duration; entry_requirement; ielts_overall; mode,duration; campus; mode; ielts_overall; entry_requirement,none (addresses not stored),0 + 0 delivery,4 / 4,4 rebound (3 rebound; Diploma to /courses/cpc50220); website set origin.edu.au; 4 hand locks,Fee and intake page addresses not stored,Find fee and intake page addresses,D16.md,2026-10-06 00:17
Original Campus,b10b3dec-da04-4f66-803e-5468ac7f0398,AU,https://originalcampus.edu.au,admitting,fee,"duration strip ""DURATION n Weeks ... Tuition Fee""; domestic /courses/ and /international/courses/ pages",not published (Monthly intakes; Every Monday),"course page whole-course total / weeks; 35-52 wks = annual, longer = total over weeks",not published,"face-to-face in class plus online -> required mix (on_campus_and_online), not admitted",course_years; duration; fee; fee_total; mode,fee; fee_total+course_years (weeks); 35-52 wks annual pattern; enrolment/material fees left out,-,0 + 0 delivery,12 / 14,Rebound 6 courses from domestic /courses/ to /international/courses/ pages; website set https://originalcampus.edu.au,Catalogue holds whole-course totals (4 differ); domestic and international pages sit side by side; 1 re-read (about 6 credits),Find international pages for the unread courses,C48.md,2026-10-06 05:46
Oscar Institute,1c6a7c9d-1876-4c82-8539-b6ace7da58cd,AU,https://oscarinstitute.edu.au/,admitting,delivery; english; fee,summary box with delivery; Tuition Fee AUD,not published,course page whole-course total / weeks (Tuition Fee AUD; material and application left out),"course page (6.0, 12 of 12)",Face to Face / On Campus -> on_campus (12 of 12),course_years; duration; entry_requirement; fee_total; ielts_overall; mode,fee_total+course_years; duration; mode; ielts_overall; entry_requirement,-,0 + 0 delivery,12 / 12,-,"Catalogue holds whole-course total on 117192D (18,000 vs 12,000 a year)",-,C56.md,2026-10-06 06:12
Otago Polytechnic,cd27693c-6c80-42f4-8b76-1ed2d94e0b45,NZ,https://www.op.ac.nz,admitting,delivery; english; fee; intakes,-,-,-,-,-,campus; duration; entry_requirement; fee; ielts_overall; intakes; mode; not_admitting; study_level,-,english_policy https://www.op.ac.nz/explore/international-students/entry-requirements; intake_calendar https://www.op.ac.nz/explore/events-and-important-dates/important-dates,30 + 0 delivery,62 / 182,-,-,-,register (before night run),2026-10-05 17:05
Outlook International College,d28d637a-9e4f-45b1-81d5-33e5c9d99db5,AU,https://www.oic.edu.au,admitting,fee; intakes,"International pages print intakes, tuition, duration and delivery; domestic Diploma page bound to 116485K","course page months (Jan, Apr, Jul, Sep)","course page whole-course total / years (10,000/52 wks; 12,000/60 wks; 25,000/104 wks); tuition only",not published,"Blend (On Campus | Online) -> on_campus_and_online, not admitted",campus; course_years; duration; fee_total; intakes; mode,term_months; intakes with term_months (Sept=September); fee_total+course_years; duration; mode; campus,-,3 + 1 delivery,4 / 4,none,Catalogue holds tuition totals (catalogue wrong); application $200 and material $499 left out,Delivery not admitted; 116485K needs own international page,D12.md,2026-10-06 00:12
Ozford Institute of Higher Education,a1193021-e436-4e0f-8591-4fef64a53476,AU,https://ozford.edu.au,admitting,delivery; intakes,"facts strip: Location, Intakes; ""Select Student Type"" toggle not in stored text","course page months (strip: March, April, August, September, December); Diploma of Business prints none",behind toggle/render (Select Student Type toggle; no fee in stored text),not published,Face to Face -> on_campus (14 of 14),campus; duration; intakes; mode,"intakes, duration, mode, campus; identity by cricos_code",-,0 + 0 delivery,14 / 14,Website set to https://ozford.edu.au (14 pages),International fee hidden behind student-type toggle; no IELTS in stored text,Find international fee behind toggle (page_view render may be needed),C48.md,2026-10-06 05:42
Pacific College of Technology,4657669f-02e9-4da8-91ee-d96d79ef7fe3,AU,https://www.pct.edu.au,admitting,fee; intakes,Four-term table plus one tuition total beside duration; contact-hours block; Other fees block separate,"course page months (four terms: Feb, Apr, Jul, Sep)",course page whole-course total / years,"course page, read on only 2 of 37 (other pages use a different form)","16h f2f + 4h online -> required mix, not admitted (normaliser says on_campus)",campus; course_years; duration; entry_requirement; fee_total; ielts_overall; intakes; mode,term_months; intakes with term_months; fee_total+course_years; duration; ielts_overall; mode; campus; entry_requirement,english_policy https://pct.edu.au/admission/apply-now/; english_policy https://pct.edu.au/our-courses/diploma-of-automotive-management-aur50116/; english_policy https://pct.edu.au/pre-enrolment-information/; fee_schedule https://pct.edu.au/admission/fees/list-of-current-fees/; fee_schedule https://pct.edu.au/admission/fees/tuition-fee-refund-policy/; fee_schedule https://pct.edu.au/wp-content/uploads/2023/11/Terms-and-Conditions-of-Contract-for-Agent-Services-.pdf; intake_calendar https://pct.edu.au/; intake_calendar https://pct.edu.au/calendar/; intake_calendar https://pct.edu.au/our-courses/diploma-of-information-technology-advanced-networking-ict50220/,0 + 0 delivery,37 / 42,0 rebound; no website change,term_months avoids term END months; hospitality pages say fee structure may vary for packaged offer; 5 courses have no own page,Decision on delivery (required blended mix); fix IELTS pattern for other 35 pages then admit english,B23.md,2026-10-06 00:04
Pacific College Sydney,0a859f1f-988f-4d7e-894d-bc650eeaf29f,AU,https://pacific.edu.au,admitting,delivery; english; fee,"page with itemised tuition fee, delivery, IELTS","not published (""enquire"")",course page whole-course total / years (itemised tuition),course page (6 agree),"Delivery Blended (15 hrs on campus plus 5 online) -> blended, admitted",campus; course_years; duration; entry_requirement; fee_total; ielts_overall; mode,fee_total+course_years; ielts_overall; mode; duration; campus; entry_requirement,-,0 + 0 delivery,13 / 13,Website set https://pacific.edu.au,"118437B differently laid out, no fee; 114929C and 114931J showed identity_mismatch briefly after apply",-,C53.md,2026-10-06 06:08
PARAMOUNT COLLEGE,029b88ed-d978-4b5c-8bdb-447d25a2bba1,AU,https://www.paramount.edu.au,admitting,delivery; english,"course page with fee, duration, IELTS and Moodle blended delivery",not published; contact admissions,course page annual (programme total = annual); not labelled international; differs from catalogue on all 12,course page (12 agree),"blended, Moodle -> blended (new on 12)",duration; entry_requirement; fee; ielts_overall; mode,fee; duration; ielts_overall; mode; entry_requirement,-,0 + 0 delivery,12 / 18,Website set https://www.paramount.edu.au; 0 rebound,"no website on record (set from 12 pages with own name and codes); page fees differ from catalogue (e.g. 9,000 vs 30,000); fee not labelled international","Decide whether page fee or catalogue is right, then admit fee",C27.md,2026-10-06 00:10
Pathways College of Bible & Mission,c43e4f0b-6292-4016-a6be-6eb74983c102,NZ,https://www.pathways.ac.nz,admitting,fee,Shared 2026 table with Domestic and International columns,not published,"course page annual (NZD 14,468 international, 120 credits; Domestic $7,234)",not published,-,fee,"fee (International column; tuition only; $2,444 course costs left out)",-,1 + 0 delivery,2 / 2,none,Level 6 page not in stored links,Find Level 6 page and intakes,E11.md,2026-10-06 06:03
PENFOLD COLLEGE,64e40cf9-b912-4692-a20a-6ccd8873c8f2,AU,https://uscohealth.edu.au,admitting,delivery; english; fee; intakes,"course page: Tuition Fee AUD X, Duration N weeks, Delivery: Face-to-face; promo price list separate",course page months (October),course page whole-course total / weeks (matches Offshore column of promo price list; promo onshore not read),course page (IELTS 6.0 on 19),Face-to-face -> on_campus (19),course_years; duration; entry_requirement; fee_total; ielts_overall; intakes; location; mode,fee_total+course_years; duration; intakes; ielts_overall; mode; location; entry_requirement (text-only),none (Intake Dates nav page URL not stored),2 + 0 delivery,20 / 20,"2 rebound from /promotional-prices (108244E, 108243F)","26-week courses print 10,000 per semester (annual 20,000 under one-semester convention); 108241H Grad Dip Mgmt (Learning) only on promo list",Confirm one-semester convention,C19.md,2026-10-05 22:59
Pentagon College Australia,c4147bab-7559-4f94-bd76-f7033d9e2414,AU,https://pentagoncollege.edu.au,admitting,delivery; english; fee,"page with ""Tuition fee AU$"", ""Duration N weeks"", Study mode, IELTS","not published (""Enquire for dates"")",course page whole-course total / weeks,"course page (""IELTS 6.0 or equivalent"")",Study mode Face to face -> on_campus (4),campus; course_years; duration; entry_requirement; fee_total; ielts_overall; intakes; mode,fee_total+course_years; duration; mode; campus; ielts_overall; entry_requirement; intakes,-,0 + 0 delivery,4 / 5,Website set https://pentagoncollege.edu.au,Catalogue holds whole-course register totals (4 wrong); 109178B no page,-,D7.md,2026-10-05 22:20
Perth College of Beauty Therapy; YES College,d0211877-d6c7-4054-bfec-b114c78c8a19,AU,https://www.yescollege.com.au,admitting,delivery,course page with duration and delivery; Next Intake heading empty,render needed; Next Intake heading blank in stored text,not published; separate policy documents (VET Student Loans),not published,Face to Face -> on_campus (14 pages),duration; mode,mode; duration,-,0 + 0 delivery,15 / 18,"0 rebound; 3 courses on wrong pages (Carpentry, Roof Plumbing, Tiling), no own pages evidenced; no website change",fees only in separate policy documents; intakes need render; 3 mis-bound courses,No decision; find own pages for 3 mis-bound courses and render the intake heading,C27.md,2026-10-06 00:09
Perth College Of Business and Technology Pty Ltd,e6f73072-cb37-4d2d-93ef-9ec855dd5397,AU,https://www.pcbt.wa.edu.au,admitting,delivery; english,"course page with fee, duration, IELTS and delivery; Refer to Intakes",not published; Refer to Intakes,"course page whole-course total; marked for a limited time; not labelled international; page 8,500-12,800 vs catalogue 20,000-29,000",course page (14 agree),course page wording -> read on 11 pages,course_years; duration; entry_requirement; fee_total; ielts_overall; mode,mode; duration; fee_total; course_years; ielts_overall; entry_requirement,-,0 + 0 delivery,16 / 17,0 rebound,"fee not admitted (limited-time price, not labelled international); odd durations (43 and 26 weeks); 1 identity mismatch",Decide whether limited-time fees can be admitted,C30.md,2026-10-06 05:15
Phoenix Academy,589c9fb6-3891-497c-b713-41bd1a71d1a0,AU,https://www.phoenix.wa.edu.au,admitting,english,"page with IELTS, delivery, some intakes","course page months on 2 of 10 pages; others ""Every Monday"", ""On Demand"", ""Ongoing""",not published,"course page (6 of 10, agree)","on_campus 3 plus ""Face to Face and Online Units"" ambiguous -> not admitted",duration; ielts_overall; intakes; mode,intakes; mode; duration; ielts_overall,-,0 + 0 delivery,10 / 12,-,Intakes and delivery below half of pages; 112147E and 103320E share a page; catalogue lists 12 vs 10 courses,-,C58.md,2026-10-06 06:07
Pivot Education Pty Ltd,03f447ae-f200-44f1-b58a-6581c00b9743,AU,-,admitting,delivery,ELICOS course page; pages on pivoteducation.edu.au (no website on record),rolling/no months (any Monday),"per week/unit/term ($3,000 AUD per block of 12 weeks; not read)",not published,On campus (Face-to-Face)/Online -> on_campus_and_online (8),campus; duration; mode,mode; duration; campus,-,0 + 0 delivery,9 / 23,0 rebound; re-read sent,"ELICOS only; 6 identity mismatches (Advanced General English, IELTS/PTE Elementary on Elementary page); 8 courses no page",Fee per block cannot be annualised,C12.md,2026-10-05 22:24
Platinum Institute Australia,6cf8d036-8989-44e2-b6bd-58f3e4d8d0af,AU,https://www.platinum.edu.au,admitting,delivery; english,"page ""Study Mode Full Time Delivery Face to Face Duration 52 Weeks""; IELTS 6.0 overall",not published,"central fees page (Indicative International Fees, link not stored)","course page (6.0 x3, General English 4.0)",Full Time Delivery Face to Face -> on_campus (4),duration; entry_requirement; ielts_overall; mode,mode; duration; ielts_overall; entry_requirement,-,0 + 0 delivery,4 / 4,-,-,Capture Indicative International Fees page,D10.md,2026-10-05 22:57
Polytechnic Institute Australia; Australian Polytechnic Institute,2ee10839-3e31-491c-8b07-923e8eb872e7,AU,http://www.pia.edu.au/,admitting,english,course page Key Facts (Diploma and Master of Business use different layout),not published,not published (central Courses and Fees page; address not stored; not attachable kind),course page (IELTS on 12),"Blended Face-to-face; table lists Blended and Face to Face separately -> blended, not admitted",campus; duration; entry_requirement; ielts_overall; mode,ielts_overall; mode; campus; duration; entry_requirement (Key Facts),english_policy https://pia.edu.au/courses/diploma/diploma-of-business/; english_policy https://pia.edu.au/courses/graduate-certificate/graduate-certificate-in-business/; english_policy https://pia.edu.au/future-students/future-students/how-to-apply/; fee_schedule https://pia.edu.au/courses/graduate-certificate/graduate-certificate-in-business/; fee_schedule https://pia.edu.au/future-students/future-students/fees-refunds/; fee_schedule https://pia.edu.au/future-students/future-students/international-students/; intake_calendar https://pia.edu.au/courses/masters/master-of-business/; intake_calendar https://pia.edu.au/future-students/; intake_calendar https://pia.edu.au/future-students/student-life-support/key-dates/,0 + 0 delivery,15 / 21,0 rebound,"6 identity mismatches (MSW to Moodle page, EAP to others) with no own page; unclear if blended is a mix or choice",Decide delivery mapping (Blended Face-to-face); fees only on central page,C14.md,2026-10-05 22:59
Princeton Education Group Pty Ltd,720c7bb4-843a-43ee-a736-c79d0fffe5df,AU,https://princeton.edu.au,admitting,delivery; english,"page with delivery, IELTS; total fee ""please contact us""",not published,not published,"course page (6.0, 4 agree; General English none, placement test)",Face to face classroom based -> on_campus (5),duration; entry_requirement; ielts_overall; mode,mode; duration; ielts_overall; entry_requirement,-,0 + 0 delivery,5 / 5,Website set https://princeton.edu.au,-,-,D6.md,2026-10-05 22:28
Prisma Education Institute Australia,6319732d-3868-42a9-a481-5bdcb3ae4e8c,AU,https://peia.edu.au,admitting,delivery; fee; intakes,"Course pages print intakes, fees, duration, delivery","course page months (Jan, Apr, Jul, Oct)","course page whole-course total / years (11,000/52 wks; 14,600/1.5; 17,500/1.5; 20,500/2)",not published,Face to face in classroom -> on_campus,course_years; duration; fee_total; intakes; mode,fee_total+course_years; duration; intakes; mode,-,0 + 0 delivery,4 / 4,website set peia.edu.au,Catalogue totals within $500 of page,Find English requirement page,D15.md,2026-10-06 00:11
Protea College,823d398f-5e99-47c9-96a8-eff642853fa8,AU,https://protea.edu.au,admitting,delivery; english; fee,"course page: Tuition Fee, Total Course Duration weeks",not published,course page whole-course total / weeks (tuition only; one-semester rule on 115427F),course page (IELTS on 15),Face-to-face (Classroom based) -> on_campus (9); Blended; Face-to-face (Blended) -> blended (6),aqf_level; course_years; duration; entry_requirement; fee_total; ielts_overall; location; mode,fee_total+course_years; ielts_overall; mode; location; duration; aqf_level; entry_requirement,-,0 + 0 delivery,18 / 22,website set to https://protea.edu.au,"Entry text names other colleges (Penfold, Edinburgh Institute): copy-paste errors; 115429D shares page with 118730H, not read; 4 courses no page",Confirm one-semester rule on 115427F,C14.md,2026-10-05 22:59
"Queensford College, Q Learning",2b19a00f-fd81-4317-9991-f3d67a8ad3b3,AU,https://www.queensford.edu.au,admitting,delivery; english,course page; intake behind Intake Date View Calendar,central calendar page (Intake Date View Calendar; address not stored),not published,course page (IELTS 6 / 7 on 12),Study Mode Blended (On Campus & Online) -> blended (13),campus; duration; entry_requirement; ielts_overall; mode,mode; ielts_overall; duration; campus; entry_requirement; title_strip,none (calendar address not stored),12 + 4 delivery,19 / 20,"2 rebound (107130A, 107131M to /international-courses/ pages); re-read sent",Rebound pages carry newer CRICOS code and generic h1 so adapter does not confirm them; 114218A on fitness blog post,Intake calendar and fees need a source,C18.md,2026-10-05 23:10
Queensland Academy of Technology,aead951c-991f-4bd6-b969-ac047a083276,AU,-,admitting,english,course page; pages on qat.qld.edu.au (no website on record),rolling/no months (Intake Date: Every 4 weeks on a few),not published (contact us for international tuition fee),"course page (IELTS 6.0 or equivalent, no band below 5.5; on 11)",not published,duration; entry_requirement; ielts_overall,ielts_overall; duration; entry_requirement,-,0 + 0 delivery,18 / 24,"3 rebound from /domestic/ to international pages (106520F, 108598A, 119588A)","No fee, dates or delivery; Cert II Cookery/Hospitality, Grad Dip Management (Learning), Cambridge First have no page",Fees and dates need a source,C10.md,2026-10-05 22:29
Queensland College of Music Pty Ltd,000bd129-33a6-41bc-b3c0-4a986ae775b6,AU,https://www.qcm.qld.edu.au,admitting,english; fee; intakes,"course page with international fee, intakes, IELTS; delivery on separate Delivery Models page",course page months (Jan/Jul),"course page whole-course total / years (""$12,600 (International Students)"" over 4 terms)",course page (6.0),not published (separate Delivery Models page),course_years; duration; entry_requirement; fee_total; ielts_overall; intakes,intakes; fee_total+course_years; ielts_overall; duration; entry_requirement,-,0 + 0 delivery,5 / 5,-,Delivery on a separate page,-,D1.md,2026-10-05 21:54
Queensland International Business Academy,4972562c-c01f-4634-8f44-abe4ad16a93c,AU,https://www.qiba.edu.au,admitting,english,"page with fee, IELTS; Intakes tab with no text stored","render needed (Intakes tab, no text stored)",course page whole-course total / weeks (ELICOS and PTE weekly),course page (9 of 9 agree),not published,course_years; entry_requirement; fee_total; ielts_overall,fee_total+course_years; ielts_overall; entry_requirement,-,0 + 0 delivery,12 / 12,-,"Catalogue fee 20,000-30,000 vs page 10,000-15,000, differs on all 9",Decide which fee is current,C58.md,2026-10-06 06:05
Queensland International Institute,ead4c90d-e62e-47bc-b12d-7a6fcfbffae4,AU,https://www.qii.qld.edu.au,admitting,english; fee,"page with Delivery Mode, tuition, weeks, IELTS","not published (""Regular intakes available"")",course page whole-course total / weeks,course page (8 of 12),Delivery Mode Face to face; VET 20-hr structure with self-study -> not admitted (3 read),course_years; entry_requirement; fee_total; ielts_overall; mode,fee_total+course_years (weeks); ielts_overall; mode; entry_requirement; enrolment/material fees left out,-,1 + 0 delivery,12 / 13,-,12-week Cambridge pages give no annual fee; catalogue holds totals; IELTS 30/36/42 are PTE; 109935C bound to 2016 news page,Need intake source and a Cert II Hospitality page for 109935C,C52.md,2026-10-06 06:09
Queensland University of Technology,2c4f515c-c146-4e90-ba8a-294130aa1f40,AU,https://www.qut.edu.au,admitting,english; fee; intakes,-,-,-,-,-,campus; duration; entry_requirement; fee; ielts_overall; intakes; mode,-,english_policy https://www.qut.edu.au/courses/english-for-academic-purposes-2-standard; english_policy https://www.qut.edu.au/research/study-with-us/how-to-apply; english_policy https://www.qut.edu.au/study/applying/international-applying; english_policy https://www.qut.edu.au/study/applying/postgraduate-applying-your-guide; fee_schedule https://mopp.qut.edu.au/document/view.php?id=239; fee_schedule https://www.qut.edu.au/study/fees-and-scholarships; fee_schedule https://www.qut.edu.au/study/fees-and-scholarships/understand-your-fees; intake_calendar https://www.qut.edu.au/about/key-dates-and-academic-calendar; intake_calendar https://www.qut.edu.au/about/key-dates-and-academic-calendar/academic-calendar; intake_calendar https://www.qut.edu.au/about/key-dates-and-academic-calendar/international-key-dates; intake_calendar https://www.qut.edu.au/about/key-dates-and-academic-calendar/teaching-periods,3 + 0 delivery,210 / 294,-,-,-,register (before night run),2026-10-05 17:11
RC (Rhodes College),169b1dd6-1e6d-4f3f-8d5b-755c76ce60e8,AU,http://www.rhodescollege.vic.edu.au/,admitting,delivery; fee; intakes,"course page with Tuition Fee, intake months and classroom delivery","course page months (Feb to Dec, 17 of 17 agree)",course page whole-course total / (weeks/52); resource fee left out,not published; behind a Click here link,20 hours classroom based training -> on_campus (16),course_years; duration; fee_total; intakes; mode,intakes; mode; duration; fee_total+course_years,-,1 + 0 delivery,17 / 17,0 rebound,English behind a Click here link; delivery not read on 102271F,Find English requirement page,C29.md,2026-10-06 00:12
Real Estate Institute New Zealand Incorporated,07f45c37-3537-4423-b278-690b45706a3b,NZ,https://www.reinz.co.nz,admitting,delivery; intakes,"""Intakes Open for Enrolment"" card on each page","course page months (Level 5 October, Level 6 November)","not published (NZ real-estate licensing, no international info)",not published,"In-Person -> on_campus (2); ""Study online at your own pace"" -> online (2)",intakes; mode,intakes; mode,-,0 + 0 delivery,4 / 4,-,"Level 4 online courses give no month; catalogue holds ""November"" for 1809 but page shows none",-,D8.md,2026-10-05 22:56
Redeemer Baptist School,49ffc9d7-5043-4bdd-a779-5deafc089377,AU,https://www.redeemer.nsw.edu.au,admitting,delivery,One shared overseas-students page for all three courses,not published,central fees page (Overseas Student Fees; not stored),not published,full-time on-campus face-to-face -> on_campus,mode,mode,-,0 + 0 delivery,3 / 3,none,"Catalogue fees (e.g. 115,520) look like whole-programme totals",Capture Overseas Student Fees page,E1.md,2026-10-06 05:45
Rhodes International College,ba359a90-9f12-4ab4-b961-2fe6dfe712df,AU,https://www.ric.edu.au,admitting,delivery; english,"course page with classroom delivery, duration, campus and IELTS",not published; Intake Dates page address not stored,"central fees page https://ric.edu.au/course-costs/ (stored, not attachable)",course page (16 agree: 5.5; 6.0 for 113139H),classroom delivery -> on_campus (13),campus; duration; entry_requirement; ielts_overall; mode,ielts_overall; mode; duration; campus; entry_requirement,-,0 + 0 delivery,16 / 16,0 rebound,"3 pages (107591E, 113139H, 118788A) print no mode wording; fees page needs a per-course reading",Add route for central fees page; supply intake page address,C35.md,2026-10-06 05:24
Richmond School of Business,ae1063b9-650a-4b7e-a2b9-278d853cf7da,AU,https://www.rsb.edu.au,admitting,delivery,-,-,-,-,-,course_years; duration; entry_requirement; fee_total; ielts_overall; mode,-,-,0 + 0 delivery,11 / 11,-,-,-,register (before night run),2026-10-06 06:45
Risen Star College of Technology & Business Pty Ltd,72b06f81-5a9b-4a38-8f02-e2b14be50b09,AU,https://risenstarcollege.edu.au,admitting,delivery,"""(International Student)"" ""-2"" pages; domestic self-paced pages also exist",not published,"not published (""contact our admin team"")",not published,"""(International Student) delivered through face-to-face training"" -> on_campus (4)",duration; mode,mode; duration,-,0 + 0 delivery,5 / 5,"Website set https://risenstarcollege.edu.au; rebound 117985D, 117986C, 117987B to ""-2"" international pages; 2 re-reads",117986C no adapter identity and carries stray self-paced online FAQ line; apply skips hand-bound pages,Check 117986C next wave,D6.md,2026-10-05 22:33
Riverdale Institute Pty Ltd,cb3b2590-fcc0-4e30-be83-6ec567097133,AU,https://www.riverdaleinstitute.edu.au,admitting,delivery,"course page with Face-to-face or Classroom Based delivery, duration and campus",not published,not published; contact email,not published,Face-to-face; Face to Face; Classroom Based -> on_campus (16),campus; duration; mode,mode; campus; duration,-,0 + 0 delivery,16 / 17,Website set https://www.riverdaleinstitute.edu.au; 0 rebound,-,Find fee and intake sources,C32.md,2026-10-06 05:17
RMIT University (RMIT),8e1adb6c-e069-43db-9584-bd054255e702,AU,https://www.rmit.edu.au,admitting,delivery; english; exit_awards; fee,-,-,-,-,-,campus; course_years; duration; entry_requirement; exit_awards; fee; fee_total; ielts_overall; intakes; mode,-,english_policy https://www.rmit.edu.au/study-with-us/applying-to-rmit/local-student-applications/entry-requirements/minimum-english-language-requirement; english_policy https://www.rmit.edu.au/study-with-us/international-students/apply-to-rmit-international-students/entry-requirements/english-requirements; english_policy https://www.rmit.edu.au/study-with-us/international-students/apply-to-rmit-international-students/entry-requirements/english-requirements/english-language-proficiency-tests; fee_schedule https://www.rmit.edu.au/content/dam/rmit/documents/staff-site/servicesandtools/finance/2025-international-offshore-hdr-fees.pdf; fee_schedule https://www.rmit.edu.au/study-with-us/applying-to-rmit/local-student-applications/fees/fees-by-level-of-study/research-programs/international-offshore; fee_schedule https://www.rmit.edu.au/study-with-us/international-students/apply-to-rmit-international-students/fees-for-international-students; fee_schedule https://www.rmit.edu.au/study-with-us/international-students/study/cost-of-studying-in-australia; intake_calendar https://www.rmit.edu.au/students/my-course/important-dates; intake_calendar https://www.rmit.edu.au/students/my-course/important-dates/2026; intake_calendar https://www.rmit.edu.au/students/my-course/important-dates/2026/he; intake_calendar https://www.rmit.edu.au/students/my-course/important-dates/2027/he,2 + 0 delivery,390 / 507,-,-,-,register (before night run),2026-10-05 20:04
Rockford College,d446e6a4-14a8-4e15-8646-5b8e2906adf3,AU,https://www.rockford.edu.au,admitting,delivery; english; fee,"course page: international Tuition fee whole-course, later domestic section (not read); ELICOS per week",central calendar page (https://rockford.edu.au/intake-dates/ held as intake_calendar),course page whole-course total / weeks (domestic section also on page); General English per week not read,course page (IELTS on 18),14 hours face to face + 6 hours online per week -> on_campus_and_online (18); General English -> on_campus (1),campus; course_years; duration; entry_requirement; fee_total; ielts_overall; mode,fee_total+course_years (pattern widened to Course fee(s): $X); duration; mode; campus; ielts_overall; entry_requirement (text-only),english_policy https://rockford.edu.au/application-process/; english_policy https://rockford.edu.au/wp-content/uploads/2026/06/International-Student-Handbook-V2.3.pdf; english_policy https://www.rockford.edu.au/wp-content/uploads/2021/12/Rockford-Prospectus_APR_2021_V1.1_PRINT.pdf; fee_schedule https://rockford.edu.au/application-process/; fee_schedule https://rockford.edu.au/refund/; fee_schedule https://www.rockford.edu.au/wp-content/uploads/2025/07/Fees-Refunds-Policy-Associated-Procedures-V1.1.pdf; intake_calendar https://rockford.edu.au/application-process/; intake_calendar https://rockford.edu.au/intake-dates/; intake_calendar https://rockford.edu.au/refund/,0 + 0 delivery,24 / 24,"5 rebound from provider sitemap (116619A, 108673F, 119657D, 118798K, 118645E)","Hand-bound (identity manual) pages are skipped by the apply, so the 5 rebound courses get no adapter readings",Lead: worker fix so hand-bound pages get adapter readings,C10.md,2026-10-05 22:20
Rosehill College,a254a3b2-9f8d-48bd-abe8-5a5ac6a8c49f,AU,http://www.rosehillcollege.edu.au,admitting,english; intakes,course page; intakes in capitals (2026 Intake Dates JAN 12 FEB 23 ...),course page months (abbreviations mapped via term_months JAN..DEC),not published (footer Course Fees link not in stored data),course page (IELTS 6.0 on 18),not published,campus; duration; entry_requirement; ielts_overall; intakes,term_months; intakes with term_months JAN..DEC; ielts_overall; duration; campus; entry_requirement (text-only),english_policy https://rosehillcollege.edu.au/courses/bsb40820; english_policy https://rosehillcollege.edu.au/courses/uee30820; english_policy https://rosehillcollege.edu.au/international-students; fee_schedule https://rosehillcollege.edu.au/domestic-students; fee_schedule https://rosehillcollege.edu.au/international-students; fee_schedule https://rosehillcollege.edu.au/policies; intake_calendar https://rosehillcollege.edu.au/academic-calendar; intake_calendar https://rosehillcollege.edu.au/frequently-asked-questions; intake_calendar https://rosehillcollege.edu.au/pdfs/Academic-Calendar-2026-2027.pdf,0 + 0 delivery,19 / 22,-,"2 General English courses (0101986, 116449C) bound to Electrotechnology page; 117315J older layout not read; 116447E no page",Fees and delivery need a source,C14.md,2026-10-05 22:59
Royal Roads University,57695444-f503-48fe-a762-eb1898ec5c5a,CA,-,admitting,delivery; intakes,-,-,-,-,-,duration; entry_requirement; intakes; mode; study_level,-,-,15 + 0 delivery,17 / 31,-,-,-,register (before night run),2026-10-05 17:06
Royal Victorian Aero Club,8aa3a282-ee43-480a-96ea-414d2a52e973,AU,https://www.rvac.com.au,admitting,intakes,Course pages show shop-style price range with no audience label,course page months,"not labelled international (price range e.g. 91,096 to 96,496)",not published,blended delivery on Flight Instructor page only; not read,intakes,intakes,english_policy https://rvac.com.au/training/international-students/,0 + 0 delivery,3 / 3,"3 rebound to /diploma/commercial-pilot-licence/, /diploma/flight-instructor-rating/, /diploma/multi-engine-command-instrument-rating/","Catalogue fees whole-course totals (38,000 to 86,000)",Read stored schedule-of-fees page,E2.md,2026-10-06 05:50
Ruby Institute,e5eb3369-dc5b-431f-af0d-09f58b0cb587,AU,https://www.ruby.vic.edu.au,admitting,delivery; english; fee,"course page with tuition, IELTS, delivery and Monthly Intakes",rolling/no months; Monthly Intakes,course page whole-course total / weeks (tuition only; non-tuition fee itemised),course page (14 agree),on_campus (14),course_years; duration; entry_requirement; fee_total; ielts_overall; mode,fee_total; course_years; duration; ielts_overall; mode; entry_requirement,-,0 + 0 delivery,15 / 15,0 rebound,General English page prints no fee,-,C40.md,2026-10-06 05:15
Sacred Heart International College,9de35b56-e2c0-4d1a-8890-51301c3e437d,AU,https://www.shic.vic.edu.au,admitting,delivery; english; fee,"course page: Course Fees box (Registration $500, Material, Tuition, Total Course Fee); total matches CRICOS register",not published,course page whole-course total / weeks (tuition only; total matches register),course page (IELTS 5.5 on 11),on campus (12),campus; course_years; duration; entry_requirement; fee_total; ielts_overall; mode,fee_total+course_years; duration; campus; mode; ielts_overall; entry_requirement (text-only),-,0 + 0 delivery,12 / 20,website set https://www.shic.vic.edu.au (was empty),"2 identity mismatches (106136C, 114161B); 6 courses no page; 105994B Cert IV Business no tuition read",Fees need a check against dates source,C20.md,2026-10-05 22:54
SAE University College,141c895b-9fd5-4c10-9427-bf457593de37,AU,https://www.sae.edu.au,admitting,english; fee; intakes,"course pages with International Fees panel (Annual Course Fee Indicative, 1.0 EFTSL), start dates, IELTS, study-mode list",course page months (e.g. Feb/May/Sep 2027),"course page annual (International Fees, Annual Course Fee Indicative based on 1.0 EFTSL)",course page,"study-mode list: 'Online' is domestic only; 'Blended' = required mix of on-campus and online, not admitted; VFX reads 'Online' though on campus for internationals",duration; fee; ielts_overall; intakes; location; mode,"fee, intakes, ielts_overall, mode, duration, location; duration is first option (often Fast Track) so review only",english_policy https://sae.edu.au/how-to-apply/international-enrolment-process/; english_policy https://sae.edu.au/how-to-apply/international-entry-requirements/; english_policy https://sae.edu.au/life-at-sae/information-for-international-students/; fee_schedule https://sae.edu.au/current-students/refunds/; fee_schedule https://sae.edu.au/how-to-apply/domestic-fees-payments/; fee_schedule https://sae.edu.au/how-to-apply/international-fees-payments/; intake_calendar https://sae.edu.au/current-students/academic-calendars/; intake_calendar https://sae.edu.au/current-students/orientation-key-dates/; intake_calendar https://sae.edu.au/wp-content/uploads/2025/12/2026-Academic-Calendar.pdf,4 + 0 delivery,46 / 57,0 rebound; no website change,11 courses on wrong pages (old CRICOS majors; no pages in stored data); VFX delivery reads Online wrongly,Check whether the 11 majors are retired; delivery not admitted,B15.md,2026-10-05 22:58
Salisbury College Australia,fdb7b836-3328-4238-8ec6-9134cc773e09,AU,https://sc.edu.au,admitting,delivery,product page with Intake Dates table (month rows with dates) and delivery,course page months (table of 2026/2027 dates); 4 courses differ from catalogue,not published; central page sc.edu.au/course-fees-and-other-charges/ stored but unused,not published,Face to Face -> on_campus (11),campus; duration; intakes; mode,intakes; duration; mode; campus,-,0 + 0 delivery,12 / 16,Website set https://sc.edu.au; 0 rebound,"intake agreement 6 of 10 (60 percent); catalogue holds extra months (104311J, 108154G, 108157D, 108158C); 2 identity mismatch, 2 unbound",Review catalogue intakes on 4 courses; decide on central fees page,C38.md,2026-10-06 05:19
School of Engineering Australia Pty Ltd,41e95976-aeea-49be-9191-aa090bb0dbcf,AU,https://sea.edu.au,admitting,delivery; english,"Course pages print mode, duration, campus, IELTS; fees and intakes on separate Fee & Intake Dates page",central calendar page (Fee & Intake Dates; not stored),central fees page (Fee & Intake Dates; not stored),course page: IELTS 6.0,Face to face -> on_campus,campus; duration; entry_requirement; ielts_overall; mode,mode; duration; campus; ielts_overall; entry_requirement,-,0 + 0 delivery,3 / 3,"website set https://sea.edu.au (name-based, no CRICOS code printed)","Fee & Intake Dates page has no stored URL; catalogue fees (29,000; 33,000; 25,000) whole-programme or itemised, untouched",Re-read pages so the link is captured,E1.md,2026-10-06 05:45
SGSCC International,c4a16a0c-9f1a-4a8d-81dc-e6b41d8d373f,AU,http://www.sgscc.edu.au/international,admitting,delivery; english,course page; fees and start dates on central page (link URL not stored),central calendar page (View our international student fees and upcoming start dates here; URL not stored),central fees page (same link; URL not stored),course page (IELTS 6.0 on 14),"20 hours per week (70% face to face, 30% online learning) -> required mix, blended",campus; duration; entry_requirement; ielts_overall; mode; student_type,ielts_overall; duration; mode; campus; student_type; entry_requirement,none (link not in stored text),0 + 0 delivery,14 / 19,"6 rebound to *_international pages (112966C, 102877J, 112969M, 118597H, 118712K, 119603G); re-read sent",108601M / 108602K older codes bound by title to pages printing newer codes (likely superseded); 112970G on domestic page; 5 IT courses no page,Check catalogue for superseded codes; find central page URL,C21.md,2026-10-05 22:57
Sheridan Institute of Higher Education,0a3dfeee-4e0d-4f11-8eaf-3e018f87da65,AU,https://www.sheridan.edu.au,admitting,delivery; intakes,-,-,-,-,-,campus; duration; entry_requirement; intakes; mode,-,-,0 + 0 delivery,9 / 11,-,-,-,register (before night run),2026-10-06 06:37
SIGNATURE TRAINING PTY. LTD.,0f850221-eca2-48e8-828f-0f06e0268c6e,AU,http://www.signaturetraining.edu.au,admitting,delivery; english; fee; intakes,course page: Intake terms; Tuition Fee only (enrolment and material left out); face-to-face hours,"course page months (Feb, April, July, Sept read via term_months)",course page whole-course total / weeks (tuition only; 78 weeks = 1.5 years),course page (IELTS 6.0 on 16),face-to-face hours -> on_campus (16),campus; course_years; entry_requirement; fee_total; ielts_overall; intakes; mode,term_months; intakes; fee_total+course_years; ielts_overall; mode; campus; entry_requirement; term_months {Sept: September},none (all on course pages),1 + 0 delivery,18 / 18,"3 rebound (113837D, 113841H to -intl pages; 107157A to CHC43121 page); re-read sent","First apply read Sept as 3 months; 111094K Cert III Hospitality $3,500/52 wks low but matches page",Human glance at 111094K fee,C24.md,2026-10-06 00:18
"Skills Australia Institute, Western Australia College lnternational",c4160a2b-7787-4be9-a772-b6f095c334c8,AU,http://www.skillsaustralia.edu.au/,admitting,delivery; english; intakes,"page with Course Cost, intakes, IELTS, delivery","course page months (day plus abbreviated month, e.g. 05 Oct, 12 Oct)","central fees page (Fees and Charges, not stored)",course page (10 of 10),Face to Face -> on_campus (10 of 10),campus; duration; entry_requirement; ielts_overall; intakes; mode,intakes (pick last); mode; duration; campus; ielts_overall; entry_requirement,-,0 + 0 delivery,11 / 13,-,"Wrong bindings (Adv Dip IT to blog, Dip Hospitality to Automotive page), none rebound; 107067C and 107068B not enrolling",Capture Fees and Charges page if fee wanted,C51.md,2026-10-06 06:08
Skills Institute Australia,220519f2-4569-4fc7-8327-aaade6bbe3a0,AU,-,admitting,delivery; english,course page; pages on skills.qld.edu.au (no website on record),not published (Intake dates menu link not in stored links),not published (Fee structure menu link not in stored links),course page (IELTS 5.5; 4.5 EAP; on 8),face-to-face -> on_campus (3); blended (3),course_years; duration; entry_requirement; ielts_overall; mode; student_type,mode; duration; course_years; ielts_overall; student_type; entry_requirement,-,0 + 0 delivery,10 / 27,-,No website on record; 13 courses have no page; 4 identity mismatches,Fees and dates need a source; re-read sent,C5.md,2026-10-05 21:56
Skyline Higher Education Australia (SHEA),27e92d04-01a7-4f47-a3dc-08171e0785e7,AU,https://www.shea.edu.au,admitting,delivery; english; fee; intakes,"Course pages print Duration, Intake, International Students Fee, location","course page months (Feb, May, Sep)","course page whole-course total / years (59,400/3; 48,000/2 = 24,000)",course page: IELTS 6.5 on MIT; Bachelor none,Face-to-Face -> on_campus,aqf_level; course_years; duration; fee_total; ielts_overall; intakes; location; mode,intakes; fee_total+course_years; mode; duration; location; aqf_level; ielts_overall,-,0 + 0 delivery,2 / 2,none,Catalogue holds whole-course totals (wrong),-,E8.md,2026-10-06 05:41
Skyline Institute of Technology,a66a62ed-6f9a-46d2-848e-10b22e0e642c,AU,https://slit.edu.au,admitting,english; fee,"page with Tuition, duration weeks, IELTS, delivery",not published,course page whole-course total / weeks,"course page (6.0, 12 of 12)","""Classroom based/Face to Face (via Microsoft Teams)"" -> reads on_campus but live online, held back",course_years; fee_total; ielts_overall; mode,fee_total+course_years; ielts_overall; mode,-,1 + 0 delivery,12 / 13,Website set https://slit.edu.au,35-44 week programmes cannot be patterned conditionally; 13th page is kidscourses listing; 113459C no fee,Decide Skyline delivery (Teams = live online?),C54.md,2026-10-06 06:06
Skyline International College,a9404a57-5068-4562-ab0f-838347335118,AU,-,admitting,delivery; english,course page; pages on sic.edu.au (no website on record),not published,not published,course page (IELTS 6.0 on 25),Face to Face -> on_campus; Face to Face and Online -> on_campus_and_online (22),duration; entry_requirement; ielts_overall; mode,ielts_overall; mode; duration; entry_requirement (text-only),none attached (menu shows Fees and Academic Calendar; no URLs in stored links),0 + 0 delivery,25 / 27,website not set (suggest https://sic.edu.au),"No fee or start dates on pages; 2 identity mismatches (116888B, 116889A older ECEC codes)",Decide whether to set website to https://sic.edu.au (rule covers old domains only),C6.md,2026-10-05 22:24
"Solis College, Athena College Australia",8eb5252c-18be-4912-98a6-dd69f95bc186,AU,https://soliscollege.sa.edu.au,admitting,english,"course page with IELTS, duration and campus; Quarterly Intake",rolling/no months; Quarterly Intake,not published; downloadable Course Fee List only,course page (13 agree),not published,duration; ielts_overall; location,ielts_overall; duration; location,-,0 + 0 delivery,14 / 18,Website set https://soliscollege.sa.edu.au; 0 rebound,"2 identity_mismatch (118916J, 119802M); 3 Dip Community Services codes share one page (read for 112335A only); fees in a downloadable list",Locate Course Fee List source,C28.md,2026-10-06 00:12
Soshi Gakuen New Zealand Incorporated,51463a53-dd3f-4dfc-a6d8-bce081dacfb0,NZ,https://www.ipu.ac.nz,admitting,delivery; english,programme page with header STUDY ONLINE AND ON-CAMPUS and English tab; 10 courses on junk pages,not published,not published; stored tuition page bound to English certificate courses,course page (6 of 6 agree),STUDY ONLINE AND ON-CAMPUS -> on_campus_and_online (5),entry_requirement; ielts_overall; mode,mode; ielts_overall; entry_requirement,-,0 + 0 delivery,6 / 16,0 rebound; 1 re-read sent,"10 of 16 courses on identity_mismatch pages (home, research, news, fees); no own pages for NZ certificates and diplomas","Supply sitemap or URLs for 10 courses, plus fees and intake pages",C34.md,2026-10-06 05:11
SOUTH SYDNEY COLLEGE (SSC),db4c5deb-5235-4cd9-b3cd-fdec98543d50,AU,https://ssc.edu.au,admitting,delivery; english; intakes,course page: Start Date Every Month; study mode,course page months (Every Month -> 12 months; Except June and December -> 10 months; Intake 1/2 dated -> Sep/Oct),not published (only salaries printed),course page (IELTS 6.0 on 18),Study Mode Blended -> blended (20),campus; duration; entry_requirement; ielts_overall; intakes; mode,term_months; intakes with term_months; ielts_overall; mode; duration; campus; entry_requirement,-,0 + 0 delivery,20 / 21,website set https://ssc.edu.au (no website on record),General reader had wrongly read Except June and December as June/December; 106389D Multiple Intakes gets no months; 0100973 General English bound to /english/,Fees need a source,C18.md,2026-10-05 23:03
SOUTHERN ACADEMY OF ENGLISH LEARNING,3a5e24f7-ea35-4532-b848-1fe002782f5c,AU,https://www.sec.sabt.edu.au,admitting,delivery,General English page prints hours; EAP page prints unclear PTE/IELTS table,not published,not published,conditional/example only (EAP unclear table),20 hours per week face-to-face study -> on_campus,duration; mode,mode; duration,-,0 + 0 delivery,2 / 2,none,Delivery on 1 of 2 pages (50%); EAP prints nothing; catalogue totals whole-course,Say if delivery admission should be withdrawn,E8.md,2026-10-06 05:44
Southern Academy of Health Sciences,ec575f6b-6643-43a5-9235-90a5c4fbeb4d,AU,https://www.vie.edu.au,admitting,english; fee; intakes,"course page: Course Fee AUD X, Course Duration weeks",course page months (Sept read as September via term_months),course page whole-course total / weeks (enrolment and material fees excluded),course page (IELTS on 21),"required mix (classroom, scheduled supervised online sessions, workplace) -> on_campus_and_online (9, should be blended; not admitted); on campus (12)",campus; course_years; duration; entry_requirement; fee_total; ielts_overall; intakes; mode,term_months; intakes; fee_total+course_years; ielts_overall; mode; campus; duration; entry_requirement; term_months {Sept: September},english_policy https://vie.edu.au/pre-enrolment-information/; english_policy https://vie.edu.au/wp-content/uploads/2026/05/International-Student-Prospectus-2025.pdf; english_policy https://vie.edu.au/wp-content/uploads/2026/05/Intl-student-application-form-new-V-4.1.pdf; fee_schedule https://vie.edu.au/fees-other-charges/; fee_schedule https://vie.edu.au/pre-enrolment-information/; fee_schedule https://vie.edu.au/wp-content/uploads/2026/05/Intl-student-application-form-new-V-4.1.pdf; fee_schedule https://vie.edu.au/wp-content/uploads/2026/05/Offshore-Feelist-2026.pdf; fee_schedule https://vie.edu.au/wp-content/uploads/2026/05/Onshore-Feelist-2026.pdf; intake_calendar https://vie.edu.au/; intake_calendar https://vie.edu.au/advanced-diploma-of-accounting/,0 + 0 delivery,21 / 21,-,Provider name on record differs from site (Victorian Institute of Education); confirmed by CRICOS codes; website unchanged,Naming check; delivery mapping for required mix,C16.md,2026-10-05 22:59
Southern Academy of Higher Education,5e04c6e1-2a45-4fec-9ade-c0cd8ceb6d5f,AU,https://sahe.nsw.edu.au,admitting,delivery; intakes,"Course pages print intakes, delivery, IELTS; Bachelor of Business bound to Accounting Major page","course page months (March, June, October)",not published,course page: IELTS 6.0 flagged unclear (band minimums also printed); not admitted,face-to-face classroom -> on_campus,duration; ielts_overall; intakes; mode,intakes; mode; ielts_overall; duration,-,0 + 0 delivery,2 / 2,website set https://sahe.nsw.edu.au,"Bachelor of Business bound to Accounting Major page (exact_title); catalogue fees whole-course (54,000; 75,000)",Find fees page,E9.md,2026-10-06 06:05
Southern Cross Institute (SCI) Pty Ltd,b916ff47-52ae-4a6e-82e1-5d70d48f0eb8,AU,https://sci.edu.au/,admitting,delivery,"course page; fees, dates, English on central downloads","central calendar page (/download/sci-important-dates-2026-2028-*, only in provider URL list)",not published,"central english page (/download/english-language-policy_v2-4/, only in provider URL list)","""2 years full-time, face to face classroom-based"" -> on_campus (2 of 3)",duration; mode,mode; duration,-,0 + 0 delivery,3 / 5,-,116823H bound to special-consideration form; 116824G no page; Accounting page has no delivery line,Attach central download URLs if wanted,D4.md,2026-10-05 22:27
Southern Cross School of Business,2192882f-59f7-44fc-9495-6bc7b65f6224,AU,http://www.scsb.nsw.edu.au,admitting,english,course page with duration and IELTS; delivery is a blended mix,not published,not published; probably a separate fees page,"course page (11 agree, 6.0)","blended mode, 20 hours plus 10 hours self-study -> required mix, not admitted",duration; entry_requirement; ielts_overall,ielts_overall; duration; entry_requirement,-,0 + 0 delivery,15 / 15,"13 rebound to own pages from site map (FAQ, listings and wrong course pages replaced); 1 re-read",115423K page says 78 weeks vs catalogue 104; Grad Dip Mgmt page IELTS wording not matched,Supply central fees and intake page URLs,C39.md,2026-10-06 05:22
Southern Cross University,f30cd2cd-01fc-458e-a061-b7aa5faa8a00,AU,https://www.scu.edu.au,admitting,delivery; english; exit_awards; fee; intakes,-,-,-,-,-,campus; duration; entry_requirement; exit_awards; fee; ielts_overall; intakes; mode,term_months,english_policy https://www.scu.edu.au/study/how-to-apply/credit-for-recognition-of-prior-learning/credit-search-and-calculator/english-language-proficiency-pathways/; english_policy https://www.scu.edu.au/study/international-study/how-to-apply-international-future-students/admission-requirements/; english_policy https://www.scu.edu.au/study/international-study/how-to-apply-international-future-students/english-language-requirements/; fee_schedule https://www.scu.edu.au/current-students/student-administration/fees-and-charges/international-fee-information/; fee_schedule https://www.scu.edu.au/study/international-courses-and-fees/; fee_schedule https://www.scu.edu.au/study/international-study/access26/; intake_calendar https://hotelschool.scu.edu.au/apply/key-dates/; intake_calendar https://www.scu.edu.au/current-students/student-administration/key-dates--teaching-calendar/; intake_calendar https://www.scu.edu.au/media/scu-dep/staff/governance-and-records/academic-board/principal-dates/SCU-2026-Teaching-Dates---Terms.pdf; intake_calendar https://www.scu.edu.au/study/international-study/how-to-apply-international-future-students/key-application-dates/,30 + 0 delivery,128 / 153,-,-,-,register (before night run),2026-10-05 17:19
Southern Institute of Technology,e2dd4b2b-1379-46c5-abe1-e8f24e685913,NZ,https://www.sit.ac.nz,admitting,delivery; english; intakes,-,-,-,-,-,duration; entry_requirement; ielts_overall; intakes; mode; study_level,-,intake_calendar https://www.sit.ac.nz/Fees-Enrolments/Important-Dates,39 + 10 delivery,128 / 207,-,-,-,register (before night run),2026-10-05 17:19
Spencer College; Spencer College Pty Ltd,305dc9ad-26c2-4f47-bc42-04beeb30d3dd,AU,https://www.spencercollege.edu.au,admitting,delivery; english,course page,not published (Intake Dates menu address not stored),central fees page (https://spencercollege.edu.au/courses/fees/; not attachable kind),course page (IELTS 5.5 / 6.0 on 18),"N weeks classroom delivery, distance not available -> on_campus (16)",campus; duration; entry_requirement; ielts_overall; mode,mode; duration; campus; ielts_overall; entry_requirement,none (fee page cannot be attached; only english_policy or intake_calendar),0 + 0 delivery,19 / 19,-,"108018D, 108020K print no classroom delivery wording",Decide how to take fees from the central page,C20.md,2026-10-05 22:58
"Spencer Technical College, STC College, Spencer Tech College",afa99dd7-8989-4cce-81b6-c0f08df08e25,AU,https://www.spencertechcollege.edu.au,admitting,delivery; english,"Course pages print delivery, duration, campus and IELTS; no fees or dates",not published,not published,course page: IELTS 5.5,78 weeks classroom delivery -> on_campus,campus; duration; entry_requirement; ielts_overall; mode,mode; duration; campus; ielts_overall; entry_requirement,-,0 + 0 delivery,4 / 4,none,No fees or start dates printed on course pages,Find fees and dates pages,D12.md,2026-10-06 00:13
St Paul's Grammar School,2b4290e0-9225-418a-b08c-92224e96c7ed,AU,https://www.stpauls.nsw.edu.au,admitting,delivery; intakes,"/enrol/international-students/ page, CRICOS-confirmed","course page months (January, school year begins late January)",not published (published before each academic year),not published,All courses delivered on campus -> on_campus (4),intakes; mode,intakes; mode,-,0 + 0 delivery,4 / 4,-,Catalogue fees are whole-course register totals,-,D8.md,2026-10-05 22:56
Stainless Steel & Aluminium Welding Academy Limited,8355dfac-44bf-4ff1-a9f2-3996d2d57db8,NZ,https://www.weldingacademy.co.nz,admitting,english; intakes,"one international page prints L3 (20 wks, NZ$13,250), L4 (20 wks, NZ$14,750), combined L4 Complex (40 wks, NZ$28,000) with no course code","course page months (January, July)","course page whole-course total / weeks (no course code, cannot tie to course)",course page (5.5),not published,ielts_overall; intakes,intakes; ielts_overall,-,2 + 0 delivery,2 / 4,-,Fees cannot be tied to a course by pattern; 2 Study and Employment courses bound to admission-information page,"Hand value if wanted (about NZ$26,500 L3, NZ$29,500 L4)",D11.md,2026-10-06 00:04
STANFORD COLLEGE AUSTRALIA,7119732e-ad1a-4729-b51e-5e696332271b,AU,http://stanford.edu.au,admitting,delivery; english,-,-,-,-,-,campus; course_years; entry_requirement; fee_total; ielts_overall; mode,-,-,0 + 0 delivery,9 / 11,-,-,-,register (before night run),2026-10-06 06:39
Stanley College,2c4d14af-22a8-42a2-a3d2-526816dbfc0e,AU,https://www.stanleycollege.edu.au,admitting,delivery; english; intakes,HE pages: International Students $X per year or per semester; VET pages: international whole-course fee beside duration; domestic pathways skipped,course page months (2026 and 2027 dates as printed),course page annual (HE; per semester x2); course page whole-course total / years (VET); two international options on 111676K,course page (IELTS on 22),mode read on 22 pages (admitted; wording not given),course_years; duration; entry_requirement; fee; fee_total; ielts_overall; intakes; location; mode,fee; fee_total+course_years; duration; intakes; ielts_overall; mode; location; entry_requirement,english_policy https://info.stanleycollege.edu.au/hubfs/Higher%20Ed/English-Language-Proficiency-Policy-v1.2.3.pdf; english_policy https://www.highereducation.stanleycollege.edu.au/course/bachelor-of-community-services/; english_policy https://www.highereducation.stanleycollege.edu.au/entry-requirements/; fee_schedule https://info.stanleycollege.edu.au/hubfs/Marketing-Publications/International/Stanley-College-International-Students-2026-2027-Fees-&-Intakes.pdf; fee_schedule https://info.stanleycollege.edu.au/hubfs/Marketing-Publications/Payment/CIBC%20Student%20Guide%20-%20Stanley%20College.pdf; fee_schedule https://www.highereducation.stanleycollege.edu.au/other-expenses/; intake_calendar https://info.stanleycollege.edu.au/hubfs/Higher%20Ed/Stanley-College-Bachelor-of-Information-and-Communications-Technology-Admissions-Information-Set.pdf; intake_calendar https://www.highereducation.stanleycollege.edu.au/course/bachelor-of-business/; intake_calendar https://www.highereducation.stanleycollege.edu.au/essential-information/important-dates/,1 + 0 delivery,22 / 27,-,"Fee not admitted: only 2 of 4 catalogue values agree; catalogue holds whole-course totals as annual (Cert III Individual Support $5,200/28 wks; Dip Community Services $9,900/55 wks); 4 identity mismatches",Decide whether to accept annualised figures and admit fee,C4.md,2026-10-05 21:57
Starford College Pty Ltd,3c5b1d80-b8ae-46a2-a123-46803e170dbf,AU,https://www.starford.edu.au,admitting,english,-,-,-,-,-,campus; duration; entry_requirement; ielts_overall; mode,-,-,0 + 0 delivery,12 / 12,-,-,-,register (before night run),2026-10-06 06:35
State Institute of Training,8162e882-3ff6-493a-9b55-bb19768fb139,AU,http://www.sit.vic.edu.au,admitting,delivery; english,"page with entry, IELTS, delivery; no start dates",not published,"not published (""contact SIT""); only 2 courses print whole-course tuition",course page (11 of 11 agree),face to face plus workshops/workplace -> on_campus (11 of 11),campus; duration; entry_requirement; ielts_overall; mode,mode; duration; campus; entry_requirement; ielts_overall,-,0 + 0 delivery,11 / 13,"No rebinds (111999B and 119343M bound to tiling page, no own page)",Catalogue noise: PTE 50 stored as English score next to IELTS 6.0; 111999B duplicates 119160G; ~2 credits,-,C50.md,2026-10-06 06:07
States College Australia,30fe2279-05a2-452d-ba1e-c027eda83ae7,AU,https://states.edu.au,admitting,delivery,course pages named by training code; full-time face-to-face classroom mode line,not published,"not published; says refer to latest Fee Schedule (separate document, not found)",not published,full-time face-to-face classroom -> on_campus (16),duration; mode,mode; duration,-,0 + 0 delivery,16 / 18,"9 rebound to own pages named by training code (e.g. bsb50120, cpc30220, sit30821); website set https://states.edu.au; 1 re-read sent",fee schedule is a separate document with no stored link; 3 duplicate Early Childhood courses identity_mismatch (old codes); site had no website; slugs carry the training code so rebinding by code works,Find the Fee Schedule and any intake source,C27.md,2026-10-06 00:12
Sunbeam International College,fb6e8e96-5542-4804-a8b4-35cd9cffb003,AU,https://sunbeam.edu.au,admitting,english; fee,"course page with fee, IELTS and blended delivery table; Academic Calendar only a link",not published,course page whole-course total / years; catalogue holds totals for 9 courses,course page (12 of 12 agree),"15h f2f + 5h online blended mix -> on_campus_and_online, 1 of 15 pages; not admitted",course_years; duration; entry_requirement; fee_total; ielts_overall; location; mode,fee_total+course_years; duration; ielts_overall; location; mode; entry_requirement,- (Academic Calendar only a link),1 + 0 delivery,15 / 18,-,catalogue holds whole-course totals as annual; central fee table conflicts with course page; delivery pattern reaches 1 page only,Decide on blended delivery handling; fix Dip Community Services binding (115475J),C27.md,2026-10-06 00:12
Swann College,38951edd-244d-45db-9ed7-49a25fccca4b,AU,https://swanncollege.edu.au,admitting,english,international course page; domestic pages also in URL list; Rolling intakes,rolling/no months; Rolling,not published; catalogue holds whole-course totals,"course page (14; 5 agree, 9 new)",not published,campus; duration; entry_requirement; ielts_overall,ielts_overall; duration; campus; entry_requirement,-,0 + 0 delivery,14 / 15,Website set https://swanncollege.edu.au; 10 rebound from domestic or wrong pages to international pages; 2 re-reads,106035H international page lists several courses' codes (unread),Supply a key-dates page or enquiry source for intakes,C41.md,2026-10-06 05:13
Swanston Institute,4305852f-adf6-4a6d-bbbd-767a59de80f2,AU,https://swanston.edu.au,admitting,delivery,"course page with international panel (Duration, Total fee) beside domestic panel; Rolling Intake every week",rolling/no months; Rolling Intake available every week,course page whole-course total / (weeks/52); international panel only; 9 differ from catalogue,course page (10 read; not admitted),On Campus -> on_campus (9),campus; course_years; duration; entry_requirement; fee_total; ielts_overall; mode,fee_total+course_years; duration; mode; campus; ielts_overall; entry_requirement,-,0 + 0 delivery,14 / 15,Website set https://swanston.edu.au; 0 rebound,CHC pages at site root print no fee panel (5 courses); 1 course no page; catalogue fee 0 of 9 agree,Decide which fee is correct (catalogue vs page total),C42.md,2026-10-06 05:49
Swinburne University of Technology,349da14b-66b1-4c57-9dfd-6f9c36412432,AU,https://www.swinburne.edu.au/international,admitting,delivery; english; intakes,-,-,-,-,-,campus; duration; entry_requirement; fee; ielts_overall; intakes; mode; study_level,-,english_policy https://www.swinburne.edu.au/courses/applying/how-to-apply-international/; english_policy https://www.swinburne.edu.au/courses/planning-your-future/admission-requirements/; english_policy https://www.swinburne.edu.au/study/international/apply/entry-requirements/; fee_schedule https://www.swinburne.edu.au/courses/fees/; fee_schedule https://www.swinburne.edu.au/courses/fees/fees-for-international-students/; fee_schedule https://www.swinburne.edu.au/courses/fees/fees-for-international-students/paying-your-fees/; fee_schedule https://www.swinburne.edu.au/downloads/Postgraduate-Course-Fees-2027-International.pdf; fee_schedule https://www.swinburne.edu.au/downloads/Undergraduate-Course-Fees-2027-International.pdf; intake_calendar https://www.swinburne.edu.au/app/student-admin-files/docs/calendar-higher-education/2027/he-2027-calendar.pdf; intake_calendar https://www.swinburne.edu.au/courses/intakes/start-dates-intakes/; intake_calendar https://www.swinburne.edu.au/student-administration/calendar/,6 + 1 delivery,238 / 412,-,-,-,register (before night run),2026-10-05 17:04
Sydney City College of Management Pty Ltd,8f90475f-2885-4df2-ae0c-68ffb11e4bad,AU,https://www.sccm.edu.au,admitting,delivery; english,"course page with tuition, weeks, delivery and IELTS; Intake Dates is a menu page","not published; menu page, no stored URL",course page whole-course total / years (104 wks = 2; 78 = 1.5; 65 = 1.25); 8 of 16 read,course page (13 agree),face to face on campus -> on_campus (16),course_years; duration; entry_requirement; fee_total; ielts_overall; mode,mode; duration; course_years; fee_total; ielts_overall; entry_requirement,-,0 + 0 delivery,16 / 16,0 rebound,fee read on 8 of 16 only; 112853A and 118760B share one page; 103565F page may copy Diploma figure; some courses not offered from 5 Oct 2026,"Decide 103565F fee (15,000 vs catalogue 22,500); supply Intake Dates URL",C34.md,2026-10-06 05:14
Sydney Institute of Higher Education,8c43cfec-c6d4-42fc-a9d9-5f0896536681,AU,https://sydneyinstitute.edu.au,admitting,fee,"course page ""Tuition Fee (Without Scholarship) $58,800 (3-year program)""; Key Academic Dates and English Requirements links not stored",not published,course page whole-course total / years (international-only provider),not published (English Requirements link not stored),not published,campus; course_years; duration; fee_total; study_level,fee_total+course_years; duration; campus; study_level,-,0 + 0 delivery,5 / 5,-,"General reader took 58,800 as annual (corrected); Grad Cert and Grad Dip have no fee panel",Capture Key Academic Dates and English pages,D3.md,2026-10-05 21:55
Sydney Institute of Interpreting & Translating,b03836ef-2094-4724-8a89-9fe367c97551,AU,https://www.siit.nsw.edu.au,admitting,intakes,"""Available Intakes"" class rows e.g. ""(PSP50922) DI - Full Qualification - BNE - 07 Sep 2026""","course page months (class rows, monthly Sep 2026 to Dec 2027); ADI and Dip Translating print ""SYD 2027""/""no openings""","central fees page (Fees and Charges, not stored)",not published,not published,aqf_level; campus; duration; entry_requirement; intakes,intakes (all); campus; duration; aqf_level; entry_requirement,-,0 + 0 delivery,4 / 5,-,"094544A bound to /course-list/, no own page",-,D4.md,2026-10-05 22:27
Sydney Institute of Technology and Engineering,d3e46509-5c44-4268-8b7d-9ca5cff7593c,AU,https://www.siti.nsw.edu.au,admitting,delivery; english,"Course pages print intakes, mode, duration, AQF, IELTS; fee shows Learn More only",course page months (Apr/Aug/Apr); 2 of 3 agree so held back,not published (FEE Learn More),course page: IELTS 6.0,On campus -> on_campus,aqf_level; duration; entry_requirement; ielts_overall; intakes; mode,intakes; mode; duration; aqf_level; ielts_overall; entry_requirement (text-only),-,0 + 0 delivery,3 / 4,"2 rebound (117510F, 117512D from calendar page to own pages); no website set","Catalogue has extra September on Bachelor of Networking and IoT; Associate Degree 117511E bound to agent reference form, no own page",Find SITE fees page (not stored); intakes held back (67% below 90%),D13.md,2026-10-06 00:04
Sydney Met,bf82cbb0-1bd3-4214-bbd3-29199180eecb,AU,https://www.sydneymet.edu.au,admitting,delivery; english; intakes,"course page with total course fee, intakes, delivery and IELTS","course page months (Feb, May, Sep; 14 agree)",course page whole-course total / course length; read on 5 of 14 only,course page (14 agree),on_campus (13); face to face/blended -> blended (1; 106876M excluded),course_years; duration; entry_requirement; fee_total; ielts_overall; intakes; mode,intakes; duration; course_years; fee_total; mode; ielts_overall; entry_requirement,-,0 + 1 delivery,14 / 14,0 rebound,fee on 5 of 14 pages (36 percent); Grad Dip Human Services May 2026 intake only; 6-month catalogue totals,-,C45.md,2026-10-06 05:46
Sydney Metropolitan English Institute,213b6e79-f07c-49b8-aed8-72e96376de80,AU,https://smei.nsw.edu.au,admitting,delivery,"Course pages print teaching mode; fees, calendar, entry on separate pages",central calendar page (Academic Calendar; not stored),central fees page (Tuition Fees; not stored),not published (separate page),face-to-face in a classroom -> on_campus,mode,delivery pattern,-,0 + 0 delivery,2 / 3,website set https://smei.nsw.edu.au,Page links not indexed (evidence_links empty); Pearson course page not stored,"Capture fees, calendar and entry pages",E5.md,2026-10-06 05:44
Sydney School of Business and Technology,90ebf476-2b91-49a7-b629-178e2b35bde9,AU,https://www.ssbt.edu.au,admitting,english,"course page layouts vary (traineeship, domestic, ICT pages); delivery printed as a mix",not published,course page whole-course total / years on few pages; fee differs from catalogue,course page (15 agree),"Face to Face (20 hours per week including 32.5% online) Online -> required mix, on_campus_and_online, not admitted",course_years; duration; fee_total; ielts_overall; mode,mode; duration; course_years; fee_total; ielts_overall,-,0 + 0 delivery,16 / 16,0 rebound,"catalogue figures unresolved (e.g. page 16,000 vs 17,000; 14,000 vs 32,000); several pages domestic-labelled",Review fee readings per page layout and catalogue figures,C34.md,2026-10-06 05:22
Sydney State College,0620e38b-1e28-4322-995b-51b25001e857,AU,https://sydneystatecollege.edu.au,admitting,delivery; english; fee,"course page with Tuition Fee, weeks, IELTS and Face to Face; site-wide banner intake",not published; site-wide banner (next intake 11 May 2026) only,course page whole-course total / (weeks/52); 7 differ as catalogue holds totals,"course page (15 agree, 6.0)",Face to Face -> on_campus (16),course_years; duration; entry_requirement; fee_total; ielts_overall; mode,fee_total; course_years; duration; mode; ielts_overall; entry_requirement,-,3 + 0 delivery,16 / 16,"Website set https://sydneystatecollege.edu.au; 6 rebound by training code and title (120930D, 120929H, 120928J, 120927K, 120563M, 120926M); 1 re-read","120930D catalogue 14,000 vs page 12,000 undecided; 120926M no fee printed","Decide 120930D fee (14,000 vs 12,000)",C36.md,2026-10-06 05:18
TAFE International Western Australia,7339c659-60a6-4839-ba65-e1f5b926bdf8,AU,http://www.tafeinternational.wa.edu.au/,admitting,delivery; english; intakes,-,-,-,-,-,campus; duration; entry_requirement; ielts_overall; intakes; mode,term_months,english_policy https://www.tafeinternational.wa.edu.au/learn-english; english_policy https://www.tafeinternational.wa.edu.au/sites/default/files/documents/schools-brochure-international-students.pdf; english_policy https://www.tafeinternational.wa.edu.au/tafe-courses/tafe-admission-requirements; fee_schedule https://www.tafeinternational.wa.edu.au/sites/default/files/documents/policy-admissions-enrolment-schools.pdf; fee_schedule https://www.tafeinternational.wa.edu.au/tafe-courses/tafe-fees-charges; fee_schedule https://www.tafeinternational.wa.edu.au/wa-government-schools/school-fees-charges; intake_calendar https://www.tafeinternational.wa.edu.au/tafe-courses/key-dates; intake_calendar https://www.tafeinternational.wa.edu.au/tafe-courses/mar50320-diploma-maritime-operations-master-500-gt; intake_calendar https://www.tafeinternational.wa.edu.au/western-australian-government-schools,94 + 0 delivery,89 / 103,-,-,-,register (before night run),2026-10-05 17:03
TAFE Queensland,bf68c5a3-77c4-4ab8-8c84-6d99e435b1f5,AU,https://www.tafeqld.edu.au,admitting,delivery; english; fee,-,-,-,-,-,campus; course_years; duration; entry_requirement; fee; fee_total; ielts_overall; intakes; mode,-,english_policy https://tafeqld.edu.au/content/dam/tafe/en/documents/pdfs/international-students/TAFE%20Queensland_EnglishLanguageEquivalenciesTable.pdf; english_policy https://tafeqld.edu.au/courses/apply-and-enrol/entry-requirements; english_policy https://tafeqld.edu.au/international/how-to-apply/academic-entry-requirements; english_policy https://tafeqld.edu.au/international/how-to-apply/english-language-requirements; fee_schedule https://tafeqld.edu.au/about/policy-and-governance/student-rules-and-policies/student-fees; fee_schedule https://tafeqld.edu.au/international/courses/international-pricelist; fee_schedule https://tafeqld.edu.au/international/how-to-apply/application-process/how-to-pay; intake_calendar https://tafeqld.edu.au/content/dam/tafe/en/documents/pdfs/current-students/academic-calendar/academic-calendar-2026.pdf; intake_calendar https://tafeqld.edu.au/current-students/academic-calendar; intake_calendar https://tafeqld.edu.au/international/how-to-apply/application-process/key-dates,82 + 0 delivery,87 / 98,-,-,-,register (before night run),2026-10-05 16:54
TAFE South Australia,f9f630ea-f6ca-43d9-85a2-571dec0255e2,AU,http://www.tafesa.edu.au/international,admitting,delivery; english; fee; intakes,-,-,-,-,-,campus; duration; entry_requirement; fee; ielts_overall; intakes; mode,-,english_policy https://www.tafesa.edu.au/international/english-language-centre; english_policy https://www.tafesa.edu.au/international/entry-requirements; english_policy https://www.tafesa.edu.au/xml/course/in/in_2027BR00003.aspx; fee_schedule https://www.tafesa.edu.au/international; fee_schedule https://www.tafesa.edu.au/international/before-starting/int-fees-refunds; fee_schedule https://www.tafesa.edu.au/international/before-starting/int-policies-responsibilities/int-refund-policy; intake_calendar https://students.tafesa.edu.au/getting-started/term-dates; intake_calendar https://www.tafesa.edu.au/apply-enrol/key-dates; intake_calendar https://www.tafesa.edu.au/docs/default-source/vet_in_schools/flexible-industry-pathways-key-dates.pdf?sfvrsn=f128ef14_5,16 + 0 delivery,70 / 81,-,-,-,register (before night run),2026-10-05 17:11
Te Rito Maioha Early Childhood New Zealand Incorporated,e87c62e4-3fab-4c30-b3b8-efb5f6d133cb,NZ,https://www.ecnz.ac.nz,admitting,intakes,page with Key Dates block of Start Date lines,course page months (Start Date lines only; closing dates elsewhere on page),domestic only,not published,"online + field-based + face-to-face block -> blended, not admitted",duration; entry_requirement; intakes; mode; study_level,"intakes (pick all, Start Date lines); mode; duration; study_level; entry_requirement",-,0 + 0 delivery,5 / 13,"Rebound 4 courses (4253, PC7000, 4255, 4259)","2798, 4109, 2860 bound to staff/advocacy pages; 2799 and 3956 likely right but identity mismatch, not rebound; catalogue IELTS 42 is PTE",Provide www.ecnz.ac.nz pages for 2799 and 3956,C52.md,2026-10-06 06:04
Techie International College (provider named N/A),-,-,-,admitting,delivery,"course page: Duration in weeks, Tuition Fees whole course (material and application itemised)",not published,course page whole-course total / weeks (not admitted: catalogue differs widely; 3 courses under one year give inflated annual),"course page (IELTS 6 on 18; loose pattern, source text cut off; not admitted)",Face-to-face in a classroom -> on_campus (18),-,duration; fee_total+course_years; mode; ielts_overall,-,-,-,website set https://techie.edu.au,"Fee agreement fails (catalogue 5,500-22,500 vs page 5,000-17,000); exclude 106463K, 116081H, 120944J if fee admitted; 120325C duplicate AUR40216",Confirm IELTS sentence before admitting english,C23.md,-
"Technical Education Development Institute, Technical Electronics Centre",5b88e445-2e38-4754-b60e-94d5ae19ea3f,AU,http://www.tedi.vic.edu.au,admitting,delivery,"page with IELTS, delivery, duration",not published,not published (tuition and non-tuition figures look swapped),course page (6.0 direct VET; 5.5 with ELICOS); catalogue 5.00 differs on all 13,Delivery -> on_campus (13 of 13),duration; entry_requirement; ielts_overall; mode,ielts_overall; mode; duration; entry_requirement; fee deliberately not read,-,0 + 0 delivery,13 / 13,-,Tuition vs non-tuition figures swapped on several pages; catalogue IELTS 5.0 likely from ELICOS wording,Decide catalogue IELTS (5.0 vs 6.0); fee needs review,C49.md,2026-10-06 05:54
The Australian College of Physical Education,04cb74c1-7e5a-41ce-9e43-fe89c9e662ab,AU,https://www.acpe.edu.au,admitting,delivery; intakes,course page with body in tabs; enquiry form Preferred Starting Quadmester previously polluted reading,course page months (3 August 2026 Semester 2; 1 March 2027 Semester 1),not published (2026 International Fee Schedule PDF held centrally),not published (English requirements held centrally),"On campus, 100% online and blended modes -> on_campus_and_online (12)",course_years; duration; intakes; mode,intakes; duration; course_years; mode (patterns built from stored text; 1 sample per draft),english_policy https://acpe.edu.au/admissions/english-language-entry-requirements/; english_policy https://acpe.edu.au/admissions/international-students/; english_policy https://library.acpe.edu.au/internationalstudents/english-language-resources; fee_schedule http://acpe.edu.au/uploads/2021/06/Tuition-Assurance-Statement-2021.pdf; fee_schedule https://acpe.edu.au/admissions/esos-framework/; fee_schedule https://acpe.edu.au/admissions/fees-scholarships/tuition-fees/; fee_schedule https://acpe.edu.au/admissions/fees/fee-adjustment-2025/; fee_schedule https://acpe.edu.au/uploads/2025/11/ACPE_International-Fee-Schedule_2026.pdf; intake_calendar https://acpe.edu.au/admissions/acpe-key-intake-dates/; intake_calendar https://acpe.edu.au/courses/bachelor-of-physical-activity-for-health-pathway-to-education/; intake_calendar https://acpe.edu.au/current-students/important-dates/,0 + 0 delivery,14 / 23,0 rebound,4 pages bound to /dance-lp/ need render; 5 identity mismatches on /study/ landing pages (archived degrees),Fee and English only from central sources,C10.md,2026-10-05 22:29
The Australian Institute of Music,14638c17-8783-4f6d-9f6d-7b65e576db85,AU,https://www.aim.edu.au,admitting,fee; intakes,"Course page with intake list, 'International Indicative Annual Course Fees' (study periods) plus Total Indicative Course Fees and years",course page months,course page whole-course total / years,not published on course pages; no English page stored,Face to Face with some online components -> on_campus_and_online; not admitted (may be required mix),campus; course_years; duration; entry_requirement; fee_total; intakes; mode,intakes; mode; campus; duration; fee_total+course_years; entry_requirement (cut at 200 chars),english_policy https://aim.edu.au/how-to-apply/international/; english_policy https://aim.edu.au/how-to-apply/international/entry-requirements-aim/; english_policy https://aim.edu.au/wp-content/uploads/2025/11/Admission-Policy-and-Procedure_V4.0-1.pdf; fee_schedule https://aim.edu.au/how-to-apply/international/fees/; fee_schedule https://aim.edu.au/wp-content/uploads/2023/12/International-Refund-Student-Tuition-Fees_V1.0.pdf; fee_schedule https://aim.edu.au/wp-content/uploads/2025/02/International_Fees_2026.pdf; intake_calendar https://aim.edu.au/; intake_calendar https://aim.edu.au/how-to-apply/year-12/; intake_calendar https://aim.edu.au/key-dates/,8 + 4 delivery,16 / 39,1 rebound (Bachelor of Music Business 118156M to own page); no website change,Catalogue holds old whole-course totals typed as tuition; 17 courses with no own page; Bachelor of Music Theatre page changed 2 to 3 years,Decision on delivery; supply AIM English page URL; recheck Music Theatre,B29.md,2026-10-06 05:46
"The Australian Institute of Professional Counsellors Pty Ltd, AIPC Professional",24aead57-1eae-469a-9a5b-328451fc86b3,AU,https://www.aipc.net.au,admitting,delivery; fee,Only Master has an international page (master-of-counselling-international); other two show standard per-subject view,"central calendar page (start dates in calendar tab, not captured)","course page annual (Master 21,630/yr; 43,260 over 24 months); Bachelor and Diploma: not published (no international fee)",course page: IELTS on 1 page,ONLINE -> online,course_years; fee_total; ielts_overall; mode,fee_total+course_years; mode; ielts_overall,-,0 + 0 delivery,3 / 3,none,"Catalogue 43,260 is whole-course total (catalogue wrong); Bachelor/Diploma need own international pages (not stored); calendar tab not captured",Find international pages for Bachelor and Diploma; capture calendar tab,D19.md,2026-10-06 05:17
The Bright College Pty Ltd,0db2b01e-0f35-45d3-903c-28e0ac5f1aae,AU,https://www.thebrightcollege.edu.au,admitting,delivery,"course page with Delivery Mode Face to Face, campus and example IELTS wording","stale year; dated 2025 intakes or rolling note, deliberately not read",not published,"conditional/example only; e.g., IELTS 6.0 or equivalent (7 pages)",Face to Face -> on_campus (10),campus; duration; ielts_overall; mode,mode; campus; duration; ielts_overall,-,0 + 0 delivery,9 / 14,Website set https://www.thebrightcollege.edu.au; 1 rebound (107461D to international page); 1 re-read,"107462C, 117788J, 117789H, 112945H identity mismatch; 117024J no page; catalogue fees (2,000-6,500) look part-year or domestic",Check catalogue fees on 5 courses,C46.md,2026-10-06 05:55
The Imperial College of Australia,9589388d-bcf6-4feb-b9d3-1c8215e44213,AU,https://www.imperial.edu.au,admitting,delivery; fee,-,-,-,-,-,course_years; duration; entry_requirement; fee_total; mode,-,-,0 + 0 delivery,11 / 11,-,-,-,register (before night run),2026-10-06 06:44
The Makeup Technicians Pty Ltd; TMT School of Makeup,84f1f50e-d9d4-4db5-9a04-80dacdee040e,AU,https://www.makeup-technicians.com,admitting,english; intakes,"course page ""Upcoming Intakes Sydney July 14th 2026 October 6th 2026""",course page months (dated),"not published as annual: Full Tuition $23,800 (12 months) includes Admin and Material $3,500",course page (5.0),not published,course_years; duration; fee_total; ielts_overall; intakes; location,intakes; fee_total+course_years; duration; ielts_overall; location,-,0 + 0 delivery,1 / 5,1 shared re-read,Other 4 courses bound to short-course/online pages or failed fetch,"Decide which fee counts (23,800 vs tuition line 18,800)",D2.md,2026-10-05 21:53
The Performance College,1a1ea93a-5e0f-44ff-bc4a-9bcb4c30ba2d,AU,https://tpc.edu.au,admitting,english,-,-,-,-,-,campus; duration; entry_requirement; ielts_overall; mode,-,-,6 + 2 delivery,10 / 12,-,-,-,register (before night run),2026-10-06 06:36
The Queensland Institute of Commerce and Technology Pty Ltd,39a409e9-4afa-47a4-90d6-d5a6a6bef29b,AU,https://www.qcve.edu.au,admitting,delivery; english,"course page with DELIVERY LOCATION Classroom, duration and IELTS",not published,not published,"course page (13 agree, 6.0)",Classroom -> on_campus (13),campus; duration; entry_requirement; ielts_overall; mode,duration; mode; campus; ielts_overall; entry_requirement,-,0 + 0 delivery,13 / 14,0 rebound,102549C and 120270B share one automotive page,Find a fees or intakes page,C43.md,2026-10-06 05:51
"The Sydney Business & Travel Academy,  Sydney English Language Academy",e3e541d8-c2f4-4923-a54a-024ee209276e,AU,https://www.sbta.com.au,admitting,english,One page per discipline covering several courses; fees on Timetable and Fees page,central calendar page (term start dates),central fees page (Timetable and Fees); some durations in Academic Months,course page (admissions requirements),Not read (campus too far from code),course_years; duration; fee_total; ielts_overall,ielts_overall; fee_total+course_years+duration per {code},english_policy https://www.sbta.com.au/business/; english_policy https://www.sbta.com.au/first-aid/; english_policy https://www.sbta.com.au/leadership-and-management/; fee_schedule https://www.sbta.com.au/timetable-and-fees/; fee_schedule https://www.sbta.com.au/wp-content/uploads/EnrolmentForm-v5.2.pdf; fee_schedule https://www.sbta.com.au/wp-content/uploads/Preenrolment_Information-2.pdf; intake_calendar https://www.sbta.com.au/english/; intake_calendar https://www.sbta.com.au/timetable-and-fees/; intake_calendar https://www.sbta.com.au/wp-content/uploads/Domestic_Student_Handbook_V9.6_2025.pdf,0 + 0 delivery,27 / 28,0 rebound; no website change,"Duration and delivery ~2,000 characters after course code; worker misreads Academic Months",Bind courses to own anchors or read via fee-schedule central source,C3.md,2026-10-05 21:59
The University of Melbourne (UniMelb),de6d32b0-f91b-4dd0-a3da-a542f1aba5f2,AU,http://www.unimelb.edu.au/,admitting,delivery; english; exit_awards; fee; intakes,-,-,-,-,-,aqf_level; campus; duration; fee; ielts_overall; intakes; mode; not_admitting; study_level,render,english_policy https://study.unimelb.edu.au/how-to-apply/english-language-requirements; english_policy https://study.unimelb.edu.au/how-to-apply/english-language-requirements/graduate-english-language-requirements; english_policy https://study.unimelb.edu.au/how-to-apply/english-language-requirements/undergraduate-english-language-requirements; fee_schedule https://study.unimelb.edu.au/__data/assets/pdf_file/0012/200901/Tuition-Terms-and-Conditions_Study-Abroad2026.pdf; fee_schedule https://study.unimelb.edu.au/__data/assets/pdf_file/0016/175003/Tuition-Fee_TsCs_210826.pdf; fee_schedule https://study.unimelb.edu.au/__data/assets/pdf_file/0034/462949/2027InternationalFeeTables.pdf; fee_schedule https://study.unimelb.edu.au/how-to-apply/graduate-coursework-study/international-applications/fees-and-payments; fee_schedule https://study.unimelb.edu.au/how-to-apply/international-exchange-and-study-abroad/fees-and-costs; fee_schedule https://study.unimelb.edu.au/how-to-apply/undergraduate-study/international-applications/fees-and-payments; intake_calendar https://ormond.unimelb.edu.au/about/current-students/key-dates; intake_calendar https://www.trinity.unimelb.edu.au/residential-college/residential-college-key-dates; intake_calendar https://www.unimelb.edu.au/dates,16 + 1 delivery,380 / 441,-,-,-,register (before night run),2026-10-05 17:23
"The University of Newcastle (UoN), The University of Newcastle Language Centre, Sydney",1822b40a-8b13-44dc-8c37-106ae31bb447,AU,https://www.newcastle.edu.au,admitting,english; fee,-,-,-,-,-,entry_requirement; fee; ielts_overall; intakes,render; term_months,english_policy https://askuon.newcastle.edu.au/app/answers/detail/a_id/2009/~/what-are-the-english-proficiency-requirements-for-admission-into-a-degree%3F; english_policy https://policies.newcastle.edu.au/document/view-current.php?id=165; english_policy https://www.newcastle.edu.au/study/international/study-with-us/study-abroad-and-exchange/eligibility; english_policy https://www.newcastle.edu.au/study/postgraduate/apply/english-language-proficiency; fee_schedule https://askuon.newcastle.edu.au/app/answers/detail/a_id/503/~/im-an-international-student%2C-what-will-my-fees-be%3F; fee_schedule https://www.newcastle.edu.au/__data/assets/pdf_file/0003/1088904/2026-International-Fee-Paying-Postgraduate-Coursework-Indicative-Annual-Fees.pdf; fee_schedule https://www.newcastle.edu.au/__data/assets/pdf_file/0004/1088905/2026-International-Fee-Paying-Undergraduate-Indicative-Annual-Fees.pdf; fee_schedule https://www.newcastle.edu.au/__data/assets/pdf_file/0005/1088906/2026-International-Postgraduate-Course-Fees.V3.pdf; fee_schedule https://www.newcastle.edu.au/__data/assets/pdf_file/0006/1088907/2026-International-Undergraduate-Course-Fees.V2.pdf; fee_schedule https://www.newcastle.edu.au/current-students/study-essentials/fees-scholarships/types-of-tuition-fees; fee_schedule https://www.newcastle.edu.au/study/international/fees-and-scholarships; intake_calendar https://www.newcastle.edu.au/__data/assets/pdf_file/0005/1038056/Academic-Calendar-2026_jul22.pdf; intake_calendar https://www.newcastle.edu.au/__data/assets/pdf_file/0005/1137173/Academic-Calendar-2027.pdf; intake_calendar https://www.newcastle.edu.au/current-students/study-essentials/enrolment/enrolment-dates; intake_calendar https://www.newcastle.edu.au/dates; intake_calendar https://www.newcastle.edu.au/our-uni/academic-calendar,34 + 0 delivery,192 / 457,-,-,-,register (before night run),2026-10-05 17:00
The University of Queensland,e55396d2-869a-46ef-9d17-841c7eab1313,AU,https://www.uq.edu.au,admitting,english; fee; intakes,-,-,-,-,-,aqf_level; campus; duration; entry_requirement; fee; ielts_overall; intakes,-,english_policy https://policies.uq.edu.au/document/view-current.php?id=231; english_policy https://policies.uq.edu.au/document/view-current.php?id=231&version=1; english_policy https://study.uq.edu.au/admissions/english-language-requirements; fee_schedule https://my.uq.edu.au/information-and-services/manage-my-program/fees-payments-and-refunds/fees-international-students; fee_schedule https://my.uq.edu.au/information-and-services/manage-my-program/fees-payments-and-refunds/fees-international-students/coursework-tuition-fees-international-students; fee_schedule https://study.uq.edu.au/admissions/study-abroad/review-fees-and-costs; intake_calendar https://about.uq.edu.au/academic-calendar; intake_calendar https://esp.uq.edu.au/key-dates; intake_calendar https://uqcollege.uq.edu.au/apply/key-dates,4 + 0 delivery,355 / 383,-,-,-,register (before night run),2026-10-05 17:08
The University of Sydney,68022bdf-43e8-44b3-ac14-e9eed9f71e83,AU,http://sydney.edu.au,admitting,delivery; intakes,-,-,-,-,-,campus; duration; entry_requirement; intakes; mode,term_months,english_policy https://www.sydney.edu.au/content/dam/corporate/documents/about-us/governance-and-structure/academic-board/ab-standards---guidelines-/english-language-proficiency-tables.pdf; english_policy https://www.sydney.edu.au/study/applying/how-to-apply/international-students.html; english_policy https://www.sydney.edu.au/study/applying/how-to-apply/international-students/english-language-requirements.html; english_policy https://www.sydney.edu.au/study/international-students.html; fee_schedule https://www.sydney.edu.au/students/understanding-fees/international-fees.html; fee_schedule https://www.sydney.edu.au/study/fees-and-loans/international-student-tuition-fees.html; fee_schedule https://www.sydney.edu.au/study/study-options/test-pages/support-article-page-babs/new-hero-support-article.html; intake_calendar https://www.sydney.edu.au/content/dam/students/documents/student-wall-calendar.pdf; intake_calendar https://www.sydney.edu.au/students/key-dates.html; intake_calendar https://www.sydney.edu.au/study/applying/application-dates.html,82 + 8 delivery,431 / 655,-,-,-,register (before night run),2026-10-05 17:05
Thompson Rivers University,7b493f26-269e-4d7e-94ae-ede842d96335,CA,-,admitting,intakes,-,-,-,-,-,campus; duration; entry_requirement; intakes; not_admitting; student_type; study_level,-,-,0 + 0 delivery,48 / 76,-,-,-,register (before night run),2026-10-05 17:04
Times Academy Pty Ltd,c66e17f6-8c8c-4e28-96a2-c81ae4d6d3e2,AU,-,admitting,english,course page; pages on times.nsw.edu.au,rolling/no months (ELICOS start every Monday),not published (Fee & Payment menu page address not stored),course page (IELTS 6.0 or equivalent on 15),"14 hours face-to-face + 6 hours online self-study; 70% face to face, 30% online -> required mix, normalised to on_campus_and_online; not admitted",duration; entry_requirement; ielts_overall; mode,ielts_overall; mode; duration; entry_requirement,"none (Intake Date and Fee & Payment pages exist, addresses not stored)",0 + 0 delivery,23 / 23,1 rebound (089711M General English to /our-courses/english-courses/general-english-ge/); re-read sent,"Delivery not admitted: mandatory mix maps to on_campus_and_online, blended would be accurate; 106180K builder capture 404 (page may have moved)",Decide delivery mapping for mandatory mixes (blended vs on_campus_and_online),C12.md,2026-10-05 22:24
Toi Ohomai Institute of Technology,38f8ea71-2269-407c-aab6-68a5f09fc01a,NZ,https://www.toiohomai.ac.nz,admitting,delivery; english,-,-,-,-,-,campus; duration; ielts_overall; intakes; mode,render,english_policy https://www.toiohomai.ac.nz/study/get-help-english; intake_calendar https://www.toiohomai.ac.nz/study/important-dates; intake_calendar https://www.toiohomai.ac.nz/study/international-courses-list,0 + 0 delivery,64 / 156,-,-,-,register (before night run),2026-10-05 17:05
"Top Education Institute, Australian National Institute of Management and Commerce",c8a3391d-9899-4156-b8fa-cf987f38ad08,AU,https://www.imc.edu.au,admitting,delivery,"course pages print DURATION, DELIVERY SITE, ENTRY REQUIREMENTS; some an IELTS line",central calendar page (Key Dates; pages say 'Refer to key dates'; no term-to-month mapping written),not published (International Fees central page holds 0 fee rows),course page (some pages) and central english page (already attached),DELIVERY SITE 'On campus' -> on_campus (34 of 35),duration; entry_requirement; location; mode,"mode, location, duration, entry_requirement (pick first); regex anchored on DURATION / DELIVERY SITE headings",english_policy https://www.imc.edu.au/study/academic-entry-requirements/; english_policy https://www.imc.edu.au/study/academic-entry-requirements/english-language-requirements/; english_policy https://www.imc.edu.au/study/student-services/faqs/; fee_schedule https://www.imc.edu.au/international-scholarships/; fee_schedule https://www.imc.edu.au/study/information-for-students/fees/international/; fee_schedule https://www.imc.edu.au/study/scholarships/; intake_calendar https://www.imc.edu.au/study/information-for-students/key-dates/; intake_calendar https://www.imc.edu.au/study/information-for-students/past-key-dates/; intake_calendar https://www.imc.edu.au/wp-content/uploads/2025/11/Perth-Academic-Calendar-2026.pdf,0 + 0 delivery,35 / 45,0 rebound; no website change,"10 sibling courses (associate degrees, diplomas, exit awards) bound to parent page; intakes need term_months mapping from Key Dates; fee has no source; admit call replaces the list (old list english, fee, intakes replaced by delivery)",Decide term_months mapping from Key Dates text; check exit awards (term-based durations); admitted delivery only,B19.md,2026-10-06 00:03
Torrens University Australia; Torrens University Language Centre; Chifley Business School at Torrens University Australia CBS at Torrens University Australia Blue Mountains International Hotel Management School at Torrens University Australia BMIHMS at To,fec52f92-a8a3-4de8-a862-06f355e4e2f7,AU,https://www.torrens.edu.au,admitting,delivery; english; intakes,-,-,-,-,-,aqf_level; campus; course_years; duration; entry_requirement; fee_total; ielts_overall; intakes; mode,-,english_policy https://www.torrens.edu.au/-/media/project/laureate/shared/pdf/international-study/2024-intl-entry-req-flyer.pdf?rev=47f98888243a4411af40a3283caa66d3; english_policy https://www.torrens.edu.au/studying-with-us/international-students/studying-in-australia; english_policy https://www.torrens.edu.au/studying-with-us/international-students/studying-in-australia/study-options-in-australia; fee_schedule https://www.torrens.edu.au/how-to-apply/fees-scholarships; fee_schedule https://www.torrens.edu.au/how-to-apply/fees-scholarships/tuition-fees; fee_schedule https://www.torrens.edu.au/studying-with-us/international-students/studying-in-australia; intake_calendar https://studenthub.torrens.edu.au/Hub/Key-Dates; intake_calendar https://studenthub.torrens.edu.au/Hub/MBA-Flex-On-demand-Info; intake_calendar https://www.torrens.edu.au/how-to-apply/key-dates,49 + 0 delivery,120 / 182,-,-,-,register (before night run),2026-10-05 16:58
Tower Australian College Pty Ltd,cf82910e-966e-4574-ad42-5e26498c598d,AU,https://tower.edu.au,admitting,delivery; english; fee,international panel beside domestic panel; patterns anchored on CRICOS code,"course page months (printed Monthly, no months)","course page whole-course total / years (12,000/52 wks; 18,000/78 wks = 12,000 a year)",course page: IELTS 6.0,Face-to-Face -> on_campus,course_years; duration; fee_total; ielts_overall; mode,fee_total+course_years (weeks); duration; mode; ielts_overall; {code} anchoring,-,0 + 0 delivery,3 / 3,none,"Catalogue 18,000 (x2) whole-course and 12,500 incl. 500 enrolment/material fee (wrong); tuition only",-,E4.md,2026-10-06 05:43
Tradie Skills College,05d6a65c-3479-4d0c-aa17-655fc7acde0e,AU,https://www.tsc.edu.au,admitting,english,"page with tuition fee, IELTS; 7 courses have no page","not published (""enquire"")","not labelled international (course page annual, tuition fee 52 weeks)",course page (6 of 6 agree),not published,campus; duration; entry_requirement; fee; ielts_overall,fee; ielts_overall; duration; campus; entry_requirement,-,0 + 0 delivery,6 / 13,Website set https://www.tsc.edu.au; 1 re-read (central),Fee not labelled international or domestic; 7 courses without pages (no evidenced addresses); /pricing page may label audience,Check /pricing after re-read; decide fee admission,C53.md,2026-10-06 06:08
Training for Knowledge and Livelihood,1535ad9b-59a6-4ed4-9266-fafc6f888478,AU,https://www.tkl.edu.au,admitting,english; fee; intakes,course page: Tuition Fee A$X; Duration N Weeks,course page months (Jan/Apr/Jul/Oct),course page whole-course total / weeks (non-tuition left out),course page (IELTS 6.0 on 14),"delivered 20 hours a week using both online and face-to-face -> required mix, on_campus_and_online (8 pages); not admitted",course_years; duration; entry_requirement; fee_total; ielts_overall; intakes; mode,fee_total+course_years; intakes; ielts_overall; mode; duration; entry_requirement,-,0 + 0 delivery,18 / 20,0 rebound,Catalogue holds CRICOS whole-course totals only; ELICOS pages print no fee; 119646G fetch_failed; 109888E bound to Adv Dip Hospitality page,Decide delivery mapping for required online + face-to-face mix,C18.md,2026-10-05 23:01
Trinity Institute (Australia),b93a1c45-c912-4711-a381-df226f3db646,AU,https://www.trinityinstitute.edu.au,admitting,delivery; english,international view page (COURSE INFORMATION - INTERNATIONAL STUDENTS),not published (Academic Calendar 2024-2027 PDF held as intake_calendar source),not published (fee in letter of offer; fee PDFs have no values),course page (IELTS academic 6.0 on 22),"blended learning model that includes face-to-face -> blended (3 pages use other wording, not read)",course_years; duration; entry_requirement; ielts_overall; mode; study_level,ielts_overall; mode; duration; course_years; study_level; entry_requirement (text-only),english_policy https://trinityinstitute.edu.au/courses/building-construction/cpc40120-certificate-iv-in-building-and-construction-building/; english_policy https://trinityinstitute.edu.au/courses/cookery-hospitality/sit60322-advanced-diploma-of-hospitality-management-upgrade-offering-from-sit40521/; english_policy https://trinityinstitute.edu.au/wp-content/uploads/2023/11/Trinity-International-Student-Application-Form-V4.0.pdf; fee_schedule https://trinityinstitute.edu.au/students-handbook-and-policies/; fee_schedule https://trinityinstitute.edu.au/wp-content/uploads/2023/05/SC5.2-Non-Tuition-Fees-v3.5.pdf; fee_schedule https://trinityinstitute.edu.au/wp-content/uploads/2024/04/SC6.1-I-International-Student-Handbook-v3.6.pdf; fee_schedule https://trinityinstitute.edu.au/wp-content/uploads/2026/08/SC5-Fees-and-Refunds-PP-v3.0.pdf; intake_calendar https://trinityinstitute.edu.au/; intake_calendar https://trinityinstitute.edu.au/students-handbook-and-policies/; intake_calendar https://trinityinstitute.edu.au/wp-content/uploads/2024/07/Academic-Calendar-2024-to-2027-v4.pdf,0 + 0 delivery,22 / 27,-,No fee or start dates on pages; 5 identity mismatches,Decision needed on fee source (none published); 3 pages with other delivery wording unread,C5.md,2026-10-05 21:59
UK English College Pty Ltd,a55b5834-fbd9-408e-9760-7177fdb83938,AU,https://ukenglishcollege.nsw.edu.au,admitting,delivery,Course pages print delivery; fees per week,rolling/no months (weekly Monday starts),per week/unit/term (onshore/offshore),not published,delivery read 2/2 -> admitted,mode,delivery pattern,-,0 + 0 delivery,2 / 3,website set https://ukenglishcollege.nsw.edu.au,EAP course has no stored page,Find EAP page,E6.md,2026-10-06 05:43
Universal College of Learning (UCOL),adeb0bbb-5b07-4130-aaeb-ad404bf40ff7,NZ,https://www.ucol.ac.nz,admitting,english; fee; intakes,"one Quick Facts panel for all students: Locations, Dates, Duration, Domestic Fees, International Fees; International Entry Requirements section",course page months (start of each date range; continuing-year rows and bare S2 skipped),course page annual (International Fees; annual when duration 1 year/Y1/FY; one-semester printed as semester fee),course page (IELTS in several wordings),not printed in panel; 'Blended/online learning also available' in body only -> not admitted,campus; course_years; duration; entry_requirement; fee; fee_total; ielts_overall; intakes,"patterns intakes, fee, fee_total+course_years (0.5 for one-semester), ielts_overall, campus, duration, entry_requirement",none needed (dates and English on course pages),2 + 0 delivery,41 / 115,0 rebound; no website change,"74 of 115 not bound to own page (52 sws.ucol.ac.nz needs_render, 22 identity_mismatch); 19-week courses not read (worker uses 52 weeks/year); catalogue intakes wrongly hold Y3 starts and an end date",Rebind courses to www.ucol.ac.nz/programmes/<area>/<slug>; consider per-adapter weeks-per-year setting to add 8 fees,B5.md,2026-10-05 22:01
Universal English College,817d341d-a8f2-40f3-bd8b-e9fbd1b5342c,AU,https://www.uec.edu.au,admitting,delivery,course page; fees on Course Dates & Fees page,rolling/no months (start any week),"central fees page (Course Dates & Fees, no stored link)",not published,"""All classes delivered face-to-face at the UEC Campus"" -> on_campus (4 of 5)",duration; entry_requirement; location; mode,duration; mode; location; entry_requirement,-,0 + 0 delivery,5 / 5,-,HSP page has different layout (nothing read),Capture Course Dates & Fees page,D2.md,2026-10-05 21:53
Universal English Pty Ltd,9b5d0ff9-ee7e-4bab-8fb0-26f9e864296a,AU,http://www.universalenglish.edu.au,admitting,delivery,course page; tuition per week,rolling/no months (Every Monday),"per week/unit/term ($400 per week, not read)",not published,20 hours per week face to face -> on_campus (5),duration; entry_requirement; mode,mode; duration; entry_requirement (entry levels),-,0 + 0 delivery,5 / 5,-,Weekly tuition reported not read,-,D3.md,2026-10-05 21:57
University of Alberta,db436563-4650-4820-bd76-0695afcc953d,CA,-,admitting,delivery; english,-,-,-,-,-,duration; entry_requirement; ielts_overall; intakes; mode; study_level,-,english_policy https://www.ualberta.ca/en/admissions/how-to-apply/admission-requirements/language-requirements/index.html,3 + 0 delivery,222 / 379,-,-,-,register (before night run),2026-10-05 17:02
University of British Columbia,175462f3-59ea-4370-9c80-e7a06b100137,CA,https://www.ubc.ca,admitting,delivery; english; fee; intakes,-,-,-,-,-,campus; entry_requirement; fee; ielts_overall; intakes; mode,-,english_policy https://you.ubc.ca/applying-ubc/requirements/english-language-competency/; intake_calendar https://senate.ubc.ca/vancouver/termdates/,39 + 0 delivery,325 / 575,-,-,-,register (before night run),2026-10-05 17:16
University of Canberra,0e1532b8-de30-4761-87fe-460684608633,AU,https://www.canberra.edu.au,admitting,delivery; english; exit_awards; intakes,-,-,-,-,-,campus; duration; entry_requirement; ielts_overall; intakes; mode,-,english_policy https://www.canberra.edu.au/future-students/entry-requirements-options/core-admission-requirements; english_policy https://www.canberra.edu.au/future-students/entry-requirements-options/core-admission-requirements/english-language-requirements; english_policy https://www.canberra.edu.au/future-students/study-at-uc/international/international-student-experience-at-uc/what-is-ielts; fee_schedule https://policies.canberra.edu.au/document/view-current.php?id=209; fee_schedule https://policies.canberra.edu.au/document/view-current.php?id=60&version=1; fee_schedule https://www.canberra.edu.au/future-students/study-at-uc/fees-and-costs/international-fees-and-costs; intake_calendar https://studyonline.canberra.edu.au/academic-calendar; intake_calendar https://www.canberra.edu.au/about-uc/key-dates/; intake_calendar https://www.canberra.edu.au/future-students/study-at-uc/international/international-student-experience-at-uc/semester-2-keydates,52 + 0 delivery,121 / 212,-,-,-,register (before night run),2026-10-05 17:10
University of Canterbury,db910e88-67d1-4d2b-a65c-cea290aa0692,NZ,https://www.canterbury.ac.nz,admitting,english; fee; intakes,-,-,-,-,-,duration; entry_requirement; fee; intakes; study_level,-,-,3 + 1 delivery,216 / 280,-,-,-,register (before night run),2026-10-05 16:57
University of Divinity,f4ed3151-b81e-46d9-8a6c-d7e302ab63ae,AU,http://www.divinity.edu.au,admitting,fee; intakes,"course page with full-time year fee sentence, intakes and list of modes",course page months (14 agree),course page annual (2027 full-time year); not labelled international,not published,"list of modes (Classroom, Limited mixed, Online off-shore) -> a choice, not admitted",duration; fee; intakes; mode,fee (2027 full-time year); intakes; duration; mode,-,2 + 0 delivery,16 / 17,0 rebound,"single fee schedule not labelled international; PhD, MPhil, Grad Cert not read; fee is a 2027 figure",Confirm fee is international and 2027 year is acceptable,C31.md,2026-10-06 05:22
University of Lethbridge,b509ab5c-87b2-4040-8385-d1ce610c7263,CA,-,admitting,delivery; intakes,-,-,-,-,-,campus; entry_requirement; intakes; mode; not_admitting,term_months,english_policy https://www.ulethbridge.ca/ross/admissions/elp; intake_calendar https://www.ulethbridge.ca/ross/admissions/grad/deadlines,9 + 0 delivery,164 / 199,-,-,-,register (before night run),2026-10-05 17:05
University of New England,fa0e0d13-838a-42ff-b6a3-9cea84bd80b2,AU,https://www.une.edu.au,admitting,delivery; fee; intakes,-,-,-,-,-,duration; entry_requirement; fee; intakes; mode,-,english_policy https://study.une.edu.au/app/answers/detail/a_id/1598/~/meeting-english-language-requirements; english_policy https://www.une.edu.au/international/apply/eligibility; english_policy https://www.une.edu.au/international/apply/eligibility/english-language-requirements; fee_schedule https://www.une.edu.au/international/apply/the-admissions-process/commencing-international-student-fee-and-refund-principles; fee_schedule https://www.une.edu.au/international/study-online-uc/ioo-terms-and-conditions; fee_schedule https://www.une.edu.au/study/fees-and-costs; intake_calendar https://www.une.edu.au/about-une/principal-dates; intake_calendar https://www.une.edu.au/about-une/principal-dates/principal-dates-2027; intake_calendar https://www.une.edu.au/international/apply/important-dates,14 + 0 delivery,121 / 130,-,-,-,register (before night run),2026-10-05 17:05
University of Northern British Columbia,0d47cf4f-7389-4d92-b7a7-8a2eba6ea1e6,CA,-,admitting,fee; intakes,-,-,-,-,-,campus; duration; entry_requirement; fee; intakes; student_type,-,english_policy https://www.unbc.ca/admissions/graduate/english-language-proficiency; intake_calendar https://www.unbc.ca/calendar/undergraduate/semester-dates,1 + 0 delivery,47 / 76,-,-,-,register (before night run),2026-10-05 16:54
University of Southern Queensland,551383f9-7732-4588-a843-dd2b97c13f6f,AU,https://www.unisq.edu.au,admitting,english,Domestic/International toggle with domestic panel stored; Study dates table; Location line,course page months (Study dates table; domestic view; 31 May vs summary Jun),behind toggle/render (stored pages show domestic panel only; international view address not stored),course page (IELTS e.g. 6.5 / 6.0),'Springfield Toowoomba Online/External' -> online (campus names ignored); mode pattern not set,duration; entry_requirement; ielts_overall; intakes; location; study_level,"text-only; intakes, ielts_overall, duration, location, study_level, entry_requirement; course_title_strip removes '(MADS)' code suffix; page_view not set (no evidenced view URL)",english_policy https://www.usq.edu.au/international/apply/english; english_policy https://www.usq.edu.au/study/international; english_policy https://www.usq.edu.au/study/international/apply; fee_schedule https://www.usq.edu.au/current-students/administration/fees/fee-schedules; fee_schedule https://www.usq.edu.au/international/fees-scholarships; fee_schedule https://www.usq.edu.au/study/fees-and-scholarships; intake_calendar https://usq.edu.au/study/school-leaver/programs/head-start/key-dates; intake_calendar https://www.usq.edu.au/dates; intake_calendar https://www.usq.edu.au/study/key-dates,2 + 0 delivery,56 / 62,10 rebound to unisq.edu.au/study/degrees-and-courses/ pages; website set http://www.usq.edu.au/study/international -> https://www.unisq.edu.au,Domestic fees only (general reader holds domestic in candidates.fee); intakes agree 29% (32 differ May vs June); catalogue fees whole-course totals; 3 rebound courses title mismatch (in/of); 4 with no own page; 2 research-paper bindings,Decide whether dated 2027 table (31 May) wins over summary (Jun); need evidenced international-view URL or parameter; normaliser must ignore campus names,B13.md,2026-10-05 23:00
University of Tasmania (UTas),719403bc-6957-4d21-af69-2b3b102df578,AU,https://www.utas.edu.au/international,admitting,english; intakes,-,-,-,-,-,aqf_level; campus; duration; entry_requirement; fee; ielts_overall; intakes,term_months,english_policy https://www.utas.edu.au/study/apply/admission-requirements; english_policy https://www.utas.edu.au/study/apply/admission-requirements/english-language-requirements; english_policy https://www.utas.edu.au/study/apply/admission-requirements/entry-requirements-by-country; fee_schedule https://askus.utas.edu.au/app/answers/detail/a_id/2221/~/how-do-i-pay-my-international-student-fees-from-outside-australia%3F; fee_schedule https://www.utas.edu.au/study/international; fee_schedule https://www.utas.edu.au/study/scholarships-fees-and-costs; intake_calendar https://www.utas.edu.au/key-dates; intake_calendar https://www.utas.edu.au/key-dates/2026-study-periods; intake_calendar https://www.utas.edu.au/key-dates/2027-study-periods,4 + 0 delivery,113 / 221,-,-,-,register (before night run),2026-10-05 17:25
University of Technology Sydney (UTS),9d22a19e-c3f7-4012-b738-17bc0b481e7f,AU,https://www.uts.edu.au,admitting,delivery; english; fee; intakes,-,-,-,-,-,campus; duration; entry_requirement; fee; ielts_overall; intakes; mode,render; term_months,english_policy https://www.uts.edu.au/about/leadership-governance/policies/a-z/english-language-policy; english_policy https://www.uts.edu.au/for-students/admissions-entry/eligibility/english-language-requirements; english_policy https://www.uts.edu.au/for-students/admissions-entry/how-to-apply/international-applicants/academic-entry-requirements; fee_schedule https://www.uts.edu.au/for-students/admissions-entry/fees-costs/international-fees; fee_schedule https://www.uts.edu.au/for-students/admissions-entry/fees-costs/international-fees/payment-international-student-tuition-fees; fee_schedule https://www.uts.edu.au/for-students/admissions-entry/fees-costs/international-fees/protocol-fees-and-refund; intake_calendar https://www.uts.edu.au/for-students/current-students/managing-your-course/important-dates/academic-year-dates; intake_calendar https://www.uts.edu.au/for-students/current-students/managing-your-course/important-dates/academic-year-dates/2027-academic-year-dates; intake_calendar https://www.uts.edu.au/for-students/current-students/managing-your-course/important-dates/principal-dates,2 + 0 delivery,360 / 530,-,-,-,register (before night run),2026-10-05 17:03
University of the Sunshine Coast,42ea5eb7-d243-4e4d-a780-22858a090377,AU,https://www.usc.edu.au,admitting,delivery; fee; intakes,-,-,-,-,-,campus; duration; entry_requirement; fee; intakes; mode,term_months,english_policy https://www.unisc.edu.au/international/international-students/english-language-requirements; english_policy https://www.usc.edu.au/international/programs-and-fees/english-language-programs; english_policy https://www.usc.edu.au/study/how-to-apply/english-language-requirements; english_policy https://www.usc.edu.au/study/how-to-apply/undergraduate-applications/undergraduate-admissions-requirements; fee_schedule https://www.usc.edu.au/international/programs-and-fees/2024-international-student-tuition-fees; fee_schedule https://www.usc.edu.au/international/programs-and-fees/2025-international-student-tuition-fees; fee_schedule https://www.usc.edu.au/international/programs-and-fees/2026-international-student-tuition-fees; intake_calendar https://www.unisc.edu.au/study/calendars-timetables-and-key-dates/2026-academic-calendar; intake_calendar https://www.usc.edu.au/study/calendars-and-timetables; intake_calendar https://www.usc.edu.au/study/calendars-timetables-and-key-dates/2025-academic-calendar; intake_calendar https://www.usc.edu.au/study/calendars-timetables-and-key-dates/2026-academic-calendar,29 + 0 delivery,144 / 148,-,-,-,register (before night run),2026-10-05 17:08
University of Victoria,98e591df-d272-481e-9054-2b85a66261be,CA,-,admitting,delivery; english; fee; intakes,-,-,-,-,-,duration; entry_requirement; fee; ielts_overall; intakes; mode; study_level,render,english_policy https://www.uvic.ca/graduate/admissions/language-proficiency/index.php; intake_calendar https://www.uvic.ca/graduate/admissions/dates-deadlines/index.php,14 + 0 delivery,139 / 234,-,-,-,register (before night run),2026-10-05 17:14
University of Waikato,00e5f26c-446e-453c-a3fb-bc5239a4feec,NZ,https://www.waikato.ac.nz,admitting,delivery; fee; intakes,-,-,-,-,-,campus; duration; fee; intakes; mode; study_level,-,english_policy https://www.waikato.ac.nz/int/about/calendar/admission/english-language-requirements/; intake_calendar https://www.waikato.ac.nz/about/calendar/important-dates/teaching-and-assessment-periods/,18 + 3 delivery,114 / 278,-,-,-,register (before night run),2026-10-05 17:05
University of Wollongong,62e61a02-9fcb-4c5e-bb11-1c43bed6eee6,AU,https://www.uow.edu.au,admitting,delivery; english; intakes,-,-,-,-,-,campus; course_years; duration; entry_requirement; fee_total; ielts_overall; intakes; mode,term_months,english_policy https://policies.uow.edu.au/document/view-current.php?id=132; english_policy https://www.uow.edu.au/study/international/requirements/; english_policy https://www.uow.edu.au/study/international/requirements/english/; fee_schedule https://cmsprd.uow.edu.au/content/groups/public/@web/@unia/documents/doc/uow281291.pdf; fee_schedule https://documents.uow.edu.au/content/groups/public/@web/@gov/documents/doc/uow273695.pdf; fee_schedule https://www.uow.edu.au/student/finances/; fee_schedule https://www.uow.edu.au/student/finances/international/; intake_calendar https://policies.uow.edu.au/document/view-current.php?id=302; intake_calendar https://www.uow.edu.au/science-medicine-health/school-of-nursing/session-dates/; intake_calendar https://www.uow.edu.au/student/dates/,2 + 1 delivery,341 / 367,-,-,-,register (before night run),2026-10-05 17:10
UNSW College,93c852cf-6df7-4161-82bd-ca95941cc227,AU,https://www.unswcollege.edu.au,admitting,delivery; intakes,course page with international programme total before per-course table; domestic table later,course page months (14 of 23),"course page annual (Applied Degrees A$34,080 per year); course page whole-course total / years (Diplomas, Foundation); English courses per week",not published,on_campus (14); blended (3),duration; entry_requirement; fee; intakes; mode,fee; intakes; duration; mode; entry_requirement,english_policy https://www.unswcollege.edu.au/blog/how-to-learn-english-for-university; english_policy https://www.unswcollege.edu.au/study/entry-requirements; english_policy https://www.unswcollege.edu.au/study/university-english-entry-course; fee_schedule https://www.unswcollege.edu.au/apply/fees; fee_schedule https://www.unswcollege.edu.au/content/dam/pdfs/unsw-college/2022-04-unsw_diploma_tuition_fees_uoc.pdf; fee_schedule https://www.unswcollege.edu.au/content/dam/pdfs/unsw-college/hep-student-fees-and-refund-procedure.pdf; intake_calendar https://my.unswcollege.edu.au/content/dam/pdfs/unsw-college/calendars/2026-a-std-march-intake.pdf; intake_calendar https://my.unswcollege.edu.au/student-support/academic-calendars-and-key-dates; intake_calendar https://www.unswcollege.edu.au/study/key-dates,0 + 0 delivery,23 / 23,-,Fee read on 11 of 23 (6 /esos pages have no course page); no fee for Pre-Masters (15 wks) and Transition (16 wks): one-semester x2 not expressible from weeks,"Admit fee despite 11/23, or leave /esos courses as exit awards",C11.md,2026-10-05 22:32
UNSW Sydney,22657140-1cb0-4fa7-91df-90518ea8b35b,AU,https://www.unsw.edu.au,admitting,delivery; fee; intakes,-,-,-,-,-,aqf_level; campus; duration; entry_requirement; fee; intakes; mode; study_level,term_months,english_policy https://www.unsw.edu.au/bengaluru/study-with-us/english-language-requirements; english_policy https://www.unsw.edu.au/study/how-to-apply/english-language-requirements; english_policy https://www.unsw.edu.au/study/how-to-apply/international/entry-requirements; fee_schedule https://www.unsw.edu.au/student/managing-your-studies/fees/international; fee_schedule https://www.unsw.edu.au/study/how-to-apply/fees; fee_schedule https://www.unsw.edu.au/study/your-future/cost-of-studying-in-Australia; intake_calendar https://www.unsw.edu.au/student/managing-your-studies/key-dates; intake_calendar https://www.unsw.edu.au/student/managing-your-studies/key-dates/academic-calendar; intake_calendar https://www.unswglobal.unsw.edu.au/study/key-dates,40 + 0 delivery,465 / 667,-,-,-,register (before night run),2026-10-05 17:07
UQ College Limited,4d6daad6-d58d-43b3-ad22-9a5571aa4048,AU,https://www.uqcollege.uq.edu.au,admitting,english; intakes,"page ""Next intakes 15 February 2027 6 September 2027""; Tuition fees, Enrolment fees; key dates on course pages","course page months (February, September)","course page annual (Standard Foundation 10 months = one academic year, tuition only)",course page (5.5 all bands >=5; Accelerated 6 W:6 SLR:5.5),"printed on Integrated English only (""On campus"")",duration; entry_requirement; fee; ielts_overall; intakes; mode,fee; intakes; ielts_overall; duration; mode; entry_requirement,-,1 + 0 delivery,4 / 4,-,"Fee admitted only 1 of 4 valid readings; Bridging and Integrated English priced by weeks, flexible starts",-,D10.md,2026-10-05 22:57
UTS College,83dea26c-1906-4505-bade-4b2472f6827c,AU,https://www.utscollege.edu.au,admitting,delivery,CRICOS-code panels per course,"course page months; adapter adds March from 1 March 2027 (39% agreement, not admitted)",course page whole-course total / years (8 and 4 month variants mis-annualised by years rounding),course page,face-to-face in scheduled on-campus classes -> on_campus,course_years; duration; entry_requirement; fee_total; ielts_overall; intakes; mode,fee_total+course_years per CRICOS panel; duration; intakes; ielts_overall; mode; entry_requirement,english_policy https://utscollege.edu.au/english-recognition; english_policy https://utscollege.edu.au/programs/english-language-programs; english_policy https://utscollege.edu.au/programs/english-language-programs/english-entry-requirements; fee_schedule https://utscollege.edu.au/how-to-apply/international-student-applications/fee-payment-options; fee_schedule https://utscollege.edu.au/how-to-apply/program-fees; fee_schedule https://utscollege.edu.au/statement-of-tuition-assurance-tps; intake_calendar https://utscollege.edu.au/current-students; intake_calendar https://utscollege.edu.au/current-students/course-management/academic-calendar; intake_calendar https://utscollege.edu.au/current-students/new-student/student-orientation/academic-programs-welcome-week,1 + 0 delivery,21 / 30,0 rebound; no website change,Worker yearsOf rounds years to 2dp; intakes briefly admitted then withdrawn (no rows written); 9 courses on wrong pages,Fix worker yearsOf (total x 12 / months); rebind 9 courses,C1.md,2026-10-05 21:52
"UWS College, Western Sydney University The College,UWS Enterprises Pty Limited",bd473ff9-d45a-4447-9b84-cead3c11c01c,AU,https://www.westernsydney.edu.au/thecollege,admitting,delivery; intakes,Program Dates tables of Start/Finish pairs,course page months (first date of each Start/Finish pair),not published,conditional/example only (entry IELTS per module kept as entry_requirement),face-to-face classroom -> on_campus (3),campus; duration; entry_requirement; intakes; mode,"intakes (all, first date of pair); mode; campus; duration; entry_requirement",-,0 + 0 delivery,3 / 5,-,060789E on EAP page; 082210M on researcher publication page,-,D4.md,2026-10-05 22:27
Valley International College,1cfaf507-0222-42bd-9b3e-0960c0868437,AU,-,admitting,delivery; english,"page with IELTS, delivery, duration",not published,"not published (""Fees: Please get in touch"")","course page (6.0, nothing less than 5.5)",On Campus; Face to Face - On campus - Workshop -> on_campus (5),campus; duration; ielts_overall; mode,duration; mode; campus; ielts_overall,-,0 + 0 delivery,5 / 5,-,-,-,D5.md,2026-10-05 22:41
Vancouver Island University,fd7048c4-9a0c-4c6f-818b-94ab6f6d809d,CA,-,admitting,delivery; fee; intakes,-,-,-,-,-,campus; duration; entry_requirement; fee; intakes; mode; not_admitting; study_level,-,english_policy https://www.viu.ca/admissions/international,4 + 0 delivery,32 / 44,-,-,-,register (before night run),2026-10-05 17:19
VIA Education,f552793f-e342-49b6-8d50-8f79dc3242c9,AU,https://www.via.edu.au,admitting,english; fee,"course page with Tuition Fee, weeks, IELTS and blended mode",not published; one page shows October from default reader,"course page whole-course total / weeks (80 wks counts as 80); 4 equal catalogue, 12 catalogue wrong","course page (16 agree, 6.0)","two-thirds face to face, one-third distance -> on_campus_and_online; required blend, not admitted",course_years; duration; entry_requirement; fee_total; ielts_overall; mode,fee_total; course_years; duration; mode; ielts_overall; entry_requirement,-,0 + 0 delivery,16 / 16,0 rebound,80 weeks includes breaks (54 study weeks),Decide required-blend delivery,C36.md,2026-10-06 05:16
Vibe College,a15ec167-008c-4cdb-b4bd-1c55c958cd77,AU,http://www.vibecollege.edu.au,admitting,delivery; intakes,"Quick Facts panel: Intakes, Delivery, Campus, weeks","course page months (abbreviated, e.g. Mar, Apr, Jun)",behind toggle/render (Payment tab not in stored text),not published,On-campus -> on_campus (10),campus; duration; intakes; mode,term_months; intakes with term_months mapping; mode; campus; duration,-,0 + 0 delivery,10 / 12,-,105341F needs_render (shares page with 111412A); 112491M bound to Moodle category index,Own page for 112491M; render for 105341F,C59.md,2026-10-06 06:11
Victoria University,bac82321-ded7-4e10-a71d-b18f3ae4d1c7,AU,http://www.vu.edu.au/,admitting,delivery; english; intakes,-,-,-,-,-,campus; duration; entry_requirement; ielts_overall; intakes; mode; not_admitting; study_level,-,english_policy https://policy.vu.edu.au/document/view.php?id=435; english_policy https://www.vu.edu.au/sites/default/files/international-english-language-requirements.pdf; english_policy https://www.vu.edu.au/study-at-vu/how-to-apply/international-applicants/entry-requirements-for-international-students; fee_schedule https://www.vu.edu.au/current-students/your-course/fees/higher-education-fees/domestic-international-student-fees; fee_schedule https://www.vu.edu.au/mitchell-institute/tertiary-education/university-sector-faces-losing-up-to-19-billion-due-to-covid-19; fee_schedule https://www.vu.edu.au/sites/default/files/documents/2025-07/indicative-research-fees-international-2026.pdf; fee_schedule https://www.vu.edu.au/study-at-vu/fees-scholarships/course-tuition-fees/international-student-fees; intake_calendar https://online.vu.edu.au/academic-calendar; intake_calendar https://www.vu.edu.au/current-students/your-course/timetables-calendars/academic-calendar; intake_calendar https://www.vu.edu.au/sites/default/files/documents/2025-08/2027-academic-calendar.pdf,198 + 18 delivery,134 / 280,-,-,-,register (before night run),2026-10-05 17:23
Victoria University,0f5373c8-d724-4303-9267-739530a5ce53,AU,https://www.vu.edu.au/international,admitting,english; intakes,-,-,-,-,-,campus; duration; ielts_overall; intakes; mode; study_level,-,english_policy https://policy.vu.edu.au/document/view.php?id=435; english_policy https://www.vu.edu.au/sites/default/files/international-english-language-requirements.pdf; english_policy https://www.vu.edu.au/study-at-vu/how-to-apply/international-applicants/entry-requirements-for-international-students; fee_schedule https://www.vu.edu.au/current-students/your-course/fees/higher-education-fees/domestic-international-student-fees; fee_schedule https://www.vu.edu.au/mitchell-institute/tertiary-education/university-sector-faces-losing-up-to-19-billion-due-to-covid-19; fee_schedule https://www.vu.edu.au/sites/default/files/documents/2025-07/indicative-research-fees-international-2026.pdf; fee_schedule https://www.vu.edu.au/study-at-vu/fees-scholarships/course-tuition-fees/international-student-fees; intake_calendar https://online.vu.edu.au/academic-calendar; intake_calendar https://www.vu.edu.au/current-students/your-course/timetables-calendars/academic-calendar; intake_calendar https://www.vu.edu.au/sites/default/files/documents/2025-08/2027-academic-calendar.pdf,13 + 0 delivery,26 / 35,-,-,-,register (before night run),2026-10-06 06:34
"Victorian College of Education, Victorian College of Education Australia",eb2b9478-02f6-499b-aa1f-aabf642bb290,AU,https://vcea.edu.au,admitting,delivery; english; fee,"page with Tuition fee, weeks, IELTS, delivery",not published,course page whole-course total / weeks,course page (7 agree),delivery -> on_campus (11 of 11),campus; course_years; entry_requirement; fee_total; ielts_overall; mode,fee_total+course_years; mode; campus; ielts_overall; entry_requirement,-,2 + 0 delivery,11 / 13,Website set https://vcea.edu.au,Site injected with casino spam; catalogue holds whole-course totals (5 wrong); PTE 52 stored as IELTS 52.00 on 9,Resolve 119829M and 120515H fee conflicts; tell provider about spam,C55.md,2026-10-06 06:08
VIT (Victorian Institute of Technology),75d56305-a611-412a-aced-c2dd4c831c00,AU,https://www.vit.edu.au,admitting,english,fee cards by mode (International On campus; Domestic and International On Campus); default Learning Mode Online top panel,course page months (not admitted: 9 of 22; default Online panel),course page whole-course total / years (cards; 5 of 22 pages; not admitted),course page (IELTS 6.5/6.0/5.5 on 19),For international students: face-face classroom based (VET only); HE Face to Face / Blended On-line shared with domestic; not admitted,course_years; duration; entry_requirement; fee_total; ielts_overall; intakes; mode; not_admitting,intakes; fee_total+course_years; ielts_overall; mode (VET); duration; not_admitting; entry_requirement,english_policy https://vit.edu.au/assets/he--admissions-entry-requirement-ver-25.0.pdf; english_policy https://vit.edu.au/mits/gcits; english_policy https://vit.edu.au/resources/course-entry-requirements; fee_schedule https://vit.edu.au/; fee_schedule https://vit.edu.au/about/life-at-vit/life-in-australia; fee_schedule https://vit.edu.au/about/why-study-with-us/fees-scholarships; intake_calendar https://vit.edu.au/key-dates/bbus-keydates; intake_calendar https://vit.edu.au/key-dates/bits-int-keydates; intake_calendar https://vit.edu.au/key-dates/higher-education-offshore,0 + 0 delivery,22 / 22,-,"Catalogue wrong 114579J MBA and 117633F BBus (48,000 total held as annual); 10 VET/ELICOS pages Enrolment on hold; 085576A page adds March","Fee, intakes and delivery read on under half of pages",C13.md,2026-10-05 22:22
Viva Institute Pty Ltd,918e4497-eba3-49ce-b5df-ebdc009b2ad1,AU,https://viva.edu.au,admitting,delivery; english; fee,"page: ""52 weeks, comprising 44 weeks of scheduled classes""; ""Student Tuition Fee: $AUD X""",not published,course page annual (52-week single fee = one academic year),"course page (6.0, 4 agree)","Face-to-face, in campus -> on_campus (5)",campus; duration; entry_requirement; fee; ielts_overall; mode,fee; duration; campus; mode; ielts_overall; entry_requirement,-,0 + 0 delivery,5 / 5,Website set https://viva.edu.au,-,-,D6.md,2026-10-05 22:28
Vocational Careers Institute,4930f042-7699-4417-8d4e-288934be5c8d,AU,https://www.vocareersinstitute.edu.au,admitting,delivery; fee,"one panel per course page: delivery, campus, duration, Tuition Fee(s) AUD, Intake line",stale year; Jan/Apr/Jul/Oct printed with years 2023/2024,course page whole-course total / years; one figure for Domestic / International,not published,Face-to-face classroom-based learning and work based -> on_campus (13),campus; course_years; duration; entry_requirement; fee_total; intakes; mode,intakes; fee_total+course_years; duration; mode; campus; entry_requirement,-,1 + 0 delivery,13 / 16,"0 rebound; 118140H bound to Dip L&M page, no own page",single figure for domestic and international; copyright 2023; 118141G and 118142F are units; 094091C superseded,Confirm intake years are current before admitting intakes,C33.md,2026-10-06 05:21
Waikato Institute of Technology,742eef0a-1341-46ef-a4ab-4d105c47be9b,NZ,https://www.wintec.ac.nz,admitting,delivery; intakes,-,-,-,-,-,campus; duration; entry_requirement; intakes; mode; student_type; study_level,-,english_policy https://www.wintec.ac.nz/international/international-academic-entry-requirements; intake_calendar https://www.wintec.ac.nz/student-resources/student-events,73 + 0 delivery,76 / 144,-,-,-,register (before night run),2026-10-05 17:09
Waratah Polytechnic Pty Ltd,fa89a5b8-9437-40c1-8012-f095ba426f41,AU,https://www.waratah.edu.au/,admitting,english,-,-,-,-,-,duration; entry_requirement; ielts_overall; mode,-,-,0 + 0 delivery,11 / 11,-,-,-,register (before night run),2026-10-06 06:38
Warwick Institute of Australia Pty Ltd,49e29fdb-2758-44b3-92c0-2e6b2cad0f57,AU,https://www.warwick.edu.au,admitting,english,course page,not published (Important Dates address not stored),not published (Fees & Payment address not stored),course page (IELTS 5.5 / 6.0 on 13),not published,duration; entry_requirement; ielts_overall; student_type,ielts_overall; duration; student_type; entry_requirement,none,0 + 0 delivery,15 / 19,-,"4 identity mismatches (109305M, 105461J, 105470H, 109304A); 105471G and 108195J say domestic students only","Fees, dates and delivery need a source",C20.md,2026-10-05 22:59
Wentworth Institute,f110b555-6073-4248-8256-5f23b1a0eac3,AU,https://www.win.edu.au,admitting,delivery; english,"course page with delivery, campus, duration and IELTS; fee heading only",not published; semester subject lists only,"behind toggle/render; International Student fees heading in accordion, no amounts stored",course page (14 agree),Face-to-face -> on_campus (16),campus; duration; entry_requirement; ielts_overall; mode,delivery; campus; duration; ielts; entry_requirement,-,0 + 0 delivery,17 / 17,"0 rebound; 084525J bound to a listing page, no readings used",fees in accordion with no amounts; catalogue holds whole-course totals,Capture accordion fees with a render,C31.md,2026-10-06 05:11
West Melbourne Institute of Technology,fc845919-4dc7-46b4-8905-235c9ec92a6f,AU,https://www.wmit.edu.au,admitting,delivery; english; fee,"course page with Total Tuition Fees, weeks, delivery and IELTS; General English only prints dates",not published,course page whole-course total / (weeks/52); tuition only,course page (15 agree),course page wording -> read on 17 pages,course_years; duration; entry_requirement; fee_total; ielts_overall; mode,fee_total+course_years (weeks); duration; mode; IELTS; entry_requirement,-,1 + 0 delivery,17 / 17,1 rebound (114143D to its own Cert III page); 1 re-read sent,"promotional 8,000 on 119740J, 119741H, 119742G; 114143D and 119655F share a page; derived annual figures at 54/60/76 weeks",Review annualisation convention for non-52/104-week courses,C31.md,2026-10-06 05:18
Western Sydney College,0b070da0-3598-47fd-9ec5-5241b84d4f7f,AU,https://wsc.nsw.edu.au,admitting,english; fee; intakes,"course page with Next Intakes line, fees covering entire course, up-to durations and blended hours","course page months (Oct 2026, Nov 2026, Jan 2027; 8 agree)",course page whole-course total / years; durations are up-to maximums; 13 differ as catalogue holds totals,"course page (15 agree, 6.0)","13.5h f2f + 6.5h online -> required mix, on_campus_and_online, not admitted",course_years; duration; entry_requirement; fee_total; ielts_overall; intakes; mode,intakes; fee_total; course_years; duration; mode; ielts_overall; entry_requirement,-,0 + 0 delivery,15 / 16,Website set https://wsc.nsw.edu.au; 7 rebound from 404 addresses to category/slug pages; 1 re-read,"8 courses were bound to 404 addresses; 119989F bound to hospitality page, no evidenced page; 111699C prints no total",Decide required-blend delivery,C36.md,2026-10-06 05:20
Western Sydney University,1719c3ba-1ddf-483e-935e-c750124ba99c,AU,https://www.westernsydney.edu.au,admitting,fee; intakes,-,-,-,-,-,aqf_level; campus; duration; entry_requirement; fee; intakes; student_type,render,english_policy https://internationalcollege.westernsydney.edu.au/admissions/entry-requirements/english-requirements/; english_policy https://www.westernsydney.edu.au/international/studying/entry-requirements; english_policy https://www.westernsydney.edu.au/students/applying-to-study/english-language-proficiency; fee_schedule https://www.westernsydney.edu.au/content/dam/digital/pdf/international/pg-intl-fees-2026.pdf; fee_schedule https://www.westernsydney.edu.au/content/dam/digital/pdf/international/pg-intl-fees-2027.pdf; fee_schedule https://www.westernsydney.edu.au/content/dam/digital/pdf/international/ug-intl-fees-2026.pdf; fee_schedule https://www.westernsydney.edu.au/content/dam/digital/pdf/international/ug-intl-fees-2027.pdf; fee_schedule https://www.westernsydney.edu.au/international/applying/fees-and-costs; fee_schedule https://www.westernsydney.edu.au/international/applying/fees-and-costs/cost-of-tuition; fee_schedule https://www.westernsydney.edu.au/students/fees/international-fees; intake_calendar https://internationalcollege.westernsydney.edu.au/college/essential-information/important-dates/; intake_calendar https://www.westernsydney.edu.au/students/dates; intake_calendar https://www.westernsydney.edu.au/students/dates/2026-academic-year-dateline,18 + 0 delivery,301 / 325,-,-,-,register (before night run),2026-10-05 17:10
Western Sydney University International College Pty Ltd,c53d394b-bd68-4437-85c8-b9d78f2f83e8,AU,https://internationalcollege.westernsydney.edu.au,admitting,delivery; fee; intakes,one page covers two CRICOS courses (2-term and 3-term options),course page months (March/July/October; 9 agree),"course page annual, picks 2-term or 3-term option by CRICOS code; indicative 2027; 35 to 52 week total = annual","course page on 2 of 9 only (Business, 5.5); not admitted",face-to-face -> on_campus (9),fee; ielts_overall; intakes; mode,intakes; fee (2 or 3 term by CRICOS); mode; ielts_overall,-,3 + 0 delivery,9 / 15,Website set https://internationalcollege.westernsydney.edu.au; 0 rebound,"Dip Arts 108966D has a different layout (34,650 not read); 6 older Foundation courses have no page",-,C42.md,2026-10-06 05:46
"Whitehouse Institute of Design, Australia",0e06cd09-499e-4db9-a207-1e4e819e5321,AU,https://www.whitehouse-design.edu.au,admitting,delivery; intakes,course page with intake months and tuition; Academic Dates link known,course page months (Sept to September via term_months); central Academic Dates link,"stale year (Master 44,620 labelled ""2025 Tuition Fees"")",not published,delivery read on 2,aqf_level; course_years; duration; fee_total; intakes; location; mode,term_months; intakes (pick all + term_months); mode; location; duration; aqf_level; fee_total+course_years,"Academic Dates link https://www.whitehouse-design.edu.au/study-at-whitehouse/academic-dates known, not attached",0 + 0 delivery,2 / 5,1 re-read,"Grad Cert, Grad Dip, Bachelor of Fashion Design bound to wrong pages; Bachelor fee not read",Rebind 3 courses,D1.md,2026-10-05 21:54
Whitsundays College of English,88b54c4c-5c17-4f58-8c9b-ede8cac8bcf8,AU,https://www.wce.edu.au,admitting,delivery,course page; fees on central Fee and Payments page,not published,"central fees page (Fee and Payments, link not stored)","course page (5.5, general reader, not verified)",Mode of Study Face-to-face in class mode -> on_campus,campus; duration; entry_requirement; mode,mode; campus; duration; entry_requirement,-,0 + 0 delivery,2 / 5,1 re-read (2 pages),"048123D bound to IELTS Prep page, 048125B to contact page (needs_render)",Rebind; capture fee page,D3.md,2026-10-05 21:57
WIC SYDNEY,280d8794-5b9f-4962-a71d-1f76cd8987a6,AU,https://www.wic.edu.au,admitting,english,course page with duration and IELTS only; Important Dates and Fees & Payments mentioned,not published,not published,"course page (13 agree, 6.0)",not published,duration; ielts_overall,duration; ielts_overall,- (no URLs stored),0 + 0 delivery,17 / 17,0 rebound,2 Chinese-language copies bound to 093145B and 093160C; 093158G and 110364A share one page; no IELTS on those 4,Find the Academic Calendar & Fees page,C29.md,2026-10-06 00:13
William Angliss Institute,5c234f7f-a84c-46ae-b2ef-bfa75b59badd,AU,https://www.angliss.edu.au,admitting,intakes,"One static line: Intake, Duration, Campus, Course Mode",course page months,central fees page (Fees 2026/2027 URLs not stored; 2025 PDF held),central english page (already attached); not on course pages,Course Mode is Full-time/Part-time (study load); not delivery,campus; duration; intakes,intakes with \s separators; duration; campus,english_policy https://www.angliss.edu.au/siteassets/pdf-files/international/international-documents/international-student-admissions-procedure.pdf; english_policy https://www.angliss.edu.au/study-with-us/international-student-info/how-to-apply/; english_policy https://www.angliss.edu.au/study-with-us/international-student-info/how-to-apply/entry-requirements/; fee_schedule https://www.angliss.edu.au/siteassets/international/fees/international_fees_2025.pdf; fee_schedule https://www.angliss.edu.au/study-with-us/international-student-info/tuition-fees-and-additional-expenses/; fee_schedule https://www.angliss.edu.au/study-with-us/international-student-info/tuition-fees-and-additional-expenses/how-to-pay-international-students/; intake_calendar https://www.angliss.edu.au/about/important-dates/; intake_calendar https://www.angliss.edu.au/current-students/administration-essentials/enrolment/orientation/; intake_calendar https://www.angliss.edu.au/study-with-us/admissions-info-local/fees-and-payments/vet-census-dates-payment-deadline/,0 + 0 delivery,30 / 37,2 (Cert IV Kitchen Management rebound; Assoc Degree Resort and Hotel Management confirmed); no website change,Literal space read only first month (use \s); 5 courses still on wrong pages; entry requirement pattern matched menu only,Attach 2026/2027 international fee pages when URLs seen; find own pages for 5 courses,B33.md,2026-10-06 06:09
WIN English Centre /  WIN College,36db369a-8c74-440f-b561-455262867050,AU,https://www.wincollege.edu.au,admitting,delivery; english,course page; central Course Fees page exists,not published (only automotive academic calendar stored),central fees page (https://wincollege.edu.au/future-students/course-fees/; not attachable kind),course page (IELTS 6.0 / 5.5 on 16),15 hours classroom + 5 hours technology facilitated -> on_campus_and_online (14); face to face only -> on_campus (3),duration; entry_requirement; ielts_overall; location; mode,duration; mode; ielts_overall; entry_requirement; location,fee_schedule https://wincollege.edu.au/wp-content/uploads/2023/11/Leave-and-Deferral-Policy-v1.1.pdf,0 + 3 delivery,20 / 25,-,No fee or dates on pages; 1 identity mismatch (097625J); 4 courses no page,Fees need a source (central page),C8.md,2026-10-05 22:21
Wyatt Education Group Pty Ltd,913906ae-30ae-4cb7-bb90-8729909d0368,AU,https://wyatt.nsw.edu.au,admitting,delivery; english; fee,"Course pages print international tuition (domestic fees same page), IELTS, delivery; no intakes",not published,"course page whole-course total / years (14,550/64 wks = 11,822; 9,000; 15,000)",course page: IELTS 6.0,Blended Delivery x3; Face-to-Face x1 -> read as printed,campus; course_years; fee_total; ielts_overall; mode,ielts_overall; fee_total+course_years; mode; campus,-,1 + 0 delivery,4 / 4,website set wyatt.nsw.edu.au,Builder stalled; text came from stored contexts; Diploma of Building fee includes $250 application fee,Decide 113157F fee; find intake pages,D16.md,2026-10-06 00:17
Wyndham International College,64c3551e-e30c-45d2-a224-5c58f2d87948,AU,https://www.wic.vic.edu.au,admitting,english; fee,"shop pages show ""$X.00 Buy Now"" (equals register total)",not published,course page whole-course total / weeks,"course page (5.5, 5 agree)",not published,course_years; duration; entry_requirement; fee_total; ielts_overall,fee_total+course_years; duration; ielts_overall; entry_requirement,-,2 + 0 delivery,5 / 5,Website set https://www.wic.vic.edu.au,Semester courses cannot be patterned (rule is total x 2),-,D6.md,2026-10-05 22:28
XAVIER INTERNATIONAL COLLEGE PTY LTD,546ea6f8-5f27-47bb-9a50-147bbae214fc,AU,https://necta.edu.au,admitting,delivery; fee,"course page with all-inclusive total fee, duration and delivery",not published,"course page whole-course total / years (52 = 1, 65 = 1.25, 78 = 1.5, 104 = 2); tuition plus materials",not published,on_campus (8 new),campus; course_years; duration; fee_total; mode,fee_total+course_years; duration; mode; campus,-,3 + 1 delivery,12 / 14,Website set https://necta.edu.au; 1 rebound (113924E) but address serves the Advanced Diploma page; 1 re-read,catalogue holds whole-course totals as tuition; EAP and General English identity mismatch; 113925D prints no fee or delivery,-,C47.md,2026-10-06 05:48
Xcelit Institute Pty Ltd,6394dd89-6223-4a64-8573-d402cb4d0a74,AU,https://xcelit.edu.au,admitting,english; fee,"Course pages print tuition, duration, campus, IELTS; intakes quarterly with link",not published (quarterly; Intakes and Enrolments page not stored),"course page annual (15,000 for 52 wks); 2,000 non-tuition ignored",course page: IELTS 6.0,not published (VIC Campus only),campus; duration; fee; ielts_overall,fee; duration; campus; ielts_overall,-,0 + 0 delivery,3 / 3,website set https://xcelit.edu.au,Intakes page not stored,Capture Intakes and Enrolments page,E1.md,2026-10-06 05:45
XPERT SOLUTIONS PTY LTD,0988f954-216d-4326-890a-e997ec2fea4a,AU,https://xpert.edu.au,admitting,delivery; english,"Course pages print duration, AQF, IELTS, delivery; no fees or dates",not published,not published,course page: IELTS 6.0,face-to-face classroom-based -> on_campus,aqf_level; duration; entry_requirement; ielts_overall; mode,duration; aqf_level; mode; ielts_overall; entry_requirement,-,0 + 0 delivery,3 / 4,website set https://xpert.edu.au; no rebinds,First entry_requirement pattern captured career text; re-applied; trailing-slash twin page for 116990D mismatched,Find fees and dates pages,D14.md,2026-10-06 00:11
York Business Institute Pty. Ltd.,9aa61e05-ec5e-4468-8d2e-c3c6fb984f37,AU,https://www.york.edu.au,admitting,english,-,-,-,-,-,duration; entry_requirement; ielts_overall; mode,-,english_policy https://york.edu.au/cambridge-test-preparation/; english_policy https://york.edu.au/english-for-academic-purposes/; english_policy https://york.edu.au/general-english/; fee_schedule https://york.edu.au/wp-content/uploads/2022/09/220915_Booklet_York_v12_web.pdf; fee_schedule https://york.edu.au/wp-content/uploads/2022/11/YEC-STUDENT-HANDBOOK_V1.pdf; fee_schedule https://york.edu.au/wp-content/uploads/2024/03/York-Student-Pre-enrolment-Information-V6.090.pdf; intake_calendar https://york.edu.au/; intake_calendar https://york.edu.au/important-dates-2/; intake_calendar https://york.edu.au/wp-content/uploads/2022/09/220915_Booklet_York_v12_web.pdf,0 + 0 delivery,35 / 35,-,-,-,register (before night run),2026-10-06 06:39
Academique Pty Ltd,dea3800c-5aa8-48bd-9d78-d41d527269db,AU,http://www.academique.qld.edu.au,testing,english; fee; intakes,pages print duration only,rolling/no months (intakes every week except holiday weeks),not published,"conditional/example only (by level, misspelt ""IIELTS 6"")",not published,duration,"duration only (""delivered over N study weeks"")",-,0 + 0 delivery,13 / 13,-,No fee on stored pages and no fees page stored,Find and attach fees page and English policy page from college site,C51.md,2026-10-06 06:15
ADVANCE INSTITUTE AUSTRALIA PTY LTD,f3a267ae-6e10-4c7e-9de2-f9e0679667cd,AU,https://www.advance.edu.au,testing,english; fee; intakes,"page with three tuition figures (onshore international, offshore international, domestic)",not published,"two international options (onshore 8,200 vs offshore 9,200)",not published,not published,course_years; entry_requirement; fee_total,fee_total+course_years (onshore international),-,0 + 0 delivery,13 / 13,Website set https://www.advance.edu.au,"Catalogue disagrees throughout (e.g. 24,500 total vs 8,400/yr); catalogue durations 20/24 weeks vs pages 52",Decide onshore vs offshore; reconcile catalogue totals,C55.md,2026-10-06 06:08
"AH & B College, AH & B College Pty Ltd",54e99752-b884-4744-bcfc-90b282c36dd0,AU,http://www.ahbc.nsw.edu.au/,testing,english; fee; intakes,"brochure-style pages without intakes, fees, IELTS or duration",not published,not published,not published,delivery read on 1 of 3,location; mode,mode; location,-,0 + 0 delivery,3 / 5,-,Cert IV Hairdressing bound to /our-courses/,Rebind,D2.md,2026-10-05 21:53
Anglican Schools Commission International; ASC International; Esperance ACS; Frederick Irwin AS; Georgiana Molloy AS; John Septimus Roe ACS; John Wollston ACS; Peter Carnley ACS; Peter Moyes ACS; St George's AGS; St James AS; St Mark's ACS; Swan Valley AC,8f3f711e-0268-47e3-9d21-38779740448c,AU,https://www.ascinternational.wa.edu.au,testing,english; fee; intakes,"school-year programs without dates, fees, English",course page months on 1 of 4 (Foundation February),not published,not published,not published,duration; intakes,intakes; duration,-,0 + 0 delivery,4 / 5,-,097684J (Primary Years 1-6) bound to Junior Secondary page,Rebind,D3.md,2026-10-05 21:57
Apeiro Institute,e03f9c37-d2d5-4d45-9401-707795538eda,AU,https://www.apeiro.edu.au,testing,english; fee; intakes,"course page with delivery wording, duration and campus",not published,not published,not published,"Classroom based, face-to-face, Workshop and e-learning -> mix, not admitted (11 on_campus, 4 blended)",campus; duration; mode,mode; campus; duration,-,0 + 0 delivery,15 / 17,Website set https://www.apeiro.edu.au; 10 rebound to own pages from stored URLs; 1 re-read sent,IELTS Preparation and PTE Preparation have no pages; delivery wording a mix,Decide on mixed delivery wording,C32.md,2026-10-06 05:17
ASA Institute of Higher Education,7ccf8b4a-9550-439b-a69d-b5b84d679d4e,AU,https://www.asahe.edu.au,testing,english; fee; intakes,"main course pages carry delivery, duration, intakes, AQF; 10 nested-qualification pages print none","course page months (Jan/Apr/Jul/Oct; 6 of 16, under half)",per week/unit/term (per unit of study; no annual figure),not published,delivery on 5 of 16 pages; not admitted,aqf_level; duration; entry_requirement; intakes; mode,intakes; mode; duration; aqf_level; entry_requirement,none (Key Dates and Pricing links not in stored links),10 + 0 delivery,16 / 18,-,2 Early Childhood courses bound to governance page,Attach Key Dates and Pricing pages once URLs are in stored links,C26.md,2026-10-06 00:13
Ashton College; Ashton English,b074bc1f-d5fc-48bb-af98-4a0a2724aafe,AU,https://www.ashtoncollege.edu.au,testing,english; fee; intakes,course page prints duration only; no international panel text,"central calendar page; Fees and Intake Dates menu page, no URL stored",central fees page; same Fees and Intake Dates menu page,not published,not published,duration,duration,-,0 + 0 delivery,14 / 14,0 rebound,catalogue fees are whole-course totals; 104557J page 100 weeks vs catalogue 122,Capture the Fees and Intake Dates page and attach as intake_calendar,C45.md,2026-10-06 05:45
Asset Training Australia Pty Ltd,9d0856a0-4c72-4149-bee4-0ff394caeb65,AU,https://www.asset.edu.au,testing,english; fee; intakes,Cyber page two CRICOS lines are 6-week courses; Cert II Transport Security no CRICOS line,not published,"course page whole-course total / years (116273M 16,500/12 months; 6-week courses 2,500 no annual)",not published,Study Method mixes domestic and international; not read,course_years; fee_total,fee_total+course_years,-,0 + 0 delivery,3 / 3,website set https://www.asset.edu.au,"Fee on 1 of 3 pages; 114564E prints only from $1750 (domestic funded wording); catalogue 16,500 equals total",Exclude 114563F reading before admission,E3.md,2026-10-06 05:42
Australian Child Care Career Options,539ce7ce-bb9a-4b1e-b0ae-f3209a50283f,AU,http://www.accco.com.au,testing,english; fee; intakes,"course page domestic view only (fees by state, funding)",not published,domestic only,not published,-,duration,duration only,-,0 + 0 delivery,5 / 5,-,No international view,-,D2.md,2026-10-05 21:53
Australian College of International Studies,39e7f768-6979-4660-911f-b8cd9605e500,AU,https://www.acis.edu.au,testing,english; fee; intakes,course page prints training package code and duration only,not published,not published,not published,not published,duration,duration,-,0 + 0 delivery,14 / 14,0 rebound,"no fee, dates, delivery or IELTS; no central pages in stored links",Find a brochure or fees page,C44.md,2026-10-06 05:40
Australian College of Technology,e6396c9e-c655-47b5-b2a1-820f48910206,AU,https://www.academies.edu.au,testing,english; fee; intakes,"discipline pages on shared academies.edu.au site; page prints Cost A$2,000 /term",not published,"per week/unit/term (A$2,000 /term)",not published,not published,campus,campus (from discipline page heading),english_policy https://academies.edu.au/2024/04/02/student-visas-new-english-language-requirements/; english_policy https://academies.edu.au/author/wp92245588/page/3/; english_policy https://academies.edu.au/how-to-enrol/; fee_schedule https://academies.edu.au/students/pay-your-fees/; fee_schedule https://academies.edu.au/wp-content/uploads/2022/05/Academies-Australasia.pdf; fee_schedule https://academies.edu.au/wp-content/uploads/2024/07/F-4.4.6-Genuine-Student-Assessment-Fill.pdf; intake_calendar https://academies.edu.au/courses-perth-degrees/; intake_calendar https://academies.edu.au/news/4/; intake_calendar https://academies.edu.au/students/academic-calendar/,0 + 0 delivery,3 / 25,"3 rebound travel courses (093120M, 093121K, 109447H) to academies.edu.au/courses-syd-travel-tourism/; re-read sent","All 24 bindings were intranet/pathways/Smart and Skilled/404; page identity manual (hand lock), CRICOS not confirmed; 15 courses not rebound (unverified locks)",Decide whether discipline pages are acceptable bindings; verify CRICOS codes,C8.md,2026-10-05 22:37
Australian International Islamic College,3a585796-fa13-4b3c-a279-de747c9d992f,AU,https://www.aiic.qld.edu.au,testing,english; fee; intakes,"One shared page; annual tuition as two semester amounts per year level, not tied to CRICOS codes (listed by campus)",not published,"central fees page: per-level semester amounts (Prep-6 $7,588 x 2 = 15,176); not per course",not published,not published,entry_requirement,"entry_requirement (read 3/3, not admitted by design)",-,0 + 0 delivery,3 / 3,none,"Catalogue 7,588 for Primary is per-semester (catalogue wrong; should be 15,176); per-course fee pattern needs worker level placeholder",Decide whether to add level placeholder support,D20.md,2026-10-06 05:15
Australian National University,e47a940d-186f-4a17-bb22-2b794b73248c,AU,http://www.anu.edu.au/,testing,english; fee; intakes,-,-,-,-,-,duration; entry_requirement; fee; mode,-,english_policy https://policies.anu.edu.au/ppl/document/ANUP_000408; english_policy https://study.anu.edu.au/apply/english-language-requirements; english_policy https://study.anu.edu.au/apply/international-applications/english-language-program; fee_schedule https://regnet.anu.edu.au/fees-and-scholarships; fee_schedule https://www.anu.edu.au/students/program-administration/fees-payments; fee_schedule https://www.anu.edu.au/students/program-administration/fees-payments/international-tuition-fees; intake_calendar https://cbe.anu.edu.au/current-students/cbe-key-dates; intake_calendar https://www.anu.edu.au/directories/university-calendar; intake_calendar https://www.anu.edu.au/directories/university-calendar?year=2027,24 + 5 delivery,322 / 423,-,-,-,register (before night run),2026-10-05 16:54
Bethlehem Tertiary Institute,d5e0d1c6-9f24-4ce2-869e-dec769f4c3a2,NZ,https://www.bti.ac.nz,testing,english; fee; intakes,"NZ programme pages; teaching, counselling, social work bound to apply/documentation pages",not published (2027 intake not confirmed on trauma pages),not published (international fee schedule link not stored; 2025 news fees are domestic NZ$),"course page (IELTS Academic 6.5, no band below 6.0; hand-bound pages not read)",not published,duration; ielts_overall; other_requirements,ielts_overall; duration; other_requirements,none,0 + 0 delivery,6 / 19,"3 rebound (5171, 5170, 4621 to /study/postgraduate-study/ pages); re-read sent","Hand-bound trauma pages not read by apply (no_identity); a first mode pattern caught a domestic news fee, removed",Check worker (fix 1660); programme pages need discovery,C21.md,2026-10-05 23:04
Blue Bird Institute Pty Ltd,444d7ef0-912f-4268-98fa-e14e495da6f3,AU,https://bluebirdinstitute.edu.au,testing,english; fee; intakes,Course pages print whole tuition and duration; no mode or intakes,not published,"course page whole-course total / years (12,000/1.077; 19,550/1.865; 18,700/1.789); short course 117819G left without annual",not published,not published,course_years; duration; entry_requirement; fee_total,fee_total+course_years; duration; entry_requirement,-,0 + 0 delivery,4 / 4,website set bluebirdinstitute.edu.au,"Painting page 12,000 disagrees with catalogue 22,000; catalogue holds whole-course totals","Decide which painting fee is current, then admit fee",D15.md,2026-10-06 00:11
Bond University Limited,739948f6-6338-4ee9-8d0c-a8c8e953c29d,AU,http://www.bond.edu.au/,testing,english; fee; intakes,-,-,-,-,-,campus; duration; intakes; mode; not_admitting; student_type; study_level,render,english_policy https://bond.edu.au/entry-to-bond/entry-requirements/international-entry-requirements; english_policy https://bond.edu.au/entry-to-bond/entry-requirements/international-entry-requirements/english-language-requirements; english_policy https://bond.edu.au/entry-to-bond/entry-requirements/international-entry-requirements/english-language-requirements/c1; fee_schedule https://bond.edu.au/fees-and-finance-options/international-student-fee-information; fee_schedule https://bond.edu.au/program/bachelor-of-laws/fees; fee_schedule https://research.bond.edu.au/files/167770258/AM_Drivers_of_tuition_fee_setting_practices_for_higher.pdf; intake_calendar https://bond.edu.au/current-students/study-information/academic-calendar; intake_calendar https://bond.edu.au/entry-to-bond/how-to-apply/key-dates; intake_calendar https://bond.edu.au/program/medical-program/medical-program-important-dates-deadlines,4 + 0 delivery,162 / 180,-,-,-,register (before night run),2026-10-05 17:02
Cambridge English College; fluency hub,e89a3f6a-91c6-4e89-8662-16d7e29fca63,AU,https://www.fluencyhub.com.au,testing,english; fee; intakes,one shared /english-courses page with per-course duration and location,not published,not published,not published,not published,duration; location,duration ({code} anchoring); location,-,0 + 0 delivery,4 / 5,-,"116874H has same title as 116724M (two CRICOS codes), stays mismatched",-,D4.md,2026-10-05 22:27
Canberra Institute of Technology,d02a8a1b-f4be-4d98-a857-242e66a0f354,AU,https://international.cit.edu.au/,testing,english; fee; intakes,"One page per subject area covering several levels; intakes, fees, durations printed by level; CRICOS codes listed once","course page months, but page-level union across levels",per semester/term plus whole-qualification by level; some labelled 2025,"course page, page-wide 6 (differs by level; nursing 7)",No clear label (free prose),campus; ielts_overall; intakes,term_months; intakes; campus; ielts_overall; term_months for Semester 1/2 and Term 2/4,english_policy https://international.cit.edu.au/apply; english_policy https://international.cit.edu.au/apply/entry_requirements; english_policy https://international.cit.edu.au/apply/entry_requirements/Study_at_CIT_web.pdf; fee_schedule https://international.cit.edu.au/about/faq/fees_and_finances; fee_schedule https://international.cit.edu.au/about/faq/fees_and_finances/cannot_pay_my_tuition_fees; fee_schedule https://international.cit.edu.au/apply/letter_of_offer; intake_calendar https://international.cit.edu.au/apply/about; intake_calendar https://international.cit.edu.au/apply/entry_requirements/Study_at_CIT_web.pdf; intake_calendar https://international.cit.edu.au/information/term_dates,0 + 0 delivery,19 / 39,0 rebound; no website change,Multi-level shared pages: {code} cannot select a level; 13 pages blocked; Diploma Community Services read wrong months,Needs level-aware reading (per-level blocks keyed on qualification name); re-read blocked pages; rebind Nursing and Tourism pages,B31.md,2026-10-06 05:46
Canterbury Technical Institute Pty Ltd,28828d80-3ce9-47af-b2b2-b9b08ee5d514,AU,https://www.cti.qld.edu.au,testing,english; fee; intakes,course page with Course Features: Duration N Weeks and description only,not published,"central fees page (international fee PDFs held as fee_schedule, no_values; onshore Feb-Apr 2026 sheet)",not published,not published,duration,duration,english_policy https://cti.qld.edu.au/media/1166/ta_strategy-ict50715-dsd.pdf; english_policy https://cti.qld.edu.au/media/1283/13-tas-bsb61215-advanced-diploma-of-program-management.pdf; english_policy https://www.cti.qld.edu.au/media/1155/ta-strategy-sit20316-c2h.pdf; fee_schedule https://cti.qld.edu.au/media/1552/cti-info-onshore-all-v20252-13012025.pdf; fee_schedule https://cti.qld.edu.au/media/1563/cti-infosheet-offshore-jan-march-2025-v8.pdf; fee_schedule https://cti.qld.edu.au/media/1595/cti-infosheet-prices-onshore-all-markets-feb-apr-2026.pdf; intake_calendar https://cti.qld.edu.au/enrolment-resources/; intake_calendar https://cti.qld.edu.au/media/1283/13-tas-bsb61215-advanced-diploma-of-program-management.pdf; intake_calendar https://cti.qld.edu.au/media/1552/cti-info-onshore-all-v20252-13012025.pdf,0 + 0 delivery,22 / 22,-,"No fee, dates, IELTS or delivery on course pages",Needs a fee-sheet parser or decision,C13.md,2026-10-05 22:22
Cavalli College Limited,28f7449a-e676-498a-95c5-1800cceb678b,NZ,https://www.cavallicollege.nz,testing,english; fee; intakes,pages with several fee figures; intakes link only,not published (link only),"not published (several figures: programme, blended, promotional, resource)",not published,"mixed wording (online access, face-to-face, practice-based), not read",duration,duration only,-,0 + 0 delivery,11 / 12,"Rebound 4 (5700, 2470, 2992, 3244); 1 re-read",2469 still on wrong page; fee panel has multiple figures,Capture international fee panel by hand or builder if wanted,C57.md,2026-10-06 06:13
"Charter Training, Charter Education",bbb006e6-75c1-40f0-8687-89157680bff7,AU,https://www.charter.edu.au,testing,english; fee; intakes,-,-,-,-,-,duration; entry_requirement; mode,-,english_policy https://charter.edu.au/policies/english-and-lln-policy-and-procedure,0 + 0 delivery,11 / 11,-,-,-,register (before night run),2026-10-06 06:36
CIBT AUSTRALIA,f7a51f6e-4127-4ddb-9dca-1fb1950620ce,AU,https://www.cibt.edu.au,testing,english; fee; intakes,course page with Fees tab that holds no figure,not published (Academic Calendar 2026-2029 held as intake_calendar),not published,"course page (IELTS 6.0, no band below 5.5; only 3 of 22; not admitted)",blended (117297F); on_campus_and_online (112465B); only 2 pages,duration; entry_requirement; ielts_overall; mode,duration; ielts_overall; mode; entry_requirement (text-only),english_policy https://www.cibt.edu.au/team/md-mustafizul-hasan/; english_policy https://www.cibt.edu.au/wp-content/uploads/2024/01/CIBT_Enrolment_Application_Form_APP_March_2023_V1.3-1.pdf; english_policy https://www.cibt.edu.au/wp-content/uploads/2024/01/CIBT-Brochure-Version-7.4-Web-Version-1.pdf; fee_schedule https://www.cibt.edu.au/program/diploma-of-marketing-and-communication/; fee_schedule https://www.cibt.edu.au/wp-content/uploads/2023/11/Diploma-of-Hospitality-Management_022025_INNO-1-1.pdf; fee_schedule https://www.cibt.edu.au/wp-content/uploads/2024/01/CIBT_Enrolment_Application_Form_APP_March_2023_V1.3-1.pdf; intake_calendar https://www.cibt.edu.au/; intake_calendar https://www.cibt.edu.au/document/academic-calendar-10-weeks-term/; intake_calendar https://www.cibt.edu.au/wp-content/uploads/2025/01/Academic-Calendar-10-Weeks-2026-2029.pdf,0 + 0 delivery,22 / 23,-,Catalogue fees are CRICOS whole-course totals; 1 identity mismatch (104835C bound to ECEC page),Fees need a source,C12.md,2026-10-05 22:24
Clinton English,83b36a4c-4db3-41b7-8d56-caa4db899922,AU,https://clintonenglish.vic.edu.au,testing,english; fee; intakes,Course pages print entry requirements; ranges of 5 to 70 weeks not read,rolling/no months (Every Monday),central fees page (/course-fees/; /Course-Prices-and-Fees.html; not an allowed central kind),not published,not published,entry_requirement,entry_requirement,not attachable: /course-fees/ and /Course-Prices-and-Fees.html,0 + 0 delivery,2 / 4,website set clintonenglish.vic.edu.au,Cambridge CAE and IELTS Preparation have no stored page,Find own pages for CAE and IELTS Prep; read fees from fee pages,D16.md,2026-10-06 00:08
College of English Education and Training Australia,56c77c71-84c0-4446-85e4-d51b74c2b39c,AU,https://www.ceetacollege.qld.edu.au,testing,english; fee; intakes,course page with entry requirement and IELTS; fees say contact administration,not published,not published; contact administration,course page on 2 pages (5.5; 7 entry requirement readings),not published,entry_requirement; ielts_overall,ielts_overall; entry_requirement,-,0 + 0 delivery,8 / 14,"2 rebound (112458A, 118903C ECEC) to sitemap slug; 1 re-read",4 courses bound to 404 pages; Dip L&M bound to international-students page,Find new addresses for the 4 courses on 404 pages,C44.md,2026-10-06 05:44
College of Sports & Fitness,07457052-54ac-4d2b-93a5-9ec3312ccd68,AU,https://www.csf.edu.au,testing,english; fee; intakes,few course pages; 7 identity mismatch and 2 need render; central intake calendar attached,"central calendar page; Primary Intake 13 Apr 2026, Mid term 23 Feb 2026 (not yet read)",not published; co-contribution page only,not published,classroom mixed with self-paced e-learning -> not admitted; 4 on_campus,duration; mode,mode; duration,intake_calendar https://www.csf.edu.au/courses,0 + 0 delivery,7 / 16,1 rebound (Cert II Sport Coaching); website unchanged; 1 re-read sent,"7 identity mismatch (courses page, VET in schools, yoga post); 2 need render; Cert IV Sport Coaching read from a fitness page",Read the attached intake calendar; find own pages for unread courses,C32.md,2026-10-06 05:17
Early Education Institute Pty Ltd,5388d46b-e279-40f2-8345-8b9f97a08502,AU,https://eeitraining.edu.au,testing,english; fee; intakes,"Course pages print one price ($7,000; $9,000) for people living or working in Australia",not published,domestic only,not published,not published,duration; entry_requirement,duration; entry_requirement,-,0 + 0 delivery,2 / 4,website set eeitraining.edu.au; no rebinds,2 of 4 pages mismatched (CRICOS and non-CRICOS variants of same address),Person to confirm which variant is the international page,D15.md,2026-10-06 00:11
Education Queensland International,f86e16aa-60b6-44af-ae20-7ff72bdb80bd,AU,https://www.eqi.com.au,testing,english; fee; intakes,central fees page bound to Junior and Senior High: per-year fees for 2026/2027/2028,"general reader shows Jan/Apr/Jul/Oct on 3 pages; IB ""January, May"" doubtful","central fees page (CRICOS code row, 2027 per year $17,176; Senior 19,416)",not published,not published,fee,"fee ({code}), fee_year 2027",-,0 + 0 delivery,5 / 5,-,"Catalogue 28,410 on 082520G and 082521G is 2028 Year 10 IB figure (catalogue wrong); fee read on only 2 of 5 pages",Read other CRICOS codes from same fees page as a central source,D4.md,2026-10-05 22:27
Elite Education Vocational Institute,a93cfbcd-970f-4819-82f2-f9ee8755cbe1,AU,https://vocational.ee.edu.au/,testing,english; fee; intakes,"course page prints only DURATION, ID code, CRICOS and campus address",central calendar page (Key Dates and Fees page; not in stored links),central fees page (Key Dates and Fees; not in stored links),central english page (Admission Requirements; https://vocational.ee.edu.au/english-language-proficiency-requirements/ stored but not attached),not published,duration; location,duration; location,none attached (rule: links in stored page text),0 + 0 delivery,18 / 21,0 rebound,"3 identity mismatches (0100052, 117461K, 117462J/108168A bound to about-us, page/2, staff profile); no own pages stored",Central pages need to be found and attached,C15.md,2026-10-05 23:02
Emmaus Bible College,54ade74a-ce50-42cc-b2ae-98035af055de,AU,https://www.ccs.edu.au,testing,english; fee; intakes,"pages without fees, dates or delivery (trimester; calendar elsewhere)","not published (trimester, calendar elsewhere)",not published (central fee structure page needed),"course page (1 course, 6.5)",not published,entry_requirement; ielts_overall,entry_requirement; ielts_overall,-,0 + 0 delivery,11 / 12,-,Master of Leadership Practice bound to 2021 fee page (fetch_failed),Find current central fee structure page,C58.md,2026-10-06 06:10
"Endeavour College of Natural Health, College of Natural Beauty, FIAFitnation",90749f32-cfbf-4c8a-87c5-7001707ce192,AU,https://www.endeavour.edu.au,testing,english; fee; intakes,domestic view only (FEE-HELP),"course page months (Next Intake, October only)",domestic only,not published,mixed mode -> on_campus_and_online (3),campus; duration; intakes; mode,intakes (Next Intake); mode; campus; duration,-,0 + 0 delivery,5 / 5,-,Naturopathy 028648G and Clinical Nutrition 089452C bound to /about-us/college-profile,Rebind; nothing admitted,D3.md,2026-10-05 21:57
English in Paradise; ELSTON EDUCATION & TRAINING,ae1a5efb-620e-4690-849b-155ff6390d3b,AU,https://www.eet.edu.au,testing,english; fee; intakes,"course page: Intakes Monthly, Get a free quote, Classes delivered over 2 days a week",rolling/no months (Monthly),not published (Get a free quote),not published,Classes delivered over 2 days a week (not a delivery mode),duration,duration,none,0 + 0 delivery,20 / 21,"5 rebound (105454H, 119038J, 121040H, 096462J, 105449E); re-read sent and re-applied","Pages were on listing, Japanese and Portuguese copies; 096463G EAP no page",Nothing to admit; fees and dates need a source,C15.md,2026-10-05 23:02
English Language School for Pastoral Ministry,8f3f223f-b18e-4fca-9a9c-a22a2c01e879,AU,https://www.elspm.org.au,testing,english; fee; intakes,"Course pages print entry requirement only; no fees, dates or delivery",not published,not published,course page: IELTS 3.5 (General English); IELTS 5.5 (EAP),not published,entry_requirement,entry_requirement only,-,0 + 0 delivery,4 / 4,none,Fees and dates not on stored pages; nothing verified,Admission stays off; find fees and dates pages,D12.md,2026-10-06 00:11
Envirotech Education,6c79c82b-5cde-49b7-9998-13af66d28b47,AU,https://envirotech.edu.au/,testing,english; fee; intakes,international pages (/international-...) with Course Duration and Tuition Fee Total beside VET Student Loan (domestic) text,rolling/no months (any intake date),course page whole-course total / weeks (not read; differs from CRICOS register),"course page (on 10 of 23; under 50%, not admitted)",not published,duration; ielts_overall; other_requirements,duration; ielts_overall; other_requirements,english_policy https://www.envirotech.edu.au/international-certificate-iv-in-marine; english_policy https://www.envirotech.edu.au/international-diploma-leadership-management; english_policy https://www.envirotech.edu.au/student-visa; fee_schedule https://www.envirotech.edu.au/international-certificate-iv-in-conservation; fee_schedule https://www.envirotech.edu.au/international-student-services; fee_schedule https://www.envirotech.edu.au/non-tuition-fees; intake_calendar https://www.envirotech.edu.au/; intake_calendar https://www.envirotech.edu.au/faqs; intake_calendar https://www.envirotech.edu.au/marketing-materials,0 + 0 delivery,23 / 25,"4 rebound to own international pages (113609E, 111169G, 116050D; 111630B same page as 116050D); re-read sent","Page fees differ from register (104045M $10,000/58 wks vs $13,000/78; 111629F $11,000 vs $18,000; 113610A $11,000 vs $13,000); Cert II/III category pages print no IELTS",Decide which figure is the international fee; 111630B likely superseded,C8.md,2026-10-05 22:25
EUREKA INSTITUTE OF MANAGEMENT,3aa07e6f-9531-477f-8bb5-4c8245330eea,AU,https://eureka.edu.au,testing,english; fee; intakes,course page with IELTS and duration; training package code and provider CRICOS only,not published,not published; refers to 2024 Fees Schedule (not current),course page (e.g. IELTS 5.5; catalogue 6.0 on 4 courses),not published,duration; ielts_overall,ielts_overall; duration,-,0 + 0 delivery,12 / 18,Website set https://eureka.edu.au; 12 courses rebound to own pages (hand lock confirms); 2 re-reads sent,"worker tally no_identity 12: pages print package code and provider CRICOS but not course CRICOS, so identity cannot confirm; admission off","Allow identity on training-package code or title for hand-bound pages, then re-apply; check IELTS 5.5 vs 6.0",C28.md,2026-10-06 00:15
Flinders International College,1f93d07c-719f-4746-a99b-4def7ff9e68f,AU,https://www.flinderscollege.edu.au,testing,english; fee; intakes,-,-,-,-,-,duration; mode,-,-,0 + 0 delivery,2 / 11,-,-,-,register (before night run),2026-10-06 06:40
Future Skills Academy Limited,a1a229cc-1915-475c-9d0a-727eeb45a20b,NZ,https://www.futureskills.co.nz,testing,english; fee; intakes,"Programme pages, largely NZ citizen/resident view; international view on few pages","course page months, but enquiry-form dropdown (Feb, Apr, Jul, Oct) repeated on every page, not course dates",domestic mostly; international annual fee on 1 of 15 pages; three-option fee on Master AI,"course page, 2 of 15 pages",Campus line mixes campuses with Online/Blended/Distance; not read,campus; duration; entry_requirement; fee; ielts_overall; intakes; study_level,fee; ielts_overall; intakes; campus; duration; study_level; entry_requirement,-,0 + 0 delivery,15 / 36,"3 rebound (4170, 3030, 2612) to /programmes/ pages; no website change",21 identity_mismatch; generic-form intakes unsafe; extractor fees probably domestic; salary figures rejected,Human check of which programmes have an international page; site discovery pass then rebind,B38.md,2026-10-06 06:05
Gamma Education & Training Pty Ltd,a6211f3d-3c38-4df8-868b-364c992d6ac1,AU,https://gamma.edu.au/,testing,english; fee; intakes,Tag-archive pages show only 'Level : Diploma Method : Mixed',not published,not published,not published,Mixed -> none,mode; study_level,study_level; mode (teaching method),english_policy https://gamma.edu.au/course/general-english/; english_policy https://gamma.edu.au/wp-content/uploads/2021/03/Gamma-Enrolment-Form-UPDATED_%E3%85%A1Mar_2021.pdf; english_policy https://gamma.edu.au/wp-content/uploads/2022/02/Gamma-Exemption.pdf; fee_schedule https://gamma.edu.au/wp-content/uploads/2020/11/Gamma-Enrolment-Form-UPDATED_Nov-2020.pdf; fee_schedule https://gamma.edu.au/wp-content/uploads/2021/02/Student-Handbook-081220.pdf; fee_schedule https://gamma.edu.au/wp-content/uploads/2021/04/GAMMA-COURSE-GUIDE-2020_02022021_Interactive-New.pdf; intake_calendar https://gamma.edu.au/; intake_calendar https://gamma.edu.au/welcome-to-gamma-college-2/; intake_calendar https://gamma.edu.au/wp-content/uploads/2021/04/GAMMA-COURSE-GUIDE-2020_02022021_Interactive-New.pdf,0 + 0 delivery,23 / 29,0 rebound (needs Platform Admin decision: hand locks),21 courses bound to tag-archive pages; real /course/ pages exist (23) but only 2 bound,"Decision: rebind courses to /course/ pages via admin_course_link_edit, then re-capture",C2.md,2026-10-05 21:52
George Brown College,80e8f5fd-1b38-4292-90ab-adafc9884381,AU,https://www.georgebrown.nsw.edu.au,testing,english; fee; intakes,Category pages only (no page per course); bound Moodle pages are not course info,not published,not published,central english policy page; IELTS 6.0 group-wide on category pages,Not printed,entry_requirement; ielts_overall,ielts_overall; entry_requirement (text-only); nothing read,english_policy https://georgebrown.nsw.edu.au/course/commercial-cookery/; english_policy https://georgebrown.nsw.edu.au/course/community-services/; english_policy https://georgebrown.nsw.edu.au/english-language-requirements-policy-v-7-07-08-2025/; english_policy https://georgebrown.nsw.edu.au/wp-content/uploads/2024/12/English%20Language%20Requirements%20Policy%20v.6%2018.11.2024.pdf; fee_schedule https://georgebrown.nsw.edu.au/wp-content/uploads/2017/11/Tuition-Protection-Service-for-International-Students-V.3-25.10.2017.pdf; fee_schedule https://georgebrown.nsw.edu.au/wp-content/uploads/2019/06/Fees-and-Refund-Policy-v2-28022019.pdf; fee_schedule https://georgebrown.nsw.edu.au/wp-content/uploads/2024/12/Fees%20and%20Refund%20Policy%20V.5%2020.11.2024%20(002).pdf; intake_calendar https://georgebrown.nsw.edu.au/course/trade-courses/; intake_calendar https://georgebrown.nsw.edu.au/wp-content/uploads/2017/11/Applying-for-Deferment-Suspension-or-Leave-V.3-25.10.2017.pdf; intake_calendar https://georgebrown.nsw.edu.au/wp-content/uploads/2024/13/Application-for-deferring-suspending-or-leave-V.12-19.11.2024.pdf,0 + 0 delivery,9 / 44,"2 rebound (Dip 117473F, Adv Dip 111102D) from staff page to /course/civil-construction/; no website change",Site has category pages only; 28 identity_mismatch; injected spam text on some pages (site may be tampered with); ~12 courses bound to Moodle,Decide: brochure/price list from college or manual entry; operator to unbind Moodle bindings; read English policy page,B21.md,2026-10-06 00:03
Global College Australasia,6e0e0d29-a011-4085-b273-09b904be79fa,AU,https://www.globalcollege.edu.au,testing,english; fee; intakes,"course page with CRICOS code, duration, units, admission requirements only",central calendar page (Academic Calendar link not in stored links),not published (fee document behind CLICK HERE link),not published (GCA LLN test; IELTS on 2 of 22),not published,duration; entry_requirement; ielts_overall,duration; entry_requirement; ielts_overall,english_policy https://globalcollege.edu.au/cpc40120-certificate-iv-in-building-and-construction/; english_policy https://globalcollege.edu.au/forms/APPLICATION_ENROLMENT_FORM.pdf; english_policy https://globalcollege.edu.au/wp-content/uploads/2024/11/International-Student-Application-Enrolment-Form.pdf; fee_schedule https://globalcollege.edu.au/policies/REFUND_AND_CANCELLATION_POLICY.pdf; fee_schedule https://globalcollege.edu.au/wp-content/uploads/2025/07/2025-Price-list-as-of-7-July-2025.pdf; fee_schedule https://globalcollege.edu.au/wp-content/uploads/2025/08/Edited-Price-List_Aug-2025.pdf; fee_schedule https://www.globalcollege.edu.au/policy/RefundPolicy.pdf; intake_calendar https://globalcollege.edu.au/academic-calendar/; intake_calendar https://globalcollege.edu.au/bsb80120-graduate-diploma-of-management-learning/; intake_calendar https://globalcollege.edu.au/wp-content/uploads/2024/11/GCA-Student-Handbook-23_24_.pdf,0 + 0 delivery,22 / 24,0 rebound,"Nothing passes thresholds; 2 identity mismatches (0101938, 119544B)",Needs central fee and calendar sources,C9.md,2026-10-05 22:19
Grant MacEwan University,50efbfe2-b917-4cf7-be50-4a53c9a718d7,CA,https://www.macewan.ca/,testing,english; fee; intakes,-,-,-,-,-,duration; study_level,-,english_policy https://www.macewan.ca/c/documents/intl_brochure_english.pdf; english_policy https://www.macewan.ca/elp; intake_calendar https://calendar.macewan.ca/academic-schedule/; intake_calendar https://calendar.macewan.ca/academic-schedule/current/,4 + 0 delivery,43 / 44,-,-,-,register (before night run),2026-10-05 12:35
Griffin College,-,-,-,testing,-,main course pages show No course details available yet; support articles hold duration and max cost,not published,not published; support articles give location-dependent maximum cost,not published,not published,-,-,-,-,-,"4 rebound to support articles (104677A, 111652G, 114096F, 117182F); 1 re-read, all fetch_failed",support site refuses the reader; 118744B bound to application form; Fee Structure and intake pages linked but no URL stored,Supply Fee Structure and intake page URLs,C46.md,-
"iLearn OZ, MELBOURNE METRO COLLEGE",b37d2af9-2fc8-4712-96ee-a7dc8d99c529,AU,https://melmc.edu.au,testing,english; fee; intakes,course page with delivery and two international fee figures plus material fee,not published; a few from default reader,"two international options; Onshore and Offshore Tuition, e.g. 9,000 and 12,000",not published,"face-to-face plus distance -> on_campus_and_online (blended rule); 10 on_campus, 2 blended; not admitted",campus; duration; mode,mode; campus; duration,-,0 + 0 delivery,16 / 17,Website set https://melmc.edu.au; 0 rebound,two-option fee left unread; 114017K has no page,Decide which figure (Onshore or Offshore) is the international annual fee,C32.md,2026-10-06 05:14
Inforum Education Australia,7e99b09d-6122-4933-9bf5-7efdee01df73,AU,https://www.inforum.com.au,testing,english; fee; intakes,only High School Preparation prints term intakes; ELICOS start any Monday,"course page months on 1 of 5 (HSP Jan, Apr, Jul, Oct 2027); rest rolling","central fees page (Fees & Dates, no stored link)",not published,not published,duration; entry_requirement; intakes,intakes (pick last); duration; entry_requirement,-,0 + 0 delivery,5 / 5,-,Intakes on 1 of 5 pages only,Capture Fees & Dates page,D2.md,2026-10-05 21:53
Insight Academy,409f3bcc-a639-4bf6-94eb-c5cd9cc68422,AU,https://insightacademy.edu.au,testing,english; fee; intakes,course page prints only Duration and Location,render needed; INTAKES AVAILABLE widget (ELICOS says Every Monday),not published,generic reader,not published,campus; duration,duration; campus,-,0 + 0 delivery,16 / 16,Website set https://insightacademy.edu.au; 0 rebound,no fee or delivery wording; VET start dates behind widget,Find a central fee or key-dates page,C37.md,2026-10-06 05:21
Institute of Business and Management Australia (IBMA),881ae765-5f4b-4665-a413-9696fd9e49e3,AU,https://www.ibma.edu.au,testing,english; fee; intakes,"product page with Price, Apply Now and Duration; same prices on domestic list page",not published,course page whole-course total / years; not labelled international (9 catalogue wrong),not published,not published,course_years; duration; fee_total,fee_total; course_years; duration,-,0 + 0 delivery,12 / 14,"3 rebound (115254M, 111697E, 111698D) to product pages; 2 re-reads",price not labelled international; Grad Dip fetch fails; EAP identity mismatch,Confirm the price is the international one before admitting fee,C44.md,2026-10-06 05:44
INSTITUTE OF MANAGEMENT AND COMPUTING,c397e4e9-7070-46ca-ae89-e6c6dc3d53b9,AU,https://imc.vic.edu.au,testing,english; fee; intakes,"course page with intake Frequent, locations, duration and blended delivery",rolling/no months; Frequent,not published,course page on 1 only,Blended mode consisting of face-to-face and workshop practical -> blended; not admitted,campus; duration; entry_requirement; ielts_overall; mode,mode; duration; campus; ielts_overall; entry_requirement,-,0 + 0 delivery,16 / 16,Website set https://imc.vic.edu.au; 0 rebound,preview probe never completed (queue); adapter written from builder captures,Find fee source,C38.md,2026-10-06 05:21
International College of Advanced Education Pty Ltd,223e225f-d886-450c-a5ed-5d6946990ba5,AU,https://www.icae.edu.au,testing,english; fee; intakes,international course pages separate from domestic and online; JS-rendered,render needed,-,-,-,duration,render; duration; page_view render; url_pattern /course/[a-z0-9-]+-international/?$,-,0 + 0 delivery,0 / 16,"7 rebound to international course pages from provider URLs; read_view of 7 pages queued, 1 re-read",13 of 15 pages identity mismatch; 7 rebound pages are needs_render and none read after 8 minutes; 8 courses have no international page,"Have the worker process queued rendered reads, then complete patterns",C33.md,2026-10-06 05:26
INTERNATIONAL COLLEGE OF QUEENSLAND AUSTRALIA,830b5bd3-fe65-41bd-92ed-7e1729651bd4,AU,https://www.icqa.qld.edu.au,testing,english; fee; intakes,"IELTS Preparation page: 24 weeks, blended, course fee AUD 7,640 (enrolment AUD 500 extra)",not published,"not labelled international (24-week one-semester, needs x2, pattern cannot express)",not published,blended learning,duration,duration only,-,0 + 0 delivery,1 / 4,Rebound IELTS Preparation to /ielts-preparation-programme/; 1 re-read,Catalogue duration 54 weeks vs page 24; other three courses no own page,Hand value for fee; check duration,D11.md,2026-10-06 00:13
INUS Australia Education and Training,8b9d9830-b759-4b1f-bd5b-d722154282dd,AU,https://www.inusaustralia.com.au,testing,english; fee; intakes,English courses; per-week fees; delivery a choice,rolling/no months (every Monday),"per week/unit/term ($350-$400 per week, not read)",not published,"face-to-face, online or a mix (choice), not admitted",duration,duration only,-,0 + 0 delivery,4 / 4,Website not changed (www.inusaustralia.com.au on record; live pages on www.inus.edu.au),Two old-domain pages alongside current inus.edu.au,Decide whether to set website to www.inus.edu.au,D11.md,2026-10-06 00:13
iProgress Academy,01ebb456-3133-4311-96dc-0cfd896df15d,AU,https://iprogress.edu.au,testing,english; fee; intakes,Pages print delivery; fees say Contact our team,not published,not published,not published,"Blended (face-to-face & online) -> on_campus_and_online, not admitted",duration; mode,mode; duration,-,0 + 0 delivery,2 / 2,website set https://iprogress.edu.au,Fees Contact our team,Find fees page,E7.md,2026-10-06 05:48
Jabin Hopkins Institute of Technology,0bf6298f-c1fd-4a07-a9af-7a6c23b7e0e0,AU,https://www.jabinhopkins.edu.au,testing,english; fee; intakes,course page with duration and IELTS; Study Mode shows a menu not a value,"course page months on 6 pages via default reader (Apr, Jul, Oct); not read by adapter","central fees page (Fees and Refund) not stored, no link",course page on 6 of 14 only (IT and cookery; hospitality and business print none),"Face-To-Face Online/Blended menu text, not a value",duration; ielts_overall,duration; ielts_overall,-,0 + 0 delivery,14 / 16,Website set https://www.jabinhopkins.edu.au; 0 rebound,"2 identity mismatch (106457H bound to IT page, 106460B to Diploma page); IELTS on 6 of 14 fails half rule",Locate Fees and Refund page and find pages for 2 courses,C36.md,2026-10-06 05:21
Kingsford International Institute,3e20d45e-b7b6-42e9-98ae-2d75cdae91a1,AU,https://www.kii.edu.au,testing,english; fee; intakes,"course page with intakes, one Course Fee AUD and blended delivery","stale year; Jan, Feb, Apr, May, Jul, Aug, Oct, Nov labelled Intakes for 2025 or 2022-2023","course page whole-course total / years; no international or domestic split; page 7,000-12,000 vs catalogue 12,000-27,000",generic reader,Blended Learning with required f2f and online hours -> blended (14); not admitted,course_years; duration; fee_total; intakes; mode,fee_total; course_years; duration; intakes; mode,-,0 + 0 delivery,14 / 16,Website set https://www.kii.edu.au; 0 rebound,stale-year intakes; fee unlabelled; required blend; 2 courses unread,Decide whether stale-year intakes can be accepted; confirm fee is international,C37.md,2026-10-06 05:26
La Lingua Language School,3f9981dc-beaf-412b-8aca-356bc47b2826,AU,https://www.lalingua.com,testing,english; fee; intakes,-,-,-,-,-,duration; entry_requirement; ielts_overall; intakes,-,-,0 + 0 delivery,11 / 11,-,-,-,register (before night run),2026-10-06 06:45
Langports English Language College,d185a06f-1b21-49c5-8231-5cf2372f2c95,AU,-,testing,english; fee; intakes,-,-,-,-,-,intakes; mode,-,-,0 + 0 delivery,9 / 12,-,-,-,register (before night run),2026-10-06 06:41
Macquarie University,188103a5-1aba-4f99-bd3e-0416659086d3,AU,https://www.mq.edu.au,testing,english; fee; intakes,-,-,-,-,-,entry_requirement; intakes; mode,term_months; json:__NEXT_DATA__,english_policy https://www.mq.edu.au/__data/assets/pdf_file/0017/1305152/Schedule-1-English-Language-Admission-Requirements-for-Graduate-Research-Courses.pdf; english_policy https://www.mq.edu.au/study/admissions-and-entry/apply/international/english-language-requirements; english_policy https://www.mq.edu.au/study/admissions-and-entry/apply/international/international-academic-requirements; fee_schedule https://policies.mq.edu.au/document/view.php?id=120; fee_schedule https://www.mq.edu.au/study/admissions-and-entry/fees-and-costs; fee_schedule https://www.mq.edu.au/study/admissions-and-entry/fees-and-costs/international; intake_calendar https://students.mq.edu.au/study/course/dates; intake_calendar https://students.mq.edu.au/study/enrolling/dates; intake_calendar https://www.mq.edu.au/study/find-a-course/pathway-programs/english-language/dates-fees,131 + 0 delivery,270 / 461,-,-,-,register (before night run),2026-10-05 17:16
Manawatu Education Academy (PN) Limited,3b5b49d7-e8d3-4929-9f80-f21c535075fa,NZ,https://www.bhbacademy.ac.nz,testing,english; fee; intakes,pages state NZ residency requirement; Studylink course-related costs,"course page months (January, July)",domestic only,"course page (5.0, 5.0, 5.5)",delivery read (3),campus; duration; ielts_overall; intakes; mode; student_type,intakes; ielts_overall; duration; mode; campus; student_type,-,0 + 0 delivery,4 / 4,1 re-read; 3442 Skincare confirmed by hand lock,"DOMESTIC ONLY; 3442 ""no_identity"" (h1 Skincare vs catalogue Skin Care)",Not admitted,D9.md,2026-10-05 22:59
Marine and Specialised Technologies Academy of New Zealand Limited,5ac7d2c3-d3a6-48f1-ad44-178f5397ead5,NZ,https://www.mastacademy.com,testing,english; fee; intakes,domestic NZ workplace apprenticeships (STUDY TYPE Workplace Based / Online / Self-Study; fees NZD + GST),not published,"domestic only (e.g. 3123 Total Programme Fee 2026 $2,640 + GST)",not published,not published,duration; mode,duration; mode (text-only; duration read on 0 pages),none,0 + 0 delivery,6 / 18,"5 rebound (3124, 3848, 3026, 5060, 3058); re-read sent","Domestic only; 10 identity mismatches; not rebound 3057, 3086, 3126, 2998/2999, 5433, 5115",Confirm whether any programme is open to international students,C25.md,2026-10-06 00:18
Matthew Flinders Anglican College,0c01d0ca-c242-4bd5-80eb-e4631ad57668,AU,https://www.mfac.edu.au,testing,english; fee; intakes,One shared page /enrolments/international-students/ with 2027 Schedule of Fees,not published,"central fees page: Years 7-12 (098475K) annual 41,230 (semester 20,615); Primary prints two annual fees",not published,not published,fee,fee only; levies excluded,-,2 + 0 delivery,3 / 3,none,"Catalogue 62,124 vs page 41,230 (catalogue wrong); fee on 1 of 3 pages, under half; 098474M code not printed","Confirm with school if 41,230 applies to Years 7-10; add 098474M fee",D18.md,2026-10-06 05:14
Mayfair College Pty Ltd,81e74967-9add-453e-a5cf-6a0eaa590189,AU,https://www.mayfaircollege.com.au,testing,english; fee; intakes,"page with tuition fee and ""2025 Intake dates January / April / September""",stale year (2025 intake dates),"not labelled international (tuition only; e.g. 12,000 for 52 weeks; 16,500 over 90 weeks)",not published,"blended model (classroom plus placement), not admitted",course_years; duration; fee_total; intakes,intakes; fee_total+course_years; duration,-,0 + 0 delivery,4 / 4,Rebound Provide First Aid to hltaid011 page; 1 re-read,Pages do not say international or domestic; stale 2025 intake line,Decide on fee label and stale intakes,D11.md,2026-10-06 00:12
"Melbourne English, ME English",13a71331-500e-43f0-8de3-d0cec7e07957,AU,https://www.meenglish.com.au,testing,english; fee; intakes,pages print weekly prices ($280 to $400 a week),rolling/no months (New intakes every Monday),"per week/unit/term ($280 General English, $300 IELTS, $380 EAP, $400 OET per week)",not published,not published,duration,duration; course_title_strip,-,0 + 0 delivery,4 / 4,Rebound 093132G to /english-courses/ielts and 093133F to /english-courses/oet; 1 re-read,-,-,D8.md,2026-10-05 23:03
"MILESTONES EDUCATION ACADEMY, MILESTONES EDUCATION GROUP, Trident International College, Milestones International College",98e29f72-3a37-4e0c-b7cb-14e38c3c6451,AU,https://www.milestones.vic.edu.au,testing,english; fee; intakes,course page with duration and delivery on 1 page; intakes every 4 or 6 weeks,rolling/no months; Every 4 or 6 Weeks,not published,not published,on_campus on 1 of 14 pages; not admitted,duration; mode,mode; duration,-,0 + 0 delivery,14 / 14,Website set https://www.milestones.vic.edu.au; 0 rebound,"109589E bound to Cert IV Commercial Cookery page, no own page",Find fee and key-dates pages,C47.md,2026-10-06 05:48
Mount Royal University,d38d9f8a-c2f1-446c-9d1d-6410ff878375,CA,-,testing,english; fee; intakes,-,-,-,-,-,duration,-,-,0 + 0 delivery,33 / 38,-,-,-,register (before night run),2026-10-05 17:03
National Institute of Education and Technology,a06b4800-ef9b-43f5-b605-ac193cb25525,AU,https://www.niet.edu.au,testing,english; fee; intakes,only the Grad Dip Management (Learning) has its own page; others on /pdf/ or faculty listing,"rolling/no months; Monthly, no month names","course page whole-course total / years on 1 page (17,000 / 104 wks = 8,500)",course page on 1 page (5.5),not published,course_years; duration; fee_total; ielts_overall,fee_total; course_years; duration; ielts_overall,-,0 + 0 delivery,1 / 14,0 rebound; 1 re-read changed NIET only,"3 pages fetch_failed on /pdf/; 2 identity mismatch; slash variant of Grad Dip page bound to Dip L&M; catalogue holds 17,000 as annual","Find course page addresses (niet.edu.au/course/name), then rebind",C45.md,2026-10-06 05:47
National Trade Academy Limited,dcd7b9fc-57f2-4526-b216-1d61a70c93d1,NZ,https://www.nta.co.nz,testing,english; fee; intakes,"short course pages: no fee, dates, duration or delivery",not published,central fees page (/international-student-info/course-fees-and-living-costs/; not attachable kind),course page (IELTS General or Academic 5 / 5.5; on 4 of 11; not admitted),not published,entry_requirement; ielts_overall,ielts_overall; entry_requirement; title_strip/course_title_strip (hand-bound pages confirmed),none (fee page not attachable),0 + 0 delivery,11 / 21,"5 rebound (2220, 2377, 2376, 2218, 2487); re-read sent (13 pages)","NZ provider; 2220 page heading (NZ Cert in Agriculture L3 Dairy/Meat strands) matches 3869, not Farming Systems; 8 identity mismatches (likely not NTA courses)",Check hand-set 2220 address; fees need central source,C16.md,2026-10-05 23:05
Navitas English,e618767b-8ac2-48d9-9314-c512ed5c6c7d,AU,https://www.navitasenglish.edu.au,testing,english; fee; intakes,ELICOS course page; IELTS figures are level-progression scores,"central calendar page (https://www.navitasenglish.edu.au/apply/course-calendar/ attached, not yet read)",not published,"conditional/example only (level-progression scores, not admission)",Study face-to-face on campus -> on_campus (4 of 11; not admitted),campus; duration; mode,duration; mode; campus,intake_calendar https://www.navitasenglish.edu.au/apply/course-calendar/,0 + 0 delivery,11 / 19,-,"8 identity mismatches (legacy codes 077031A, 077032M, 077033K, 077035G, 077036G, 055579B, 059325C, 084191D) with no own pages",Decide whether legacy codes are superseded,C22.md,2026-10-05 23:00
Nelson Technical Institute Limited,3bc5bced-3980-4454-ae57-52b3fd714680,NZ,https://www.nelsontech.ac.nz,testing,english; fee; intakes,course page; 4 identity mismatches,"rolling/no months (""anytime"")",domestic only (fees-free),not published,-,duration; entry_requirement,duration; entry_requirement,-,0 + 0 delivery,1 / 5,1 re-read,Nothing to admit; 4 mismatches,-,D1.md,2026-10-05 21:59
New Zealand Institute of Skills and Technology,faa04942-5af1-418c-8214-c5aa2523c39d,NZ,https://www.tpp.ac.nz,testing,english; fee; intakes,"Domestic panel plus International panel (Duration, Level, Credits, Fees, Delivery, Location, Intakes); some pages domestic only",course page months (international panel),course page annual (120 credits = 1 year); semester programmes print 20-week totals,not published; IELTS only inside entry requirement text,On campus -> on_campus,duration; entry_requirement; fee; intakes; location; mode,patterns anchored on 'International Duration'; fee no division; intakes; fee; mode; location; duration; entry_requirement,-,0 + 0 delivery,11 / 42,"1 rebound (Construction Trade Skills L3, code 2834) to its own page; no website change",Most read pages domestic-only so fields fall below half rule; 26 wrong bindings; semester fee cannot be doubled by pattern,Decision: accept 'pages with an international panel' as denominator to admit intakes and delivery; second sitemap sweep for 26 courses,B24.md,2026-10-06 00:04
New Zealand Institute of Skills and Technology,d72e0120-a3a2-4909-8ddf-bcad1ec60150,NZ,https://www.northtec.ac.nz,testing,english; fee; intakes,-,-,-,-,-,campus; duration; entry_requirement; fee; intakes; mode,-,english_policy https://www2.nzqa.govt.nz/assets/About-us/Our-rules-fees-and-policies/NZQA-Rules/2025/Table-for-internationally-recognised-English-proficiency-outcomes-for-international-students.pdf,134 + 0 delivery,38 / 123,-,-,-,register (before night run),2026-10-05 17:17
NSW Higher Education Pty Ltd,7fb211ef-9ca8-47b4-85ee-ad294a67a00a,AU,https://nswinstitute.com,testing,english; fee; intakes,Pages print Course Fees per year with no student type,not published,"not labelled international (10,600; 9,900; 14,650 per year)",not published,not published,duration,duration,-,0 + 0 delivery,3 / 4,website set nswinstitute.com; hand locks on 3 courses (same URL); General English Levels bound to general /elicos page,"Printed fees do not fit CRICOS totals (20,000/78 wks; 18,000; 35,000)",Decide which view the fee figure is,D16.md,2026-10-06 00:19
"Queen Anne English College, Jasmine Education Group Pty Ltd t/a Queen Anne Business College",cc920b76-0c59-48dd-93ec-98f5643378f8,AU,http://www.jeg.nsw.edu.au,testing,english; fee; intakes,3 English course pages carry data; 13 VET pages hold only site menu text,not published,course page whole-course total for max weeks / (weeks/52) on 3 pages; catalogue holds same totals,"conditional/example only; IELTS 5.0 and 6.0 by level, not read as a number",classrooms -> on_campus (3),course_years; entry_requirement; fee_total; mode,fee_total; course_years; mode; entry_requirement,-,0 + 0 delivery,16 / 16,0 rebound,VET pages are menu text only; 3 of 16 fail the half rule; IELTS Prep annualisation indicative,Capture VET course details (builder or fees page),C36.md,2026-10-06 05:11
Reach Community College Pty Ltd,8495927d-cbd8-426d-814c-fa87d1a966e7,AU,https://reachcollege.edu.au,testing,english; fee; intakes,"Course page with duration, delivery, entry requirement; faculty listing pages",render needed (rolling intake dropdown only in rendered capture),two international options (Offshore/Onshore whole-course totals); no fee pattern written,not published,"Face to face physical plus face to face virtual -> on_campus; required mix, not admitted",duration; entry_requirement; intakes; mode,intakes; mode; duration; entry_requirement,- (/course-terms/ and /courses-brochure/ not attached),0 + 0 delivery,35 / 37,0 rebound; website set to https://reachcollege.edu.au (was empty),Intakes need page_view render; two-option fees excluded by convention; no IELTS printed,Decision: is Offshore the fee to show; render read for intakes; find English page,B37.md,2026-10-06 06:07
Seafield School of English Limited,788a047b-b93f-4ba5-a2ba-479bb16adf79,NZ,https://www.seafield.ac.nz,testing,english; fee; intakes,only read page bound to 3667 via NZQA Ref,not published,"course page whole-course total / years (""$7,000* Prices may vary per region"", 16 weeks)",excluded,on_campus_and_online (excluded),campus; course_years; duration; entry_requirement; fee_total; ielts_overall; mode,fee_total+course_years; duration; campus; mode; ielts_overall; entry_requirement,-,3 + 1 delivery,1 / 5,1 shared re-read,Other courses bound to blog post and General English page,Rebind; confirm fee is international,D2.md,2026-10-05 21:56
Simon Fraser University,d47b6006-396a-4785-b2ae-15186c3e7709,CA,-,testing,english; fee; intakes,-,-,-,-,-,duration; entry_requirement; intakes; mode; not_admitting; study_level,-,-,4 + 0 delivery,152 / 208,-,-,-,register (before night run),2026-10-05 17:03
Skill New Zealand Limited,1b9601d3-45c9-4de4-b09c-fb40159fbc57,NZ,https://www.skillnz.ac.nz,testing,english; fee; intakes,-,-,-,-,-,campus; duration; ielts_overall,-,-,0 + 0 delivery,7 / 11,-,-,-,register (before night run),2026-10-06 06:41
Skilled Up,6ec0f2b6-e090-4d2d-8667-50322be8533b,AU,https://www.skilledup.edu.au,testing,english; fee; intakes,"page with Tuition Fee, enrolment and material fees, delivery; 3 pages fetch_failed","rolling/no months (""Monthly"")","not labelled international (Tuition Fee $11,000 for 52 weeks)",not published,Face to Face (1),duration; fee; mode,fee; duration; mode,-,0 + 0 delivery,1 / 4,1 re-read,Fee page does not say international or domestic; Advanced Diploma bound to /about-us/,Decide on fee label; find Adv Dip page,D11.md,2026-10-06 00:10
Skills Active Te Mahi Ako Limited,0ede4eef-4117-4362-8a64-131efcb31c38,NZ,https://www.temahiako.org.nz,testing,english; fee; intakes,"Qualification pages print Credits, 'Before you start' note, sometimes duration; no fees, dates or IELTS",not published,not published,not published,Delivery line absent on bound pages,duration; entry_requirement; mode,"mode 'Delivery: *([^.]{3,60})'; duration; entry_requirement; first match",-,0 + 0 delivery,11 / 41,10 rebound to own qualification pages; no website change,Workplace/employer-based training so likely domestic only; ~25 courses have no page; first save double-escaped backslashes (fixed),Decision: confirm international availability (likely domestic only; mark not admitting); sitemap/central list for missing pages,B26.md,2026-10-06 05:20
Southern Academy of Business and Technology,c188f6c5-3ae7-402c-a6e0-59d1f3e14339,AU,https://www.sabt.edu.au,testing,english; fee; intakes,"course page with duration, study level and campus availability list","not published; menu page, no stored URL","not published; menu page, no stored URL",not published,not published,duration; location; study_level,duration; study_level; location,-,0 + 0 delivery,16 / 16,0 rebound,nothing admissible printed; 109536G may be bound to the commercial cookery page,Supply intake and fee page addresses,C35.md,2026-10-06 05:25
SPI Institute Ltd - South Pacific Islands Institute Limited,2c6c9535-cd68-4dd4-837e-79beaf142a7d,NZ,https://www.spii.co.nz,testing,english; fee; intakes,domestic pages; no h1 and generic title,not published,domestic only (Youth Guarantee fees free),not published,-,campus; duration; entry_requirement,duration; campus; entry_requirement (title strips),-,0 + 0 delivery,2 / 4,Rebound 2862 to /courses/career and 4316 to /courses/electrical; 1 re-read,Adapter cannot confirm pages (no h1); 2861 on FAQ page; 3442 unbound,-,D8.md,2026-10-05 23:03
SRDITA,-,-,-,testing,-,Adv Diploma and Diploma pages print two international fee options; Cert IV page reads empty,not published,"two international options (Adv Diploma 18,500 / 15,950 on-shore; Diploma 35,000 / 32,890)",not published,"online Fridays + face-to-face weekends -> required mix, not admitted",-,-,-,-,-,1 rebound (Diploma of Surveying 115265H from staff page to /course/cpp50121-diploma-in-surveying/),Two-options fee rule; Diploma 95 weeks needs dividing,Decide which international price is the catalogue figure,E4.md,-
St John's International College and St John's Anglican College,df478ef6-2b5c-489e-8787-7bf434df3bb0,AU,https://www.stjohnsanglicancollege.com.au,testing,english; fee; intakes,Page lists CRICOS code and duration only (/international/our-international-college/),not published,not published,not published,not published,duration,duration only (text-only),-,0 + 0 delivery,3 / 4,none,IB Primary Years 108736G bound to kindergarten page (wrong); catalogue fees are large totals to check,Check catalogue fee totals; find own page for 108736G,D13.md,2026-10-06 00:06
Sunraysia Institute of TAFE,e9c64aaf-132e-4236-b29c-7ba76e404b12,AU,https://www.sunitafe.edu.au,testing,english; fee; intakes,"mostly domestic course pages (Government Subsidised, Concession, Self-Funded); one international program page (114772H)","course page months (114772H Start Dates 2027: 8 Feb, 12 Jul; 109644C Feb)","domestic only (20 of 22 pages); 114772H whole-course total 15,600; ELICOS $2,730 per 10 weeks not read",not published (ELICOS entry ranges not read),not published,campus; course_years; duration; entry_requirement; fee_total; ielts_overall; intakes; mode,intakes (international rows only); fee_total+course_years; ielts_overall; mode; duration; campus; entry_requirement,english_policy https://www.sunitafe.edu.au/explore-courses/education-and-training/elicos-upper-intermediate/; english_policy https://www.sunitafe.edu.au/explore-courses/international-courses/; english_policy https://www.sunitafe.edu.au/international/how-to-apply/; fee_schedule https://www.sunitafe.edu.au/apply-now/fees-charges/; fee_schedule https://www.sunitafe.edu.au/international/how-to-apply/; fee_schedule https://www.sunitafe.edu.au/international/policies-procedures/; intake_calendar https://www.sunitafe.edu.au/; intake_calendar https://www.sunitafe.edu.au/explore-courses/automotive/licence-to-operate-a-forklift-truck/; intake_calendar https://www.sunitafe.edu.au/explore-courses/health-and-community/certificate-iv-in-community-services/,2 + 0 delivery,22 / 25,-,Fields read on far less than half the pages; international program pages not in stored URLs,Find international program page URLs (international-courses listing is stored),C8.md,2026-10-05 22:26
Supreme Business College Pty Ltd,71362bf9-2a99-4eb1-a76f-b5382dab9130,AU,https://www.academies.edu.au,testing,english; fee; intakes,Per-city course pages (academies.edu.au/course-<city>-<course>/),not published on bound pages,"per term (A$2,500 /term), not annual",central english page already held,Not read,campus,campus only,english_policy https://academies.edu.au/2024/04/02/student-visas-new-english-language-requirements/; english_policy https://academies.edu.au/author/wp92245588/page/3/; english_policy https://academies.edu.au/how-to-enrol/; fee_schedule https://academies.edu.au/students/pay-your-fees/; fee_schedule https://academies.edu.au/wp-content/uploads/2022/05/Academies-Australasia.pdf; fee_schedule https://academies.edu.au/wp-content/uploads/2024/07/F-4.4.6-Genuine-Student-Assessment-Fill.pdf; intake_calendar https://academies.edu.au/courses-perth-degrees/; intake_calendar https://academies.edu.au/news/4/; intake_calendar https://academies.edu.au/students/academic-calendar/,1 + 0 delivery,2 / 30,0 rebound; no website change,25 of 29 bindings on pathway/news/intranet/PDF pages,"Rebind courses to city course pages, then add patterns",C1.md,2026-10-05 22:01
"Sydney Islamic College, UMA College",9593672f-3b97-42ac-99e0-1536916576af,AU,https://uma.edu.au/,testing,english; fee; intakes,-,-,-,-,-,course_years; fee_total,-,-,0 + 0 delivery,8 / 11,-,-,-,register (before night run),2026-10-06 06:44
Sydney Metro College,5aa68913-4d20-4d86-aec2-0d06c4129041,AU,https://www.sydneymetrocollege.edu.au,testing,english; fee; intakes,-,-,-,-,-,campus; duration; ielts_overall; mode,-,english_policy https://sydneymetrocollege.edu.au/course/ict40120-certificate-iv-in-information-technology-2/; english_policy https://sydneymetrocollege.edu.au/entry-requirements/; english_policy https://sydneymetrocollege.edu.au/student-enrolment-form-international-offshore/; fee_schedule https://sydneymetrocollege.edu.au/faq/; fee_schedule https://sydneymetrocollege.edu.au/student-enrolment-form-international-offshore/; fee_schedule https://sydneymetrocollege.edu.au/wp-content/uploads/2019/12/TPSStudentBrochure03.pdf; fee_schedule https://sydneymetrocollege.edu.au/wp-content/uploads/2023/04/FP1-Student-Refund-Policy.pdf; intake_calendar https://sydneymetrocollege.edu.au/; intake_calendar https://sydneymetrocollege.edu.au/application-form/; intake_calendar https://sydneymetrocollege.edu.au/wp-content/uploads/2025/02/SMC-STUDENT-APPLICATION-FORM_OnSHORE-V9.1-8thOctober-2024.pdf,0 + 0 delivery,27 / 35,-,-,-,register (before night run),2026-10-06 06:37
Sydney Metropolitan International College,77709694-382d-4f9b-a91d-b9bf7684e110,AU,https://smic.edu.au,testing,english; fee; intakes,site menu and banner dominate page text; Term 4 and February intake banner not course data,not published; banner only,not published; Tuition Fees is a menu link,course page on 1 only,"face-to-face plus online and self learning -> blended; read on 6 of 15 only, not admitted",ielts_overall; mode,mode; IELTS (small),-,0 + 0 delivery,15 / 17,Website set https://smic.edu.au; 0 rebound,stored pages are menu text; delivery on only 6 of 15; 106816A has no page,Capture rendered or per-course pages,C31.md,2026-10-06 05:22
TAFE NSW Technical and Further Education Commission; TAFE NSW Higher Education,430a7fd4-6c32-41d8-b756-0ebbd16b2c0c,AU,https://www.tafensw.edu.au/international,testing,english; fee; intakes,-,-,-,-,-,course_years; duration; fee_total,-,english_policy https://cd.tafensw.edu.au/api/-/media/Files/PDFs/International/TAFE-International-English-Language-Requirements.pdf; english_policy https://www.tafensw.edu.au/international/apply/entry-requirements; english_policy https://www.tafensw.edu.au/international/courses/english-courses; fee_schedule https://cd.tafensw.edu.au/api/-/media/Files/PDFs/About/Fees/TAFE-NSW-HE-FEES-2026.pdf?rev=b5fe5e59f274401192820e4b57d44235&sc_lang=en&hash=EE51E86212574E2CA001FBD5B73F537D; fee_schedule https://cd.tafensw.edu.au/api/-/media/Files/PDFs/International/International-Student-Application-Form.pdf?rev=3982afccf8494e37b4accbabab0e84b9&sc_lang=en; fee_schedule https://www.tafensw.edu.au/international/apply/non-tuition-costs; intake_calendar https://www.tafensw.edu.au/international/courses/academic-calendar; intake_calendar https://www.tafensw.edu.au/international/courses/academic-calendar/certificate-and-diploma; intake_calendar https://www.tafensw.edu.au/international/courses/academic-calendar/higher-education; intake_calendar https://www.tafensw.edu.au/study/enrol-apply/important-dates,3 + 0 delivery,100 / 107,-,-,-,register (before night run),2026-10-05 17:03
Tasmanian Government Education International,928b6d06-5b5d-420f-bc99-88eb87f184d4,AU,https://study.tas.gov.au,testing,english; fee; intakes,-,-,-,-,-,entry_requirement,entry_requirement only,-,0 + 0 delivery,1 / 5,1 re-read (4 pages),4 courses bound to wrong pages; fees by year level on central /study/fees/ page,Rebind Junior/Senior High to shared senior-high-school page,D3.md,2026-10-05 22:01
Taylorweir Hairdressing and Barber Training,80463c5b-dea9-4bc6-8b04-c87c89aa045a,AU,https://www.taylorweir.com.au,testing,english; fee; intakes,Fee Schedule PDF and Academic Calendar PDF,"central calendar page (Academic Calendar PDF, no stored link)","central fees page (Fee Schedule PDF, no stored link)",not published,-,duration; student_type,duration; student_type,-,0 + 0 delivery,4 / 5,-,Barbering bound to domestic page; Cert IV bound to /courses; Diploma Salon Management 24 weeks unverified,Check duration; capture PDFs,D2.md,2026-10-05 21:53
Te W?nanga o Aotearoa,ea0f4e14-e790-4c62-886f-3ec5bc040b4a,NZ,https://www.twoa.ac.nz,testing,english; fee; intakes,programme pages with Quick facts block (NZQA title); open only to NZ citizens/residents and Australian residents in NZ,"course page months (domestic start dates, e.g. February 2027 by campus)","domestic only (by year, GST inclusive); not read",not published,'Classroom learning' -> none (delivery_mode_from_text does not recognise it); not admitted,campus; duration; entry_requirement; intakes; mode; not_admitting; student_type; study_level,"text-only; intakes, campus, mode, duration, study_level, entry_requirement, student_type, not_admitting; no fee",-,0 + 0 delivery,4 / 85,0 rebound; no website change,Programmes closed to international students; catalogue NZQA titles do not match TWOA programme names/codes; 79 identity_mismatch from wrong or hub/campus bindings,Decide whether provider belongs in the international catalogue (suggest mark not open to internationals); rebind or build title/code crosswalk; normaliser change for 'Classroom learning',B6.md,2026-10-05 21:50
Te W?nanga o Raukawa,f145b8e9-36dd-4f96-b1f5-bb453ced3a45,NZ,https://www.wananga.com,testing,english; fee; intakes,"Wix pages with header strip: Course Code, Credits, Duration, NZQA Level, Delivery, Locations, Mode, Next Intake, Tuition Fees","course page months (Next Intake range, e.g. 8th Feb - 17th Oct 2027; only start date read, second date is year end)","domestic only (about $3,300-4,200); only 3 online te reo pages print an international fee (20-week totals)",not published,"'Residential seminars, self-directed learning, and online delivery' -> online (wrong; blended with on-campus noho); not admitted",campus; duration; entry_requirement; intakes; mode; study_level,"text-only; intakes, mode, campus, duration, study_level, entry_requirement; course_title_strip + title_strip rule dropping vowels, HTML entities and bracketed abbreviations (macrons)",-,3 + 0 delivery,51 / 63,32 rebound via set_official_url to own /courses/<slug> pages from stored sitemap; no website change,Domestic only so nothing admitted; catalogue intakes wrong on 11 (October is year end); macrons stored as HTML entities/double vowels; delivery normaliser needs residential seminars/noho as on campus; 10 courses have no page,Decide fee convention for 20-week online te reo courses (total x2 vs 20/52 years; look part-time); normaliser change for noho; check retired courses,B12.md,2026-10-05 22:37
Te Whare W?nanga o Awanui?rangi,5c067273-5f41-4da0-a16c-b2eac17f4306,NZ,https://www.wananga.ac.nz,testing,english; fee; intakes,"course pages print duration, Commitment (mode) and Locations; start dates on per-course date-information/delivery-information sub-pages",not published on course pages (only Applications close dates; start dates on per-course sub-pages),"central fees page (/enrolment/fees/: provider-wide USD rates, not per course); course pages show domestic fee only",not published,"'Blended learning including noho, wānanga, online learning...' -> on_campus_and_online (should be blended, required mix); 'weekend noho ... self-directed' -> on_campus; not admitted",campus; duration; ielts_overall; mode,"text-only; duration, mode (Commitment line), campus (Locations line), ielts_overall (no matches); title_strip and course_title_strip (Māori prefix before ':' or ' - ', '(Level N)', vowels/macrons dropped)",none attached (no intake calendar or English policy in stored links); fees page /enrolment/fees/ holds general rates,0 + 0 delivery,36 / 52,26 rebound by hand to own sitemap course pages; no website change,"Start dates on second per-course page; international fee provider-wide USD only; delivery normaliser treats blended with noho as mixed; 13 courses no evidenced own page, 3 no page",Decide whether to read a second page per course for dates; decide on provider-wide international rate; normaliser to treat noho blended wording as blended then admit delivery,B16.md,2026-10-05 23:03
Thames International College Pty Ltd,ae65f9ae-08d8-4f70-9d95-039644804cd8,AU,https://thames.edu.au,testing,english; fee; intakes,course outline pages; no dates or tuition fee (only Office 365 software cost),not published,not published,not published,"classroom lessons and online learning; face-to-face and distance learning -> blended, not admitted (14)",duration; entry_requirement; mode,duration; mode; entry_requirement,-,0 + 0 delivery,16 / 16,Website set https://thames.edu.au; 0 rebound,only category and listing pages stored; no fees or key-dates page,Find a fees or key-dates page,C38.md,2026-10-06 05:19
"The English Language School, The Business School",3ce6d4a4-c6aa-47d7-8507-b0f394f24e6b,AU,https://www.tbs.edu.au,testing,english; fee; intakes,central fee table bound to 3 courses; VET pages online/self-paced funding view,not published,"central fees page (TBS fee table, 3 of 11 pages); ELICOS per week (250 to 300)",not published,"VET view domestic style, not read",course_years; fee_total,fee_total+course_years from central fee table,-,0 + 0 delivery,11 / 12,-,"Fee on only 3 of 11 pages (below half); catalogue holds 12,000 as annual for 78-week course; 0101893 bound to wrong page",Bind more courses to fee table or per-course international view,C57.md,2026-10-06 06:11
The International Travel College of New Zealand Limited,e037d54a-6735-4f60-818d-e2a077d436e8,NZ,https://www.itc.co.nz,testing,english; fee; intakes,Older 2020-courses path pages print Time to Complete and Domestic/International prices,not published,"course page whole-course total / years (21/48 wks; Intl $8,900/$15,850 -> 22,038; 17,171)",not published,-,course_years; fee_total,fee_total+course_years,-,0 + 0 delivery,2 / 3,none,Stored pages are older 2020-courses path; /course-options/ pages exist but not bound; Tourism Level 3 bound to overview (two strands),"Decide fee convention (21-week x2 = 17,800) and which page set is current",E7.md,2026-10-06 05:48
The Learning Connexion Limited,05a0d789-3de0-4813-a9a4-115060ab4d5f,NZ,https://www.tlc.ac.nz,testing,english; fee; intakes,course page; fee domestic NZ$,"central calendar page (Term dates page, URL not stored)",domestic only,not published,"Study From Home or On-Campus -> on_campus (wrong; online missed), not admitted",duration; mode,mode; duration,-,0 + 0 delivery,4 / 5,-,"Normaliser treats ""Study From Home"" as on_campus","Decide: count ""Study From Home"" as online in the normaliser",D1.md,2026-10-05 21:54
The Open Polytechnic of New Zealand,f6b3e3a9-cc45-4770-8fb6-0d068f50732f,NZ,https://www.openpolytechnic.ac.nz,testing,english; fee; intakes,-,-,-,-,-,aqf_level; intakes; mode; not_admitting; study_level,-,-,2 + 0 delivery,70 / 92,-,-,-,register (before night run),2026-10-05 17:00
The University of Western Australia,9109fe0c-9f44-4e2d-a136-eb00dec24701,AU,http://www.uwa.edu.au/,testing,english; fee; intakes,-,-,-,-,-,campus; duration; entry_requirement; exit_awards; ielts_overall; intakes; mode; study_level,term_months,english_policy https://www.uwa.edu.au/celt/programs/choosing-your-english-program; english_policy https://www.uwa.edu.au/study/how-to-apply/international-applicants; english_policy https://www.uwa.edu.au/study/how-to-apply/pathways-and-eligibility/english-language-requirements; fee_schedule https://www.ask.uwa.edu.au/app/answers/detail/a_id/3448/~/tuition-fees-for-international-self-funded-phd-student; fee_schedule https://www.ask.uwa.edu.au/app/answers/list/st/5/kw/fees/page/1; fee_schedule https://www.uwa.edu.au/study/scholarships-and-fees/international-student-fees; intake_calendar https://ipoint.uwa.edu.au/app/answers/detail/a_id/1405/~/2026-undergraduate-dates-and-teaching-weeks; intake_calendar https://www.uwa.edu.au/about/leadership-and-governance/governance/senate/senate-committees/academic-board-and-council/academic-year-calendar; intake_calendar https://www.uwa.edu.au/students/your-studies/important-dates,0 + 0 delivery,283 / 327,-,-,-,register (before night run),2026-10-05 16:57
Tr4 Right,-,-,-,testing,-,course page with blended delivery wording and campus; menu links to Fees and Intake Dates,"not published; menu page, no URL stored","not published; menu link, no URL stored",not published,"16h f2f + 4h online -> required mix, blended, not admitted (7); English pages on_campus (2)",-,mode; campus; duration,-,-,-,Website set https://tr4inright.edu.au; 0 rebound,"3 courses fetch_failed (carpentry, building and construction diploma)",Get Fees and Intake Dates page URLs,C47.md,-
Tr4in Right,83c9218f-128c-4b18-a49e-292625f25483,AU,https://tr4inright.edu.au,testing,english; fee; intakes,-,-,-,-,-,campus; duration; mode,-,-,0 + 0 delivery,9 / 14,-,-,-,register (before night run),2026-10-06 05:51
TrEd College,bba5dcf0-c9dc-4fa3-bd00-bc0638c78c22,AU,https://www.tredcollege.edu.au,testing,english; fee; intakes,"course page with Tuition, Material Fee, Application Fee unlabelled",not published,"not labelled international (Tuition $9,000; Material $1,000; Application $300); not read",not published,Face to Face -> on_campus (18; not admitted),duration; location; mode; not_admitting,mode; duration; location; not_admitting (text-only),english_policy https://www.tredcollege.edu.au/blog/why-studying-english-in-australia-is-a-game-changer-for-latin-american-students-2/; english_policy https://www.tredcollege.edu.au/diploma-of-nursing-hlt54121-sydney/; english_policy https://www.tredcollege.edu.au/wp-content/uploads/2022/04/English-Proficiency-DoN-Policy-.pdf; fee_schedule https://www.tredcollege.edu.au/wp-content/uploads/2022/06/CERTIII-ECEC-FLYER-V3.0-1.pdf; fee_schedule https://www.tredcollege.edu.au/wp-content/uploads/2023/09/TC-VSL-Student-Withdrawals-and-Refunds-Policy-Procedure.pdf; fee_schedule https://www.tredcollege.edu.au/wp-content/uploads/TrEd-College-Student-Prospectus-2023.pdf; intake_calendar https://www.tredcollege.edu.au/,0 + 0 delivery,20 / 26,1 rebound (109068H Diploma of Nursing: handbook page -> /courses/diploma-in-nursing/),"Every page says not accepting new enrolments; admission left off; 4 identity mismatches; 109068H rebound; no page for 104621F, 109160A, 103184H, 105719K",Decide whether to hide or retire the provider,C7.md,2026-10-05 22:25
UNITY SKILLS COLLEGE OF HOSPITALITY,c592c29a-6975-4f75-ab28-28ae94a474f4,AU,https://uscohospitality.edu.au/,testing,english; fee; intakes,-,-,-,-,-,aqf_level; campus; course_years; duration; entry_requirement; fee_total; mode,-,-,0 + 0 delivery,11 / 11,-,-,-,register (before night run),2026-10-06 06:38
University of Auckland,e096aba7-e1eb-4903-9a63-2bfb71e9a8b8,NZ,https://www.auckland.ac.nz,testing,english; fee; intakes,-,-,-,-,-,campus; duration; entry_requirement; fee; intakes; mode; study_level,-,-,62 + 21 delivery,327 / 458,-,-,-,register (before night run),2026-10-05 17:11
University of Otago,ab12c7f8-e368-453d-9dfe-4ab8bd744829,NZ,https://www.otago.ac.nz,testing,english; fee; intakes,"key-facts panel (study level, duration, location, domestic fee, international fee range, start dates); undergraduate pages state IELTS; many older pages have no panel",course page months (Semester 1/2 dates in panel; postgraduate dates central),course page annual (international fee 2027 in panel; range printed; one-semester = programme fee),"course page (undergraduate only: IELTS 6.0, no band below 5.5); postgraduate central","distance wording only -> online; city alone ('Dunedin') normalises to nothing; 'Dunedin, Distance' -> online not mixed",campus; course_years; duration; entry_requirement; fee; fee_total; ielts_overall; intakes; mode; not_admitting; study_level,"identity title_strip; patterns intakes, fee, fee_total+course_years ('1 semester'), ielts_overall, study_level, duration, campus, mode, not_admitting, entry_requirement; range reads LOWER figure",english_policy https://www.otago.ac.nz/study/entry-requirements/language-requirements; intake_calendar https://www.otago.ac.nz/international/future-students/prepare-for-otago/key-dates-for-new-international-students,3 + 0 delivery,194 / 252,168 rebound via set_official_url to /courses/qualifications/<slug> (11 under /study/qualifications/); evidence in provider_discovery_links; no website change,"Re-read sent before adapter saved so 100 hand-bound pages hold no panel readings; fee on 14 of 194, intakes 1, IELTS 1; 1,193 Student Services Fee read as fee; 50 courses lack evidenced pages; duplicate Chaplaincy titles",Approve a third re-read of 168 hand-bound pages (~168 credits); confirm lower-of-range fee rule (Massey skips ranges); fix delivery normaliser for city names,B2-r2.md,2026-10-05 22:39
Vertical Horizonz New Zealand Limited,5d2e640f-871a-4b25-963c-e3c2dad5ff9c,NZ,https://www.verticalhorizonz.co.nz,testing,english; fee; intakes,domestic programmes (Funded or apprenticeship block fees); level differences cause mismatches,not published,domestic only (Funded),not published,not published,duration,duration (text-only),none,0 + 0 delivery,8 / 18,0 rebound; re-read sent,10 identity mismatches (e.g. 3533 Level 3 vs Level 4); 3 with no better page; domestic only,Confirm whether any programme is open to international students,C25.md,2026-10-06 00:20
Victoria University of Wellington,34616965-b2b7-42a7-8da7-50ffbf120958,NZ,https://www.wgtn.ac.nz,testing,english; fee; intakes,"Programme pages (?international=true view) with facts panel, start dates, per-point or full-programme fees; PG certs only via Requirements tab with no facts panel",course page months (62 read; 48 agree/11 differ/3 new),"course page annual (NZ$ per 120 points); full programme = annual for 2-3 trimesters, else total / years (63 read)",central english page (approved policy; not read by adapter),Location: Wellington campuses / Online only / campuses and online -> mode; blend wording excluded (55 read),campus; course_years; duration; entry_requirement; fee; fee_total; intakes; location; mode; other_requirements; student_type,render; page_view render ?international=true wait_ms 3000 url_pattern wgtn\.ac\.nz/explore/; fee_total+course_years (3 trimesters = 1 year); intakes from start-studying dates; student_type,english_policy https://www.wgtn.ac.nz/study/apply-enrol/english-language-requirements; intake_calendar https://www.wgtn.ac.nz/international/prepare-to-study/orientation/orientation-and-start-dates,23 + 11 delivery,128 / 273,"128 courses rebound (63 masters/doctorates, BA, LLB, BA Hons, GradDip Teaching, 53 PG certs/diplomas on Requirements tab); no website set","Coverage under half after exclusions (fee 48%, delivery 44%, intakes 40%); PG cert pages lack facts panel; 145 courses unbound; 4 pages await render, 2 failed; about 195 credits","Decide: accept 73 panel pages as measure and admit intakes, fee, delivery; or bind overview addresses for PG certs",VUW.md,2026-10-05 23:52
Victory Life International Bible Training Centre,b9b6a250-2d29-4abb-bef5-9c153e1b3624,AU,https://www.vlibtc.wa.edu.au,testing,english; fee; intakes,Course pages print duration only; international-students page says two intakes a year,central calendar page (February and July),not published (only $250 application fee),not published,not published,duration,duration only,intake_calendar https://www.vlibtc.wa.edu.au/international-students,0 + 0 delivery,3 / 4,none,Certificate IV Stream 107582F bound to international-students page (mismatch); no tuition fee printed,Admit intakes after central page is read and approved,D12.md,2026-10-06 00:11
Vigil International College Pty Ltd,f5baac0d-dd2f-406a-93b8-75f33d3d698d,AU,https://vigilinternationalcollege.edu.au,testing,english; fee; intakes,"course page with two international options per course (onshore and offshore) or unlabelled 8,000 / 9,900; delivery heading is a tab menu",render needed (Key Dates tab),"two international options (onshore/offshore whole-course totals, e.g. carpentry 10,000 / 20,000; not read)",not published (IELTS 6 pattern dropped: source unseen),render needed (Course Duration and Delivery tab; menu text only),duration,duration (text-only),-,0 + 0 delivery,16 / 19,website set https://vigilinternationalcollege.edu.au,"Pages repeat another course's text (Cert III Business FAQ); first mode pattern read menu text, removed; catalogue IELTS includes 52 and 60 (PTE stored as IELTS)",Rendered read of duration/delivery tab and Key Dates; check catalogue IELTS,C23.md,2026-10-06 00:13
VIITE,36f12968-c06b-4526-b2ab-74e2b01955c6,AU,https://viite.edu.au,testing,english; fee; intakes,course page with 2026 Offshore Student Tuition Fee; start dates in a widget; Delivery Mode heading has no value,render needed; widget with no month text,course page whole-course total / years (2026 Offshore Student Tuition Fee; material and enrolment fees left out),generic reader on 14 pages,not published; heading with no value,campus; course_years; duration; fee_total,fee_total; course_years; duration; campus,-,0 + 0 delivery,14 / 16,Website set https://viite.edu.au; 0 rebound,1 identity_mismatch hub; fee agreement far below 90 percent (~7 differ); bricklaying and wall and ceiling pages have no labelled fee,"Decide fee (page vs catalogue, 20,000 vs 19,900 and 16,500)",C37.md,2026-10-06 05:15
Vision College Limited,1dff6a85-6da2-4181-aea4-e1c52c103a81,NZ,https://www.visioncollege.ac.nz,testing,english; fee; intakes,international programme pages with International Fees line and Upcoming Intakes,"course page months (2850: Feb, Mar, May, Jul, Sep; 1 course)","course page whole-course total (International Fees line, $20,800 for 2598 and 2604; $8,081 for 2849); programme length needed for annual",not published,not published,campus; duration; entry_requirement; fee_total; intakes; mode,"intakes; fee_total; duration; campus; entry_requirement; mode (saved, not admitted)",none,0 + 0 delivery,9 / 18,"7 rebound to international programme pages (2218, 2598, 2604, 2772, 2849, 1748, 2851)",Second read sent 12 pages back as fetch_failed (site refuses reader) so stored text lost; several NZ certificates 20 to 52 weeks,Rendered or browser read of international pages; then course years,C24.md,2026-10-06 00:24
West Australian Institute of Further Studies,bd32bbd0-d59f-4201-bb23-8eadd2a4afb7,AU,http://www.waifs.wa.edu.au,testing,english; fee; intakes,Course pages with International Fees Tuition Fee; intake says Monthly/Quarterly/Weekly,not published (Monthly/Quarterly/Weekly),course page whole-course total / years,not published,Not read,campus; course_years; duration; fee_total,fee_total [International Fees Tuition Fee]+course_years; duration; campus,english_policy https://waifs.wa.edu.au/category/english/; english_policy https://waifs.wa.edu.au/wp-content/uploads/2020/01/2020-International-Application_V9-Digital-2.pdf; english_policy https://waifs.wa.edu.au/wp-content/uploads/2024/07/2024-International-Application-Form.pdf; fee_schedule https://waifs.wa.edu.au/fees-and-intake-dates/; fee_schedule https://waifs.wa.edu.au/wp-content/uploads/2021/02/2021-International-Fees.pdf; fee_schedule https://waifs.wa.edu.au/wp-content/uploads/2024/08/2024-International-Fees.pdf; intake_calendar https://waifs.wa.edu.au/; intake_calendar https://waifs.wa.edu.au/about-us/faqs-3/; intake_calendar https://waifs.wa.edu.au/fees-and-intake-dates/,0 + 0 delivery,19 / 28,0 rebound; no website change,"Catalogue holds whole-course totals (109703H, 114675J); fee agreement 67%; 114674K under 0.25 years not annualised",Decision: fix catalogue values or accept annualised readings,C3.md,2026-10-05 21:58
Western Hill College,aa6af22f-a6ee-4034-a244-1f92fe1320cb,AU,https://whcollege.edu.au,testing,english; fee; intakes,Course pages print duration (weeks) and entry requirements only,not published,central fees page (Fees and Payment; address not stored),not published,not published,duration; entry_requirement,duration; entry_requirement,-,0 + 0 delivery,4 / 4,website set whcollege.edu.au,Fees and Entry Requirements pages in menu but addresses not stored,Capture Fees and Payment page address,D16.md,2026-10-06 00:08
Yoobee Colleges Limited,e503631d-05b4-44dd-b438-77c9dfc0c1e5,NZ,https://www.yoobee.ac.nz,testing,english; fee; intakes,one page per programme: Course Start Dates block with campus tabs (Online/Wellington/Auckland/Christchurch); fees block domestic then international,course page months (dated starts by campus tab),course page annual (International students Tuition Fees $/year NZD; one-year programmes 34-45 weeks taken as annual; multi-year shows total),course page,start-date campuses: Online only -> online; Online plus street campuses -> on_campus_and_online; street campuses only -> on_campus,duration; entry_requirement; fee; ielts_overall; intakes; location; mode; study_level,"text-only; intakes, fee, ielts_overall, mode, location, duration, study_level (NZQA award), entry_requirement; course_title_strip '\s*\(Level \d+\)\s*$'",-,2 + 0 delivery,17 / 52,10 rebound via set_official_url to own sitemap pages (named NZQA award in text); no website change,Worker applies adapter only when its own identity check passes so 9 of 10 hand-bound pages keep general-reader values; adapter coverage 7/17 short of half; ~25 courses belong to sister schools on other websites; branded headings differ from NZQA titles,Worker change to pass candidates for identity_basis manual pages (7/17 to ~16/17); decide whether to bind sister-school courses to their sites or split providers; revisit admission after,B17.md,2026-10-05 23:07
YWAM Training Perth,3978877b-c729-49a8-a097-0a33a0401abc,AU,https://www.ywamperth.org.au,testing,english; fee; intakes,-,-,-,-,-,intakes,-,-,0 + 0 delivery,2 / 11,-,-,-,register (before night run),2026-10-06 06:42
Academy of Education and Innovation Australia,-,-,-,no_adapter,-,captured page holds only heading and footer (page-builder content not in stored text),not published,not published,not published,-,-,-,-,-,-,website set https://aei.edu.au; re-read sent,"10 identity mismatches although titles name the right course (e.g. BSB50420); no fee, dates or IELTS on read pages",Browser-rendered read or change to the identity check; no rebind needed,C23.md,-
All Saints College,-,-,-,no_adapter,-,One shared international-enrolments page; AEAS test requirement only,not published,not published,not published,-,-,-,-,-,-,none,Scholarships page has no fees,Find fees page,E5.md,-
Alpha Educational Institute,-,-,-,no_adapter,-,Pages print weeks and credits only,not published,not published,not published,-,-,-,-,-,-,none,NZCEL Level 4 page identity_mismatch; 1 course inactive,Find replacement URL,E7.md,-
Alpha English Academy,-,-,-,no_adapter,-,Pages print start any Monday and 4 to 60 weeks only,rolling/no months (any Monday),not published,not published,-,-,-,-,-,-,website set https://alphaenglish.edu.au,"EAP page identity_mismatch (title matches, code not printed)",Find fees page,E6.md,-
Ama Training Group (NZ),72a15f12,-,-,no_adapter,-,programme pages each cover several NZ certificates; domestic only (NZ citizen eligibility),not published,not published,not published,-,-,-,-,-,-,re-read sent (with GBCA; 29 pages),Domestic only (fees-free youth/foundation); 15 pages identity_mismatch; 5 Te Pokaitahi courses no page,Nothing to admit,C19.md,-
Australasia Language College,-,-,-,no_adapter,-,"Pages print term starts, 12 weeks per level, 20 hours a week",rolling/no months (first Monday of each Term; Every Monday),not published,not published (entry levels to EAP only),-,-,-,-,-,-,none,No term-date page in stored URLs,Find term-date and fee pages,E2.md,-
Australia Institute of Business & Technology - International,-,-,-,no_adapter,-,"Pages on aibti.edu.au carry CRICOS codes (103393K, 104499C); two international options each",not published,"two international options (Offshore $29,000 / Onshore $27,000 for 104 wks; $13,000 / $12,000 for 52 wks)",not published,-,-,-,-,-,-,none,Domain not clearly this provider's own name so website not set; catalogue whole-course totals,Confirm website; decide offshore vs onshore fee,E12.md,-
Australia International College of Business & Technology (AICBT),-,-,-,no_adapter,-,Sampled Advanced Diploma page is RPL / 100% online offshore pathway; fee text cut off at 600 chars,not published,"not published (stored fees 13,500; 14,000; 14,000; 4,700 do not fit CRICOS totals)",not published,not published,-,none,-,-,-,4 rebound to own /our-courses/ pages (Diploma of Business was on Leadership page); website set aicbt.edu.au; 4 hand locks,"Online/offshore view; stored Leadership fee 4,700 looks wrong",Decide whether online/offshore view is in scope,D16.md,-
Australian Careers Business College (ACBC),14f4bb13,-,-,no_adapter,-,"course pages show ""Key Information (Domestic Students)"" only",not published,central fees page (/international-students-course-fees/),not published,-,-,none,-,-,-,-,Course pages domestic view only; Diploma of Practice Management and Cert IV Allied Health Assistance no page,Attach /international-students-course-fees/,D5.md,-
Australian Data and Cyber Institute,-,-,-,no_adapter,-,"International whole-course fee $75,600 printed; duration only 0.125 EFTSL per unit",not published,"course page whole-course total / years (75,600; no years printed)",not published,-,-,-,-,-,-,none,"No duration in years so no annual figure; catalogue already 75,600",Confirm course duration,E12.md,-
Australian Film Television and Radio School,-,-,-,no_adapter,-,Both bound to /info/master-of-arts-screen-business/,not published,"domestic only ($36,096 per year flagged local/FEE-HELP)",not published,-,-,-,-,-,-,none,Website blank: only one distinct page read; /award-course/master-of-arts-screen-business/ possible rebind target,Check international view,E11.md,-
Australian Institute of Advanced Studies Pty Ltd,-,-,-,no_adapter,-,stored course pages carry only career outcomes and national median salary figures,not published,not published,not published,-,-,-,-,-,-,1 rebound (112021H Adv Dip Engineering from staff page); re-read sent,"Catalogue fee 106956M $49,800 is a median salary figure (wrong, needs removal); 3 identity mismatches","Find where intakes and fees print (/cricos-courses, /browse-aias-courses, or rendered tab)",C24.md,-
Australian Institute of Technology and Commerce,-,-,-,no_adapter,-,Course pages print only a duration for one course,central calendar page (academic calendar; no stored URL),central fees page (Fees and Payment 2026; no stored URL),not published,-,-,-,-,-,-,website set https://aitc.nsw.edu.au (3 pages print own CRICOS codes),Fees and calendar central pages have no stored URL,"Re-read so links are captured, then attach central pages",E1.md,-
Australian National College of English,-,-,-,no_adapter,-,Pages (2.7k characters) print descriptions and weeks only,not published,not published,not published,-,-,-,-,-,-,none,"No fee, intakes, delivery or IELTS",Find fees page,E10.md,-
Australian National College Pty Ltd,-,-,-,no_adapter,-,"all 8 pages bound to one marketing listing (about 2,400 chars, headings only); other page a 2022 PDF",-,-,-,-,-,-,-,-,-,re-read sent,Hopeless for now: only 2 URLs on record; PDF fetch_failed,Find individual course pages or the international fee/intake document,C24.md,-
Axis Institute,33bf72e6,-,-,no_adapter,-,no course detail pages; hospitality listing prints Duration / Study Mode / Campus for several courses together,-,-,-,-,-,-,-,-,-,website set https://axisinstitute.edu.au; re-read sent,"2 read pages are blog posts; 2 mismatches; 15 courses no page; discovery found 86 URLs, 21 kept, all blog/listing",Course page discovery needed,C22.md,-
Bayside College,44aae15f,-,-,no_adapter,-,page without fee or delivery line,rolling/no months (any Monday),"not published (""contact us for a quote"")",not published,not published,-,none,-,-,-,Rebound 076462G from home page to /general-english; 1 re-read,CAE (102583A) and FCE (102582B) have no pages,-,D9.md,-
Bendigo TAFE / Kangan Institute,a1efd433,-,-,no_adapter,-,general domestic course pages; Course Snapshot filled in browser (empty in stored text),render needed (Course Snapshot start date; live shows No courses available),not published (no international fee),not published,Blended - Internal and External seen only in live capture,-,-,-,-,-,-,"Stored pages domestic view; 6 courses on wrong pages (EAP on TESOL, General English on /free-tafe, IELTS Prep on blog, 2 fashion diplomas on testimonial)",Decide on page_view render for snapshot; find international course pages,C19.md,-
Besafe Training Limited,-,-,-,no_adapter,-,"Pages sell NZ-citizen/resident programmes ($1,750 + GST L3; $2,950 + GST L4)",not published,domestic only,not published,-,-,-,-,-,-,none,Domestic only,Find international pages,E10.md,-
Biba Academy of Hairdressing,-,-,-,no_adapter,-,"Both pages titled Domestic Students; no international fee, dates or IELTS",not published,domestic only,not published,-,-,-,-,-,-,website set https://www.bibaacademy.com.au,Domestic view only,Find international view,E8.md,-
Billanook College,-,-,-,no_adapter,-,One shared page listing the two CRICOS codes only,not published,not published,not published,-,-,-,-,-,-,none,No values,Find fees page,E10.md,-
Blackfriars Priory School,-,-,-,no_adapter,-,One shared international page; no per-course values,not published,not published,not published,-,-,-,-,-,-,none,"No tuition, dates or IELTS",Find fees page,E8.md,-
Brisbane Christian College,-,-,-,no_adapter,-,"3 curriculum pages read (not international); no fees, dates or IELTS",-,-,-,-,-,none,-,-,-,none,No stored links,Discover international/fees page,D19.md,-
Brisbane Grammar School,-,-,-,no_adapter,-,Shared page says first instalment applies at start of school year (January); fees on separate School Fees page,-,-,-,-,-,none,-,-,-,none,Intakes January is not a statement of only intake; mode pattern would catch navigation text so not saved,Find School Fees page,D20.md,-
Byron Yoga Centre,3e3084f1,-,-,no_adapter,-,"118166J page holds menu text only (~4,000 characters)",not published,not published,not published,-,-,none,-,-,-,1 re-read,102571E bound to Online Cert IV page; /byron-full-time-cert-iv-international/ unclear which code; Diplomas no pages,Rendered read of the international page,D9.md,-
Caloundra Christian College,-,-,-,no_adapter,-,Shared enrolment process page,not published,not published,not published,-,-,-,-,-,-,none,"No fee, IELTS or dates",Find fees page,E3.md,-
Caloundra City Private School,-,-,-,no_adapter,-,"One international page: about, address, CRICOS number only",not published,not published (fees page URL not stored),not published,not published,-,none,-,-,-,none,Fees page URL not stored,Find fees page URL,D13.md,-
Canterbury College,-,-,-,no_adapter,-,Shared international programs page lists courses,not published,central fees page (International Student Fees document; not stored),not published,-,-,-,-,-,-,none,Fees document not a stored read page,Capture fees document,E2.md,-
Canterbury Institute of Management NZ,-,-,-,no_adapter,-,Course pages carry menu text only,not published,central fees page (Tuition Fees; not in stored links),not published,-,-,-,-,-,-,"1 rebound (NZ Diploma in Business L5, 2459 to /courses/diploma-of-business-level-5/)",Tuition Fees page URL not stored,Read Tuition Fees page if URL appears,E6.md,-
Caulfield Grammar School,-,-,-,no_adapter,-,One shared How to Apply page,not published (April and October are fee instalment dates),central fees page (Tuition & Boarding Fees heading only),not published,-,-,-,-,-,-,none,Fee table not in stored text,Read fees document if linked,E9.md,-
Chopperline / Coastline / Airways Aviation,-,-,-,no_adapter,-,CPL page carries no values,not published,not published,not published,-,-,none,-,-,-,Rebound Diploma of Aviation (CPL Aeroplane) to /course/commercial-pilot-licence-aeroplane-cpl-a/; 1 re-read,Other three bound to news or MOU pages; global non-Australian site,-,D11.md,-
Christ Church Grammar School,-,-,-,no_adapter,-,Shared page lists CRICOS codes; boys-only boarding programmes; no per-course values,not published,central fees page (Schedule of Fees; not stored),not published,-,-,-,-,-,-,none,Fees page not stored,Capture Schedule of Fees page,E1.md,-
Coomera Anglican College,-,-,-,no_adapter,-,One shared page /enrol/international-enrolment holds a menu only,not published,central fees page (International Enrolment Fees; URL not stored),not published,not published,-,none,-,-,-,none,"Fees, policies and dates on linked pages not among the 5 stored URLs",Add fees page to provider URLs,D18.md,-
Eltham College,-,-,-,no_adapter,-,One shared international admissions page; headings for dates and fees but no amounts,central calendar page (International Student Dates; likely downloads),central fees page (International Student Fees; likely downloads),not published,-,-,-,-,-,-,none,Dates and fees likely in downloads not stored,Attach downloadable fee and dates documents if wanted,E9.md,-
Excel (Excel Ministries Charitable Trust),4db5b277,-,-,no_adapter,-,"course pages print no fees, dates, English or delivery",not published,central fees page (/course-fees; fees not an attachable kind),not published,not published,-,none,-,-,-,"Rebound 3413, 3425, 3418, 3431 from /qualifications listing to /dance-certificate, /dance-diploma, /music-certificate, /music-diploma; 1 re-read",Nothing to read on course pages,-,D10.md,-
FC Education; FIT College,-,-,-,no_adapter,-,Domestic Queensland-funded view (Not suitable for international students),rolling/no months (enrol any time),domestic only (Non-Concessional Rate $1750),not published,-,-,-,-,-,-,website set https://www.fitcollege.edu.au,Domestic only; catalogue intakes look like domestic pattern,Find international pages,E4.md,-
Feats Ltd (Te Herumapara),-,-,-,no_adapter,-,"page: full time 20 weeks, start any time, learners aged 16-24, no fee",rolling/no months,domestic only (youth),not published,-,-,none,-,-,-,Rebound Foundation Skills Level 1 and 2 to /level-1-2-foundations; 1 re-read,Looks domestic only; Horticulture and Primary Industry courses no own page,-,D11.md,-
Fountain College (WA),-,-,-,no_adapter,-,Shared international page; nothing per course,not published,not published,not published,-,-,-,-,-,-,none,No per-course values,Find fees page,E4.md,-
Fox Education and Consultancy,-,-,-,no_adapter,-,"Pages print single full fee paying figure (Cert III $4,600; Diploma of Nursing $28,027)",not published,not labelled international (low confidence),not published,-,-,-,-,-,-,none,Audience of fee unclear,Confirm audience of fee,E11.md,-
Fraser Coast Anglican College,-,-,-,no_adapter,-,"International page lists CRICOS courses; no fees, dates or IELTS (3 courses share /international/)",-,-,-,-,-,none,-,-,-,none,International Fees Years 4-6/7-10/11-12 pages in menu but URLs not stored,Discover fee page addresses,D19.md,-
Genazzano FCJ College,-,-,-,no_adapter,-,One shared international page for both school courses,not published,not published,not published,general face-to-face sentence only,-,-,-,-,-,none,No per-course values,Find fees page,E10.md,-
Georges River Grammar,-,-,-,no_adapter,-,One shared overseas-students page; AUD$200 application fee only,not published,not published,not published,-,-,-,-,-,-,none,No per-course values,Find fees page,E5.md,-
German International School Sydney,-,-,-,no_adapter,-,One shared overseas-students page; nothing per course,not published,not published,not published,-,-,-,-,-,-,none,No per-course values,Find fees page,E5.md,-
Global Business College of Australia,4ad6fb76,-,-,no_adapter,-,14 courses bound to /download/<factsheet> landing pages holding only site menu; factsheet is a file,-,-,-,-,-,-,-,-,-,website set https://gbca.edu.au; re-read sent (with AMA),109993D bound to DOMESTIC self-paced online page ($990); 3 courses no page; only /courses/certificate-iii-in-individual-support/ exists as HTML,Read international factsheet PDFs or find HTML course pages,C19.md,-
Good Shepherd College - Te Hepara Pai,-,-,-,no_adapter,-,"Programme pages describe credits and study load; no dates, fee or IELTS",not published,not published (fees and enrolment pages not stored),not published,"on campus and distance mix described -> blended, not read",-,none,-,-,-,none,Fees and enrolment pages not stored (only certified-documents and timetables),Find fees and enrolment page URLs,D13.md,-
Graceview Adventist College,50a0dd94,-,-,no_adapter,-,one shared /our-learning/international page,not published,not published (behind Fees link not stored),not published,-,-,none,-,-,-,-,"Shared page prints no fees, dates, IELTS or delivery; Senior 082537K identity_mismatch",-,D10.md,-
"Griffith College, QIBT",-,-,-,no_adapter,-,domestic view only; international panel behind a Switch toggle,not published,"behind toggle/render; stored pages show domestic 2026 tuition (A$25,500)",not published,none usable,-,-,-,-,-,"0 rebound; 110819H and 079939G on wrong pages, no own page evidenced",domestic view stored; toggle parameter unknown; duration prints two options,Find the toggle parameter for a page_view test,C38.md,-
Hillcrest Christian College,-,-,-,no_adapter,-,International microsite and careers site pages; nothing printed,not published,not published,not published,-,-,-,-,-,-,none,Fees may be in a document not stored,Find fee document,E4.md,-
Holmes Institute,ef420a23,-,-,no_adapter,-,no pages bound; site discovery failed (no course-like pages found),-,-,-,-,-,-,-,-,-,re-read sent (nothing to read),Website www.holmesinstitute.edu.au gives no course pages; no other domain evidenced,Confirm the live website (not guessed),C22.md,-
ILSC - Australia / Greystone College,5d0e3147,-,-,no_adapter,-,no course pages stored; only https://ilsc.com.au in provider URLs,-,-,-,-,-,-,1 central page found by re-read,-,-,-,Hopeless for now: no course pages,"Course discovery on ilsc.com.au / Greystone pages, then adapter in a later wave",C9.md,-
Immanuel College,-,-,-,no_adapter,-,Shared international page; only 20 weeks of Intensive English mentioned,not published,not published,not published,-,-,-,-,-,-,none,No fee or dates,Find fees page,E9.md,-
Innovative College Pty Ltd,-,-,-,no_adapter,-,"course page prints level, duration, code and CRICOS; Fees: Contact us",not published; in a downloadable brochure,not published; Fees: Contact us,not published; navigation text only,not published; in brochure,-,-,-,-,-,Website set https://invcollege.edu.au; 0 rebound,fees and intake pages linked but no URLs stored; 110729K EAP no page,Obtain Fees and charges and intake page addresses,C46.md,-
Invicta Technical College,2ca823cc,-,-,no_adapter,-,no usable pages; all 20 stored invicta.edu.au addresses return 404,-,-,-,-,-,-,-,-,-,-,Hopeless for now: stored course addresses dead; no website on record,"Rediscover course pages (re-read with central=true), then build adapter in a later wave",C5.md,-
Ivanhoe Girls Grammar School,-,-,-,no_adapter,-,"Shared policy page (staff, grievance, ESOS)",not published,not published,not published,-,-,-,-,-,-,none,"No fee, dates or delivery",Find fees page,E9.md,-
Ivanhoe Grammar School,-,-,-,no_adapter,-,Shared application-form page only,not published,not published,not published,-,-,-,-,-,-,none,No per-course values,Find fees page,E10.md,-
Jazz Music Institute,-,-,-,no_adapter,-,Stored fees domestic; page refers to International Students page (not stored),"course page months (January, July; standard reader)",domestic only; central fees page (International Students page; not stored),not published,-,-,-,-,-,-,none,International Students page not in stored data or links,Capture International Students page,E12.md,-
John Paul College / JPIC,1791f436,-,-,no_adapter,-,"pages print no fees, dates or IELTS (English as CEFR A1-A2)",not published,not published,not published,-,-,none,-,-,-,Rebound High School Preparation from Spanish /Es/ to English page; 1 re-read,"Primary, Junior and Senior Secondary have no stored pages",-,D5.md,-
Kilvington Grammar School,-,-,-,no_adapter,-,Shared international enrolment page (about 360 characters),not published,not published,not published,-,-,-,-,-,-,none,No per-course values,Find fees page,E11.md,-
Knights College,-,-,-,no_adapter,-,"Cert II Security Operations page prints numeric start dates, 4-week course, 10 online + 8 on-campus mix; no fee",numeric dates (05/10/2026),not published,not published,"10 online + 8 on-campus -> blended, not admitted",-,-,-,-,-,1 rebound (Cert II Security Operations 0101571 to own page); website not set (1 read page),118894K has no confirmed page; Cert III Security and Cert IV Accounting have none,Find own pages for other three courses,D15.md,-
Language Links,-,-,-,no_adapter,-,General English starts any Monday; EIAP no start dates; Cambridge prep lists dates,rolling/no months (any Monday); stale year (Cambridge dates 2025),central fees page (/course-fees; fits neither central kind),not published,not published,-,none saved,not attached: /course-fees (no matching central kind),-,-,none,"Trial intakes reading wrong (captures end month, December); catalogue Jan, Mar, Jun, Sep",Decide on central page kind for fees,D20.md,-
Lawson College Australia,-,-,-,no_adapter,-,"pages link to PDF fact sheet (location, duration, tuition)",not published,not published (in PDF fact sheet),not published,-,-,none,-,-,-,No rebind (0102145 bound to category listing),Values only in PDF fact sheets,Read PDF fact sheets or ask for text copy,C58.md,-
Lourdes Hill College,-,-,-,no_adapter,-,Shared international page lists CRICOS codes and durations (2/4/2 years),not published,central fees page (Fee Schedule; not stored),not published,-,-,-,-,-,-,none,"No per-course fee, dates or IELTS",Capture Fee Schedule page,E3.md,-
Marist College Ashgrove,-,-,-,no_adapter,-,"One shared international enrolment page; application fee $250 and acceptance fee $5,000",not published,not published,not published,-,-,-,-,-,-,none,"Catalogue whole-course totals (e.g. 151,216)",Find fees page,E8.md,-
Melbourne College of Further Education (MCFE),-,-,-,no_adapter,-,multi-course international listing page (stale 2025 intakes); Cert III pages show domestic self-funded wording,stale year (2025 intakes on listing page),"domestic only on rebound pages ($4,000, $3,900); listing fee not tied to a course",not published,-,-,none,-,-,-,Rebound 113316G Cert III Individual Support from blog to /portfolio/cert-iii-individual-support/; 1 re-read,"Catalogue $12,500 on Diploma of Hospitality Management is whole-page figure (catalogue wrong)",-,D11.md,-
Melbourne Girls Grammar,-,-,-,no_adapter,-,"Shared page prints 2027 international annual fees by year level (Prep $45,600; Yrs 1-2 $47,880; Yrs 3-4 $51,232; Yrs 5-6 $57,384; Yr 7 about $60.8k)",not published,central fees page (by year level; each course spans several bands),not published,-,-,-,-,-,-,none,"No single annual figure per course; catalogue $329,000 whole-course (wrong)",Decide: store a year-level fee (e.g. entry fee) or leave school fees blank,E9.md,-
Meriden School,-,-,-,no_adapter,-,One shared page /enrolment/international-students/ (CRICOS match); prints no fee or start months,not published,not published,central english page; IELTS table by year level (Year 7-8 band 5.5; 9-10 band 6) not mapped to one value,not published,-,none,"english_policy attached (English language proficiency policy, March 2024)",-,-,none,"IELTS is a year-level table, not one value per course",Find fees schedule page/PDF; read english_policy,D18.md,-
Milner International College of English,-,-,-,no_adapter,-,"ELICOS; no fee, IELTS or delivery wording",rolling/no months (any Monday),not published,not published,-,-,-,-,-,-,none,Nothing for the adapter to read,Find fees page,E3.md,-
Momentum Education,-,-,-,no_adapter,-,"Pages show domestic $5,500 per person VET price; Cert IV page nearly empty",not published,domestic only,not published,-,-,-,-,-,-,none,No international view; catalogue whole-course totals,Find international pages,E12.md,-
Nambour Christian College,-,-,-,no_adapter,-,One shared long-term international page; nothing per course,not published,not published,not published,-,-,-,-,-,-,none,No per-course values,Find fees page,E2.md,-
NSW Business College / Sydney College,-,-,-,no_adapter,-,course page with short description and a Course Details button only,not published,not published,not published,not published,-,-,-,-,-,0 rebound,"stored text holds no fee, dates, delivery, duration or IELTS",Locate the course detail documents or fees page,C44.md,-
Our Lady of the Sacred Heart Catholic College,c7f10103,-,-,no_adapter,-,one shared International Students page,not published,not published,"conditional/example only (year-level ranges e.g. ""Years 7 & 8: IELTS 4-5"")",-,-,none,-,-,-,-,Shared page prints no fees or dates; English is range table,Nothing an adapter can read,D4.md,-
Outsource Institute of Technology,-,-,-,no_adapter,-,"Domestic workplace-training pages (Study Mode, Start Date, 12 to 48 months)",rolling/no months (Anytime; Contact Us),not published,not published,Workplace Delivery -> not understood,-,-,-,-,-,website set https://outsourceinstitute.edu.au,Domestic pages; Cert III Engineering Fabrication identity_mismatch,Find international pages,E5.md,-
Oxley Christian College,-,-,-,no_adapter,-,/resources/fees prints 2026 international annual tuition by year band against CRICOS codes,not published,"central fees page (016943K Yr 1-3 $23,990, Yr 4-6 $24,510; 016944J Yr 7-10 $32,440, Yr 11-12 $35,265)",not published,-,-,-,-,-,-,none,Two figures per course so fee excluded; primary course bound to ESOS page,Decide whether a year-band fee should be stored (e.g. lowest band),E11.md,-
Pacific Hills Christian School,-,-,-,no_adapter,-,Shared page with annual fee table by year level; no per-course code,not published,"central fees page (by year level: K-6 26,990; 7-10 36,990; 11-12 40,100; audience unconfirmed)",conditional/example only (IELTS 5.5 for 16+ in general),-,-,-,-,-,-,none,Adapter cannot key year-level rows to a course; not confirmed international,Decide mapping of year-level fee table to courses,E3.md,-
Peace Lutheran College,-,-,-,no_adapter,-,Shared page; $300 application fee and IELTS report request only,not published,not published,conditional/example only,-,-,-,-,-,-,none,No per-course values,Find fees page,E3.md,-
Penrhos College,-,-,-,no_adapter,-,"Shared international-students page, no per-course values",not published,central fees page (Fees and Charges; not stored),not published,-,-,-,-,-,-,none,Fees and Charges page not stored,Capture fees page,E1.md,-
Pittwater House Schools,-,-,-,no_adapter,-,One shared overseas-students page; Primary bound to junior-school tour page,not published,central fees page (separate fee document),not published,-,-,-,-,-,-,none,No per-course values; Primary own page not evidenced,Capture fee document,E6.md,-
Pymble Ladies' College,-,-,-,no_adapter,-,One shared page; generic wording only (school year starts January),rolling/no months,not published,not published,-,-,-,-,-,-,none,Primary course bound to After School Care page (wrong),Find correct Primary page,E6.md,-
Rivermount College,-,-,-,no_adapter,-,Shared page; no per-course values,not published,central fees page (Fees; not stored),not published,-,-,-,-,-,-,none,Fees page not stored,Capture Fees page,E3.md,-
RMIT University Pathways (RMIT UP),-,-,-,no_adapter,-,English-language pages say See Fees and every 5 weeks; fee not printed; only IELTS Prep lists months,-,-,-,-,-,none,-,-,-,none,Catalogue holds whole-course totals; fee and delivery not on pages,Find fees page,D20.md,-
Rockhampton Girls' Grammar School,-,-,-,no_adapter,-,One shared international-enrolments page; no per-course values,not published,central fees page (Fees page not in stored URLs),not published,-,-,-,-,-,-,none,Fees page URL not stored,Add fees page URL,E1.md,-
Rockhampton Grammar School; Rockhampton English Language Academy,-,-,-,no_adapter,-,"All 4 courses share /enrolment/international listing CRICOS courses, no dates, fees, IELTS or mode",not published,"not published (fees page linked, URL not stored)",not published,not published,-,none,-,-,-,none,One shared international page (school); fees and term-dates URLs not stored,Add fees and term-dates URLs when they appear,D13.md,-
Saint Stephen's College,-,-,-,no_adapter,-,Page lists courses with CRICOS codes and ELICOS English entry table; no per-course data,not published,not published,central english page (ELICOS pathway scores only),not published,-,none,-,-,-,none,High School Preparation 117400A bound to performing arts page; no own page,Find own page for 117400A,D13.md,-
Samford Valley Steiner School,-,-,-,no_adapter,-,Shared page; links PDF International Fee Schedule 2026,not published,"central fees page (PDF, not read by platform)",not published,-,-,-,-,-,-,none,Fee schedule is a PDF the platform cannot read,Attach fee schedule if readable,E1.md,-
SCECGS Redlands,65c257b2,-,-,no_adapter,-,3 year-level courses share /apply/international-enrolments/,"not published (school year begins late January); catalogue ""January, December"" from general reader, December is year end","not published (""Termly Fees"" without amounts)",not published,-,-,none,-,-,-,-,"Catalogue intake December wrong for 008914D, 063073F, 063076C",Review catalogue intakes,D10.md,-
South Pacific College of Natural Medicine,-,-,-,no_adapter,-,"Course pages print no fee, intake months or single delivery; on-campus or online choice, mixed by year",not published,"central fees page (sp-fee-schedule, not attachable as a central kind)",not published,"on-campus or online choice, mixed by year -> not admitted",-,none,-,-,-,none,Fee schedule page is not a course page and no central page kind fits; one course has no page,Decide if a fee central page kind is needed,D12.md,-
St Andrew's Anglican College,-,-,-,no_adapter,-,One shared international page; no per-course values,not published,not published,not published,-,-,-,-,-,-,none,No per-course values,Find fees page,E6.md,-
St Augustine's College,-,-,-,no_adapter,-,Bound page is CRICOS codes and agencies,not published,central fees page (not stored),not published,-,-,-,-,-,-,none,Fees and policies on other pages not in stored data,Bind fees page when it appears in provider URLs,E9.md,-
St Joseph's Nudgee College,-,-,-,no_adapter,-,"One shared overseas-admissions page; prints application fee (AUD 250), confirmation levy (AUD 1,000), living costs",not published,central fees page (separate Fees page),not published,-,-,-,-,-,-,none,No per-course values,Capture Fees page,E2.md,-
St Laurence's College,-,-,-,no_adapter,-,One shared visa-500 page,rolling/no months (any time of School Semester),central fees page (Fees 2026),not published,-,-,-,-,-,-,none,"Stored 1,000 fee is not tuition",Capture Fees 2026 page,E2.md,-
St Paul's School,41f7bbbf,-,-,no_adapter,-,/international-school/ pages (3 courses share); fee links are central,not published,central fees page (international fees page not stored),not published,not published,-,none,-,-,-,Rebound 063321F to /international-school/high-school-preparation-program/; 1 re-read,"Pages print no fees, dates, delivery or English",International fees page not stored; discover it,D9.md,-
St Peter's College (SA),-,-,-,no_adapter,-,Both bound to shared /enrolment/international-students/ page,not published,not published,not published,-,-,-,-,-,-,none,No per-course values,Find fees page,E11.md,-
Step Into Training Services (SITS),-,-,-,no_adapter,-,14 of 15 bound pages are /domestic/ pages with Queensland-funded fees; one international page (Cert III Carpentry),-,"domestic only; Queensland-funded totals ($5,000, $1,500)",-,-,-,-,-,-,-,Website set https://sits.edu.au,9 identity mismatch; domestic pages; no international URLs in sitemap,Find international pages (re-read cannot help until then),C37.md,-
Sterling Australia,-,-,-,no_adapter,-,"Pages print no start dates, fees or delivery",not published,not published,not published,-,-,-,-,-,-,none,Cert III Individual Support bound to test-page; strand pages exist but course has no strand,Await richer page,E7.md,-
Suncoast Christian College,-,-,-,no_adapter,-,Shared page; no per-course values,not published,central fees page (International Student Fees link; not stored),not published,-,-,-,-,-,-,none,Fees link not stored,Capture fees page,E1.md,-
Sunshine Coast Grammar School,-,-,-,no_adapter,-,Shared international page; fees in general wording only,not published,not published,not published,-,-,-,-,-,-,none,No per-course values,Find fees page,E4.md,-
Sydney Design School,-,-,-,no_adapter,-,Stored pages show domestic view; international behind Domestic/International toggle,"course page months (January/February or July; differs from catalogue Jan, Feb, Jul)","behind toggle/render (domestic 33,990; 23,490; 9,490 shown)",not published,-,-,-,-,-,-,website set https://sydneydesignschool.com.au,International view not in stored text,Capture international view (toggle) if wanted,E2.md,-
Tara Anglican School for Girls,-,-,-,no_adapter,-,One shared overseas-applications page; $220 application fee and CRICOS list only,not published,not published,not published,-,-,-,-,-,-,none,No per-course values,Find fees page,E5.md,-
Technical Advanced Training,-,-,-,no_adapter,-,"Neither page prints fee, dates or entry details readably; Cert II says 18 days (Online / Face to Face)",not published,not published,not published,"18 days (Online / Face to Face) -> required mix, not admitted",-,-,-,-,-,1 rebound (Certificate III to /international-students/international-students-certificate-iii-in-security-operations-armed-guard.html); website set https://www.advancetraining.com.au,"Courses under one year so no annual fee; catalogue totals $1,200 and $2,300",Find fee pages,E9.md,-
The Australian Ballet School,-,-,-,no_adapter,-,Fee schedules 2026/2027 are Australian-student (VET Student Loans); no international view stored,not published,"domestic only (e.g. Level 4 14,750; Grad Dip 24,295)",not published,-,-,-,-,-,-,none,Domestic only,Capture International Students page,E3.md,-
The Cathedral College,-,-,-,no_adapter,-,"Short shared page (2,894 characters); no values",not published,not published,not published,-,-,-,-,-,-,none,No values,Find fees page,E9.md,-
The Management Edge,-,-,-,no_adapter,-,"Pages show Costs $5,000 full fee with State Government funding wording",not published,domestic only (funded),not published,"list of options (workplace, online, virtual) -> not read",-,-,not attached: tme.edu.au/international-students/pathway-program-for-overseas-students/,-,-,none,Cert III Individual Support bound to Health Service Assistance page (wrong),Decide whether to attach pathway page,E7.md,-
The Springfield Anglican College,-,-,-,no_adapter,-,"Shared international page; no fee, dates or delivery",not published,not published,not published,-,-,-,-,-,-,none,No per-course values,Find fees page,E9.md,-
Think Education (group),-,-,-,no_adapter,-,"Nursing $19,290 is VET Student Loan maximum (domestic); myotherapy shows salary figures only",not published,domestic only,not published,-,-,-,-,-,-,none,No international values stored,Capture Think international fees page,E12.md,-
TIV Australia,-,-,-,no_adapter,-,"Bound pages show domestic fees (Skills First $6,305; fee for service $15,553)",not published,domestic only,not published,online + face-to-face required mix -> not read,-,-,-,-,-,website set https://www.tiv.vic.edu.au,/international-students/courses/ listing only; Cert IV page slug variant not rebound,Find per-course international pages,E5.md,-
Toowoomba Anglican School,-,-,-,no_adapter,-,Shared page; no per-course values,not published,not published,not published,-,-,-,-,-,-,none,No per-course values,Find fees page,E3.md,-
Toowoomba Grammar School,-,-,-,no_adapter,-,"Shared /enrolments/international-students page prints no fee, intakes or delivery; 1 course bound to newsletter",-,-,-,-,-,none,-,-,-,none,Fee on separate School Fees page; 082952F newsletter-bound should be excluded for all fields,Find School Fees page,D20.md,-
Townsville Grammar School,-,-,-,no_adapter,-,"Shared CRICOS list page for 3 courses prints name, level, sector only; IB page has no fee or dates",not published,not published,not published,not published,-,none,-,-,-,1 rebound (IB Diploma 069022B to own page),"Catalogue holds whole-course totals (79,600 to 188,400), likely wrong as annual; not touched",Find school fees pages,D14.md,-
Trinity Anglican School,-,-,-,no_adapter,-,One shared page; application fee (AU 150) and confirmation fee (850) only,not published,not published,not published,-,-,-,-,-,-,none,No per-course values,Find fees page,E2.md,-
Tyndale Christian School,-,-,-,no_adapter,-,Shared /enrolment/overseas-students/ lists CRICOS courses; fees in linked Fee Schedule document and English page,-,-,-,-,-,none,-,-,-,none,Fee schedule document and English requirement page not stored,Discover those links,D19.md,-
Unity College Australia,a5dbd7fa,-,-,no_adapter,-,/courses/ index plus 2 pages; ESL page per-10-week module fee,not published,"per week/unit/term (ESL per module; domestic $5,000 on Community Services)",not published,-,-,none,-,-,-,"No rebinds; 1 re-read, no improvement","Only 2 of 10 pages read; 6 bound to index, 2 fetch_failed; Community Services page mixes courses",Provide individual course page addresses or sitemap,C59.md,-
UOW College Australia,7f9b8c27,-,-,no_adapter,-,only discipline pages in sitemap; 1 real course page (Diploma of Nursing); central international fees page,not published,central fees page (/support-resources/student-services/fees/international/; 2026 and 2027 tables; per session x sessions); ELICOS per week,not published (entry requirements page),-,-,-,-,-,-,0 rebound,No course-specific pages evidenced; diploma fee rows carry no CRICOS code; 2 vs 3 session lengths make annual basis ambiguous,Allow discipline pages or the central fee table as bindings,C19.md,-
Wesley College (WA),-,-,-,no_adapter,-,One shared international page; nothing per course,not published,central fees page (Fee Schedule and Business Arrangements document; not stored),not published,-,-,-,-,-,-,none,Fee schedule document not stored,Capture fee schedule link if a web page,E4.md,-
Yarra Valley Grammar,-,-,-,no_adapter,-,One shared international students page; no per-course values,not published,not published,not published,-,-,-,-,-,-,none,Catalogue whole-course totals only,Find fees page,E8.md,-
156 Platinum Institute Pty Ltd,c220ffde,-,-,blocked,-,site blocks reading (HTTP 403); builder refuses without confirmed page,-,-,-,-,-,-,-,-,-,-,Hopeless for now: all 18 pages blocked 403,Different access route (allow-list or manual capture),C26.md,-
ABM Further Education,-,-,-,blocked,-,"stored pages on abm.edu.au (language folders, custom programs); 3 identity_mismatch, 4 need render; no course pages bound",-,-,-,-,-,-,-,-,-,website not set (no read pages); re-read sent (with AEI and Silverline),No website on record and no read pages,"Bind real course pages, then re-read",C23.md,-
Academia of Trade Pty Ltd,-,-,-,blocked,-,-,-,-,-,-,-,none,-,-,-,No website set,17 stored URLs on www.academi.edu.au are training package codes with no page bound; domain may belong to another provider,"Bind and read at least 2 pages there, or confirm the domain",C48.md,-
ACBT Education Pty Ltd,2aa3b7e7-2468-45d0-b354-0e6c33c03452,-,-,blocked,-,-,-,-,-,-,-,-,-,-,-,no website set (aggregator),no website; 54 stored URLs on search.acir.com.au (aggregator),Find the provider's own website,C41.md,-
Accredited Education & Training Australia,8ccc0d38,-,-,blocked,-,-,-,-,-,-,-,none,-,-,-,-,No website; 1 aggregator page identity_mismatch,Find own site,D6.md,-
Ace Sports Academy,9430889d,-,-,blocked,-,-,-,-,-,-,-,none,-,-,-,1 re-read (5 pages),"3 needs_render, 2 mismatch; superseded SIS30115/SIS20115 pages (one A$0.00 store page)",Needs current SIS20321/SIS30521 pages,D3.md,-
Achievement NZ,98d7a46b,-,-,blocked,-,-,-,-,-,-,-,none,-,-,-,1 re-read,4 mismatch; programme pages each cover 2 NZ certificates; Fees Free (domestic); Monthly Intakes; no international view,Out of scope,D3.md,-
Adelaide Institute of Hair & Beauty,-,-,-,blocked,-,Pages 440 to 860 characters; nearly no text,render needed,render needed,render needed,-,-,-,-,-,-,website set https://aihb.net.au,Almost no text,Rendered re-read,E12.md,-
Adventure Works Limited,331,-,-,blocked,-,pages are strand/landing/article; own /qualifications/ pages after rebind,not published,domestic only (subsidised $1000; non-citizens cannot enrol),not published (template placeholder text),-,-,no adapter saved,-,-,-,"Rebound 5 (3662, 5214, 3663, 2449, 3766) to own pages; 2 re-reads","Domestic only; 3658, 5212, 5213, 3660, 3661, 3765, 2570 still unbound (instructor strands, article, diploma landing); ~2 credits",Confirm international eligibility (likely set not open to international),C56.md,-
Advocate Training,9c27346b,-,-,blocked,-,-,-,-,-,-,-,none,-,-,-,1 re-read,"No own site stored; 2 courses bound to one ACIR aggregator page (mismatch), 3 unbound",Find own site,D7.md,-
AG Challenge,-,-,-,blocked,-,-,-,-,-,-,-,none,-,-,-,1 re-read,"4 pages need rendering (JavaScript), 1 identity mismatch",Firecrawl render via page_view if pursued,D1.md,-
AGI (provider name N/A; agi.edu.au),-,-,-,blocked,-,"Stored pages cover other qualifications (kitchen management, hospitality, AI diploma)",-,-,-,-,-,none,-,-,-,none,0 of 4 pages read; 119091D bound to AI diploma page (wrong); no evidenced replacement,Fix provider name N/A; find correct course pages,D13.md,-
Aim Institute Pty Ltd,-,-,-,blocked,-,-,-,-,-,-,-,none,-,-,-,Website not set,78 URLs on aiminstitute.nsw.edu.au but sampled path is casino spam; domain looks hijacked,Manual check of real site,C55.md,-
Air Gold Coast,-,-,-,blocked,-,Shared course-information page about 380 characters,render needed,render needed,render needed,-,-,-,-,-,-,none,Almost no text; likely rendered,Rendered re-read,E12.md,-
Airways International,9c3f35aa,-,-,blocked,-,-,-,-,-,-,-,none,-,-,-,1 re-read,5 mismatch; news articles and NZ-student pages with 2024 intake text; no international fee,Bind to international ATC training pages,D3.md,-
Alice Spring College,0a2ce44c,-,-,blocked,-,-,-,-,-,-,-,none,-,-,-,-,No website; stored URLs only coursesearch.studymelbourne aggregator,Find own site,D5.md,-
Amazing English Pty Ltd,-,-,-,blocked,-,2 higherstudy.com aggregator pages,-,-,-,-,-,-,-,-,-,none,No website; aggregator pages only,Find own site,E11.md,-
Amity College,-,-,-,blocked,-,"needs_render: school fees and booklist pages, appear domestic",-,-,-,-,-,none,-,-,-,none,No text-only reading possible; JS-rendered,Needs render capture,D19.md,-
ANE College,aa1e3b4f,-,-,blocked,-,"11 pages read, all on aggregator oneuedu.com (9 for other colleges' listings)",-,-,-,-,-,-,-,-,-,-,"No website; all 12,000 stored addresses are oneuedu; only 102539E, 102541M are ANE listings (on aggregator)",ANE own website needed,C20.md,-
Anglican Church Grammar School,-,-,-,blocked,-,No pages,-,-,-,-,-,none,-,-,-,no website set,School; only news/newsletter addresses stored,Not a course-page provider,D15.md,-
AOI Institute,ca63c876,-,-,blocked,-,-,-,-,-,-,-,none,-,-,-,-,Website but no pages bound and no provider URLs,Page discovery,D4.md,-
Apex Australia Vocational Education,4bd30aeb,-,-,blocked,-,Not read (all pages HTTP 500),-,-,-,-,-,None (builder needs at least one read page),- (central pages also 500),-,-,0 rebound; no website change,Site returns HTTP 500 on every course page; 8 courses bound to wrong pages,"If re-read lands build adapter, otherwise treat as blocked; fix bindings",C2.md,-
ARK PARTNERS,-,-,-,blocked,-,"3 pages read, all findthecourses.com.au aggregator",-,-,-,-,-,none,-,-,-,none,Aggregator only; no values read,Find own site,D17.md,-
Ascham School,-,-,-,blocked,-,2 bound to /our-difference/ and /senior-school/; 1 unbound,-,-,-,-,-,none,-,-,-,none,Only 3 provider URLs stored; no international fee page,Find international fee page,D18.md,-
Ashley English Language Institute,e3391280,-,-,blocked,-,-,-,-,-,-,-,none,-,-,-,1 re-read,"Only page is ACIR aggregator ""General English"" matched on generic title; 4 unbound",Find own site,D7.md,-
Aspire2 Education Limited,b5a3d2e9-bb9e-4e49-957d-815258e1cbe6,-,-,blocked,-,"pages are wrong bindings (policy, terms, blog, landing page)",-,"domestic only (fees normally $3,400 for NZ citizens/residents)",-,-,-,none,-,-,-,No rebinds; only 7 stored URLs on provider domain,11 identity_mismatch pages; programmes appear zero-fee online for NZ domestic only,Confirm whether open to international students; if not set open_to_international off,C51.md,-
Aspire2 International Hospitality & Healthcare Limited,-,-,-,blocked,-,0 of 3 read; 2 fetch_failed on /hospitality; 1 mismatch on /agents,-,-,-,-,-,none,-,-,-,none,Re-read still fetch_failed; no pages for Hospitality Management L5/L6 or Health and Wellbeing,Check /courses and /our-programmes listing,D18.md,-
AU EDU INSTITUTE,-,-,-,blocked,-,Pages are oneuedu.com aggregator of another brand,-,-,-,-,-,none,-,-,-,no website set,No own website; aggregator only,Find own site,D14.md,-
Auckland Institute of Studies Limited (AIS),-,-,-,blocked,-,-,-,-,-,-,-,"placeholder only, switched off",-,-,-,"Rebound 5 courses to own pages (PC9797, 2539, 1883, 1884 shared English page, PC3638)","12 fetch_failed with no status, 1 identity_mismatch; plain reader fails; render read queued (~3 credits) then page_view cleared",Render-capable read of ais.ac.nz or manual capture,C50.md,-
Australian Academy of Hospitality and Management,-,-,-,blocked,-,-,-,-,-,-,-,none,-,-,-,No website set,Only stored URLs on aggregator courses.com.au; no page bound,Own website needed,C48.md,-
Australian Business Training Institute Pty Ltd,-,-,-,blocked,-,No pages,-,-,-,-,-,none,-,-,-,none,No website; stored URLs are higherstudy.com guides,Find own site,D16.md,-
Australian College of Management and Trade,c42074ef,-,-,blocked,-,-,-,-,-,-,-,none,-,-,-,-,No website and no pages,Find own site,D7.md,-
Australian College of Pioneers,65f8912b,-,-,blocked,-,-,-,-,-,-,-,none,-,-,-,-,No website; aggregator URLs only,Find own site,D6.md,-
Australian College of Professional Skills,-,-,-,blocked,-,"2 oneuedu aggregator pages (Chinese-language; other CRICOS codes 103333M, 081517M)",-,-,-,-,-,-,-,-,-,none,No website; Grad Dip Management (Learning) identity_mismatch,Find own site,E6.md,-
Australian College of Tourism and Information Technology (ACTIT),-,-,-,blocked,-,-,-,-,-,-,-,-,-,-,-,website https://actit.edu.au set; 1 re-read (with IH Brisbane),no pages or stored URLs,Run page discovery,C40.md,-
Australian Dance Institute Pty Ltd,-,-,-,blocked,-,No pages bound,-,-,-,-,-,none,-,-,-,none,australiandanceinstitute.edu.au in 4 stored URLs but no read course pages; website not set,Read 2 course pages before setting website,D17.md,-
Australian Guild of Education Pty Ltd,-,-,-,blocked,-,"No pages, no stored links",-,-,-,-,-,none,-,-,-,none,Nothing stored,Page discovery,D19.md,-
Australian Health and Horticulture Institute Pty Ltd,-,-,-,blocked,-,-,-,-,-,-,-,none,-,-,-,Website not set,Stored URLs only on aggregator higherstudy.com; no pages,Needs provider own domain from another source,C55.md,-
AUSTRALIAN INSTITUTE OF DIGITAL TECHNOLOGY PTY LTD,-,-,-,blocked,-,no pages stored; no provider URLs,-,-,-,-,-,-,-,-,-,re-read sent,No course pages; builder refused (no confirmed course page),Run page discovery for aidt.edu.au,C24.md,-
Australian Institute of Technical Studies Pty Ltd,-,-,-,blocked,-,Pages all oneuedu.com (3 identity_mismatch),-,-,-,-,-,none,-,-,-,none,Aggregator only,Find own site,D17.md,-
"Australian Islamic College (Perth, North of the River, Kewdale)",-,-,-,blocked,-,No pages,-,-,-,-,-,none,-,-,-,none,"6 stored links, all news",Page discovery,D19.md,-
Australian National Institute of Education / Australian Academy of English (ANIE),e01e4929,-,-,blocked,-,"11 pages read, all on aggregator oneuedu.com for other providers' courses",-,-,-,-,-,-,-,-,-,-,"No website; 12,000 oneuedu.com directory pages, none are ANIE",Find provider own domain,C18.md,-
Australian Smart College,-,-,-,blocked,-,2 oneuedu aggregator pages (codes differ from ours),-,-,-,-,-,-,-,-,-,none,No website; aggregator pages only,Find own site,E7.md,-
AVETA,db13c6c8-fbc5-4a38-bf9b-dc8ee3e83c6a,-,-,blocked,-,-,-,-,-,-,-,-,-,-,-,0 rebound; 1 re-read sent (all 503),"site returns 503 and refuses the reader; 5 courses bound to educational-agents page, 6 to Grad Dip page; 3 identity mismatch","Use a browser-render reader or manual capture, then rebind 11 courses",C36.md,-
Axial Training,89178b59,-,-,blocked,-,-,-,-,-,-,-,none,-,-,-,-,Website but no course pages found,Page discovery,D3.md,-
Birger International College Pty Ltd,-,-,-,blocked,-,No pages,-,-,-,-,-,none,-,-,-,no website set,Only higherstudy.com aggregator,Find own site,D15.md,-
Blackheath and Thornburgh College,-,-,-,blocked,-,-,-,-,-,-,-,none,-,-,-,re-read requested,"Only 4 stored URLs (music, community); no course pages",Discovery,D11.md,-
Bloomfield College Pty Ltd,-,-,-,blocked,-,No pages,-,-,-,-,-,none,-,-,-,none,Stored URLs higherstudy.com guides only,Find own site,D17.md,-
BNT College,-,-,-,blocked,-,2 oneuedu aggregator pages (one shows Deakin College brand),-,-,-,-,-,-,-,-,-,none,No website; aggregator pages only,Find own site,E6.md,-
BRIGHT ENGLISH,3fba88df,-,-,blocked,-,-,-,-,-,-,-,none,-,-,-,1 re-read,"All 4 courses bound to /privacy-policy/; stored URLs only home, cookie, privacy, terms",Hopeless with stored data,D9.md,-
Brighton Grammar School,-,-,-,blocked,-,One shared international enrolment form page (about 440 characters),render needed,render needed,not published,-,-,-,-,-,-,none,No fees or dates; catalogue whole-course,Rendered re-read; find fees page,E12.md,-
Brighton Institute of Technology,-,-,-,blocked,-,-,-,-,-,-,-,none,-,-,-,Website not set,Both stored pages on aggregator search.acir.com.au; 1 identity_mismatch; own-domain rule not met,Site discovery for real domain,C54.md,-
Brisbane Boys' College,-,-,-,blocked,-,"School years, not course pages; no read pages",-,-,-,-,-,none,-,-,-,none,Own domain bbc.qld.edu.au only in 6 stored about URLs; website rule (2 read pages) not met,Find course/international pages,D17.md,-
Brisbane College of Australia / Brisbane College of English,8cc6fece,-,-,blocked,-,no course pages; 2 bound pages are an aggregator listing (search.acir.com.au),-,-,-,-,-,-,-,-,-,-,No website; both bound pages are identity mismatches (third-party aggregator); 26 courses have no page,"Provider needs a website, or each course bound to its own page; re-read queued (likely 0 credits)",C4.md,-
Britts College Pty Ltd,93aaad55,-,-,blocked,-,no pages stored,-,-,-,-,-,-,-,-,-,-,No website on record; its 60 provider URLs are all higherstudy.com aggregator pages,Find and set the live website first,C6.md,-
Brookside International College Pty Ltd,-,-,-,blocked,-,No pages,-,-,-,-,-,none,-,-,-,no website set,Only search.acir.com.au and staging copies (aggregator),Find own site,D15.md,-
Brunswick Institute,-,-,-,blocked,-,No pages,-,-,-,-,-,none,-,-,-,no website set,Stored addresses only Study Melbourne course search (aggregator),Find own site,D15.md,-
Built Training & Education,78df9afe,-,-,blocked,-,-,-,-,-,-,-,none,-,-,-,-,No website; aggregator URLs only,Find own site,D6.md,-
Burleigh Heads Language Centre,-,-,-,blocked,-,2 oneuedu aggregator pages,-,-,-,-,-,-,-,-,-,none,No website; aggregator pages only,Find own site,E10.md,-
C Hayes Engineering Limited,-,-,-,blocked,-,"3 pages, all StudySpy (NZ aggregator)",-,-,-,-,-,-,-,-,-,none,No website; aggregator pages only; no values read,Find provider's own site,E1.md,-
Canberra Girls' Grammar School,-,-,-,blocked,-,"Bound pages unrelated (school shop, boarding, senior school)",-,-,-,-,-,none,-,-,-,none,Site blocks reading; no course pages in stored URLs,Nothing to build,D13.md,-
Canberra Grammar School,-,-,-,blocked,-,-,-,-,-,-,-,none,-,-,-,1 shared re-read,"School year-level programmes; 5 mismatched pages, no per-course pages",Likely not suited to an adapter,D2.md,-
Canterbury College (cancan.com),5273add7,-,-,blocked,-,-,-,-,-,-,-,none,-,-,-,1 re-read,"2 bound to Our Staff page, 2 unbound; no NZCEL or NZ Diploma in Business pages stored",Discovery,D10.md,-
Citipointe Christian College (and International),-,-,-,blocked,-,SSPP page fetch_failed; no pages for other three courses,-,-,-,-,-,none,-,-,-,1 rebound (Secondary School Preparation Program 043173A to SSPP page),Site refuses reading,"Find pages for Junior Secondary, Primary, Senior Secondary",D13.md,-
Clarendon Business College,963d2e50,-,-,blocked,-,"every course bound to a generic page (Smart and Skilled list, pathways, intranet home, 404)",-,-,-,-,-,-,central pages already attached by an earlier job (status found),-,-,-,All bindings are identity mismatches; stored link index has no course links; re-read of same addresses will not fix,Rebind each course to its own academies.edu.au course page (outside tonight's remit); re-read queued,C4.md,-
Clip Joint Education,6cdf90c6,-,-,blocked,-,-,-,-,-,-,-,none,-,-,-,1 re-read,3 bound to 2019/2020 PDF brochures (fetch_failed); 1 to /course listing,Discover international course pages,D10.md,-
CNSST Foundation,-,-,-,blocked,-,Only home page stored (titled Courses Fees),-,-,-,-,-,none,-,-,-,none,"No course-specific URL, so no rebind",Capture course and fees pages from site menu,D13.md,-
College Avalon Pty Ltd,-,-,-,blocked,-,Only a search.acir.com.au aggregator page bound to General English,-,-,-,-,-,none,-,-,-,no website set,No website; aggregator only,Find own site,D16.md,-
College of Complementary Medicine,943ea79b,-,-,blocked,-,-,-,-,-,-,-,none,-,-,-,1 re-read (4 pages),4 courses bound to one blog post; needs_render,Needs real course pages,D3.md,-
Community Colleges NZ,-,-,-,blocked,-,-,-,-,-,-,-,none,-,-,-,1 re-read,"All bound to wrong pages (equine, hospitality, about)",Rebind courses,D1.md,-
Contempo College,5ff4e36e-2e72-4777-a15b-fd84a4570ead,-,-,blocked,-,-,-,-,-,-,-,-,-,-,-,no website set,no website; 107 stored URLs on contempocollege.edu.au are car and motorcycle parts pages (domain looks hijacked),Find the real college site,C42.md,-
Cornerstone Education Limited,-,-,-,blocked,-,-,-,-,-,-,-,-,-,-,-,1 re-read sent (nothing to re-read),"NZ courses bound only to NZQA listings, no pages on provider's domain; builder refused",Run page discovery on www.cornerstoneeducation.co.nz,C45.md,-
Cranbrook School,4b6450b3,-,-,blocked,-,-,-,-,-,-,-,none,-,-,-,1 re-read,"School; bound to results, drama, learning pages; no international or enrolment page stored",Discover international/fees page,D10.md,-
Dalton College,-,-,-,blocked,-,-,-,-,-,-,-,-,-,-,-,1 re-read sent (nothing to re-read),no pages or provider URLs stored; builder refuses,Run page discovery on www.daltoncollege.com.au,C45.md,-
"Department of Education (Vic, study.vic.gov.au)",-,-,-,blocked,-,"3 pages read: agent search, secondary application, success stories",-,-,-,-,-,-,-,-,-,none,Primary and VCA bound to wrong pages; only /jp/ and /kr/ variants of fees pages stored,Capture English school-fees page,E4.md,-
Department of Education and Training NT,3b9b79d1,-,-,blocked,-,-,-,-,-,-,-,none,-,-,-,1 re-read,3 blocked courses bound to unrelated government pages; 058743D no page,Hopeless with stored data,D9.md,-
Dynamite Studios Academy,bc353967,-,-,blocked,-,-,-,-,-,-,-,none,-,-,-,-,No website and no pages,Find own site,D7.md,-
Early Learning Professional Development Pty Ltd,-,-,-,blocked,-,No pages,-,-,-,-,-,none,-,-,-,no website set,Stored links all higherstudy.com (aggregator),Find own site,D14.md,-
Eastern Bridge Education,-,-,-,blocked,-,contact-us needs_render; blog mismatch; 1 unbound,-,-,-,-,-,none,-,-,-,none,"Only /service/english-language-training, names no qualification; no rebind",Page discovery,D20.md,-
Educare International College,-,-,-,blocked,-,"All 4 bound to disclaimer and how-to-apply pages, not course pages",-,-,-,-,-,none,-,-,-,none; no website set; central re-read still fetch_failed,Site blocks or fails reading; 0 stored URLs so nothing to rebind,Human to supply course page addresses,D14.md,-
EF International Language Schools,6b9e88bb,-,-,blocked,-,-,-,-,-,-,-,none,-,-,-,1 re-read,"ef.com global marketing site (1,508 URLs); courses bound to Canada, Chile, Saudi pages; no Australian CRICOS course pages; per-week prices in local currency",Hopeless for now,D10.md,-
Elim Leadership College,027e2b1e,-,-,blocked,-,-,-,-,-,-,-,none,-,-,-,"Website changed from elc.ac.nz (old) to https://elc.org.nz; 1 re-read, nothing bound",No URL names any of the 4 NZ Christian Studies/Ministry courses,Course discovery on elc.org.nz,D8.md,-
Emanuel Anglican College (EAC),-,-,-,blocked,-,"2 identity_mismatch (/primary/, /international-students/); 1 unbound",-,-,-,-,-,none,-,-,-,none,International page has no CRICOS code so identity fails; /international-program names no course; catalogue fees are whole-course totals,Discover course/international pages,D20.md,-
English Path Australia,4777e3eb,-,-,blocked,-,-,-,-,-,-,-,none,-,-,-,1 re-read,Courses bound to global englishpath.com pages shared by all destinations; unclear which pathways page is 120072H,Hopeless with stored data,D9.md,-
Enhance College of Technology,-,-,-,blocked,-,pages browser-rendered,-,-,-,-,-,none,-,-,-,Website not changed (http://enhance.edu.au vs pages on www.enhance.edu.au); 1 re-read,All 6 stored pages needs_render; builder refuses (no confirmed course page); only 4 of 13 course addresses known; JS-rendered,Needs render-capable read (Firecrawl) or another source,C49.md,-
Enhance Training,48c618c5,-,-,blocked,-,-,-,-,-,-,-,none,-,-,-,1 re-read,5 identity_mismatch; pages on hesselgroup.com.au are funded domestic training pages with no CRICOS code,Person to confirm whether international pages exist,D5.md,-
Epicure Skills Training Pty Ltd,-,-,-,blocked,-,-,-,-,-,-,-,none,-,-,-,Website not set,Stored URLs only on aggregator higherstudy.com; no pages,Needs provider own domain,C55.md,-
Fire & Emergency NZ,19a81322,-,-,blocked,-,-,-,-,-,-,-,none,-,-,-,1 re-read,Domestic career-firefighter training; 4 needs_render recruitment pages; not a study provider for internationals,Not adaptable,D8.md,-
Flight Training Adelaide,-,-,-,blocked,-,-,-,-,-,-,-,none,-,-,-,-,Website but no course pages bound,Page discovery,D2.md,-
Future Education Group,a29d3f6d,-,-,blocked,-,all 5 pages are oneuedu.com agent pages for OTHER providers,-,-,-,-,-,none,-,-,-,-,"All 5 courses bound to oneuedu.com (Chinese-language aggregator), CRICOS codes in URLs differ from ours, matched on exact title only; general-reader fees belong to other providers; no unbind RPC",Unbind these pages; find correct pages,D7.md,-
Geelong Grammar School,-,-,-,blocked,-,Both courses bound to Policies and Reports page (wrong),-,-,-,-,-,-,-,-,-,none,Stored links name no CRICOS courses or fees; no rebind,Find international pages,E11.md,-
Global School of Trade,0b0ada55-0e3e-42af-ba24-02bb40708559,-,-,blocked,-,-,-,-,-,-,-,-,-,-,-,no website set (aggregator),no website; 60 stored URLs all on higherstudy.com (aggregator),Find the provider's own website,C41.md,-
Goldthorn International College,-,-,-,blocked,-,Only Cert IV Kitchen Management read; training.gov.au description only,-,-,-,-,-,none,-,-,-,"2 rebound (Diploma of Hospitality Management 106741D, 113005M to sit50422 page)",Site refuses reading (fetch_failed on 3 pages); Cookery page bound but fetch_failed,Nothing to build,D13.md,-
Haileybury Rendall School,-,-,-,blocked,-,Bound to newsletter articles,-,-,-,-,-,none,-,-,-,none,No international pages,Find international page,D18.md,-
Hair Industries Support Opportunities Charitable Trust (hito.org.nz),-,-,-,blocked,-,"apprenticeship/ITO site; pages are news, staff stories and listings",-,-,-,-,-,-,-,-,-,0 rebound,10 identity mismatch; 3 courses no page; no per-course page evidenced,Find real programme pages (likely hopeless),C46.md,-
Hampton College,6e5b06b7,-,-,blocked,-,-,-,-,-,-,-,none,-,-,-,-,"No website; only ""read"" page is shared acir.com.au aggregator page (same as Sage)",Review or remove binding; find own site,D6.md,-
Hashm Pty Ltd,c8cff3e2,-,-,blocked,-,-,-,-,-,-,-,none,-,-,-,-,No website and no pages (only ACIR aggregator URLs),Find own site,D7.md,-
Hawkesbury Business School,-,-,-,blocked,-,"3 pages read, all oneuedu.com aggregator",-,-,-,-,-,none,-,-,-,none,Aggregator pages not read for values; website not set,Find own site,D17.md,-
Headmasters / Beautymasters,9aa2857d,-,-,blocked,-,-,-,-,-,-,-,none,-,-,-,-,Website but no course pages found,Page discovery,D3.md,-
Heights College,-,-,-,blocked,-,No pages,-,-,-,-,-,none,-,-,-,none,Only 2 stored links (instrumental program),Page discovery,D19.md,-
Hills International College; Hills Language College,-,-,-,blocked,-,3 bound pages are primary/secondary programme pages; still identity_mismatch,-,-,-,-,-,none,-,-,-,"no website set (school site, no read pages)",School site; High School Preparation has no page,Person to confirm programme pages,D15.md,-
Hillshire International College,-,-,-,blocked,-,-,-,-,-,-,-,-,-,-,-,no website set; 1 re-read (no change),"3 of 4 stored pages are blogs or other-course pages; link list includes a spam URL (/mastercard-casino), site looks compromised; only 1 read page",Confirm the live website with the provider,C47.md,-
HJ Australian Institute,b1182678,-,-,blocked,-,-,-,-,-,-,-,none,-,-,-,1 re-read,"No own site stored; 1 ACIR aggregator page mismatch, 4 unbound",Find own site,D7.md,-
Holmes (Melbourne School of Fashion / Holmes Commercial Colleges / Holmes Grammar),4c932fec,-,-,blocked,-,-,-,-,-,-,-,none,-,-,-,-,Website on record but discovery found nothing; no pages or URLs,Run discovery; check holmesinstitute.edu.au is the right site,D10.md,-
Horizon Training Institute,17fa187b,-,-,blocked,-,-,-,-,-,-,-,none,-,-,-,-,No website; stored URLs only search.acir.com.au aggregator,Find own site,D5.md,-
Horowhenua Learning Centre Trust,9c83bc44,-,-,blocked,-,-,-,-,-,-,-,none,-,-,-,"Website https://www.tpwn.ac.nz on record, not changed; 1 re-read, 0 pages",No pages and no provider URLs stored; domain may be old,Check live domain and supply course page links,C59.md,-
Hospitality Institute of NSW,a883ce38,-,-,blocked,-,domestic Smart and Skilled pages only,-,"domestic only (fee-free NSW funded; ~$6,000 usual cost)",-,-,-,none,-,-,-,Website set https://hinsw.com.au; rebound 111425G to /course/ciiihospo/ (domestic offering); 1 re-read,No international pages for the 5 CRICOS courses,Nothing admitted,D7.md,-
IBM NSW Pty Ltd,-,-,-,blocked,-,No pages,-,-,-,-,-,none,-,-,-,no website set,"Stored links all search.acir.com.au (aggregator, mostly other providers)",Find own site,D14.md,-
"IBN College Pty Ltd, SIBN",-,-,-,blocked,-,-,-,-,-,-,-,-,-,-,-,no website set (aggregator only),no website on record; 13 stored URLs on overseasstudentsaustralia.com (aggregator),Find the college's own site,C38.md,-
IH Brisbane - ALS,-,-,-,blocked,-,-,-,-,-,-,-,-,-,-,-,no website change; 1 re-read (with ACTIT),no course page stored; website field holds two sites (second alscertificates.com),Run page discovery and split the website field,C40.md,-
IIFS,-,-,-,blocked,-,-,-,-,-,-,-,-,-,-,-,1 re-read queued,no pages and no sitemap URLs stored; website field name N/A,Build the adapter when the re-read lands,C39.md,-
Illawarra Business College (TIBC),-,-,-,blocked,-,"all 15 courses bound to generic pages (international-students, smart-skilled, job-trainer, about-us)",-,-,-,-,-,-,-,-,-,0 rebound; 1 re-read sent,all 15 identity mismatch; site appears not to publish per-course pages,Use another source (CRICOS or brochure PDF),C39.md,-
Indigo Polytechnic Pty Ltd,-,-,-,blocked,-,No pages,-,-,-,-,-,none,-,-,-,no website set,Stored links all higherstudy.com (aggregator),Find the college's own site,D14.md,-
Industry Training Solutions,28e4ed62,-,-,blocked,-,-,-,-,-,-,-,none,-,-,-,1 re-read,"Domestic only (ACE-funded); 2 blocked store pages, 2 mismatch; /nzcsl right for 2853 but NZ vs New Zealand mismatch",Not adapted,D8.md,-
Infiniti College,-,-,-,blocked,-,"2 oneuedu aggregator pages (Chinese-language, other providers' listings)",-,-,-,-,-,-,-,-,-,none,"No website; bound pages are other providers' listings; Cert IV Business fee 13,500 is another provider's figure",Find own site,E5.md,-
INTERNATIONAL INSTITUTE OF EDUCATION,1241fe08,-,-,blocked,-,no course pages; only stored URL is a Moodle page (elearning.iie.edu.au),-,-,-,-,-,-,-,-,-,-,No website on record; Moodle page not enough to set a website,Find the website first,C8.md,-
International Institute of Management & American College,37182c76,-,-,blocked,-,-,-,-,-,-,-,-,-,-,-,-,no stored pages or site links; website field holds two addresses; builder refuses,Run page discovery and tidy website field to one address,C33.md,-
International School of Western Australia,-,-,-,blocked,-,-,-,-,-,-,-,none,-,-,-,1 shared re-read,"School year-level programmes; 5 mismatched pages, no per-course pages",Separate approach for school fee/intake pages,D2.md,-
Kambala,-,-,-,blocked,-,School year-level programmes; no course-level fee or intake pages,-,-,-,-,-,none,-,-,-,none,"Only 4 stored links, none course pages; 3 identity_mismatch, 1 no page",Not workable for an adapter,D14.md,-
KENTFORD COLLEGE,-,-,-,blocked,-,No pages,-,-,-,-,-,none,-,-,-,none,Stored URLs acir.com.au aggregator (incl. staging) only,Find own site,D17.md,-
King's Institute of Managment and Technology,92dc35e7-623a-4fb8-ba3d-3108ff773e6f,-,-,blocked,-,-,-,-,-,-,-,-,-,-,-,no website set,3 pages all on search.acir.com.au (aggregator); 0 read; one page is another provider's Diploma of Business,Find the provider's own site,C42.md,-
Kingsway Institute,-,-,-,blocked,-,No pages bound; 0 stored URLs,-,-,-,-,-,none,-,-,-,none,Website on record (https://www.kway.com.au) but nothing bound; re-read not sent,Course page discovery first,D17.md,-
Lakeland Learning Company,-,-,-,blocked,-,2 fetch_failed on a file download; 1 mismatch free-youth page,-,-,-,-,-,none,-,-,-,none,Courses bound to download and domestic funding page; likely domestic only,Confirm if domestic only,D20.md,-
Language Studies International,-,-,-,blocked,-,No pages,-,-,-,-,-,none,-,-,-,no website set,Only higherstudy.com aggregator (60 addresses),Find own site,D15.md,-
Lead Institute of Higher Education,-,-,-,blocked,-,"Both course pages about 390 characters; no intakes, fee or English",render needed,render needed,central english page (lihe.edu.au/english-entry-requirements/; not attached),-,-,-,-,-,-,none,Looks JavaScript-only or thin,Render-based capture,E11.md,-
Learner Me 2018,-,-,-,blocked,-,-,-,-,-,-,-,none,-,-,-,1 shared re-read,"3 identity_mismatch on marketing pages, 1 needs_render",Rebind courses,D2.md,-
Let's Go Educate Limited,-,-,-,blocked,-,"2 courses bound to /programmes-and-courses/ listing, identity_mismatch",-,-,-,-,-,none,-,-,-,none,Only 2 provider URLs stored,Crawl site for NZ programme pages,D18.md,-
Lexis English,-,-,-,blocked,-,Stored URLs mostly translated blog posts; courses bound to location and news pages,-,-,-,-,-,none,-,-,-,none,Only IELTS Preparation page read (no fee candidate); probe preview never finished; no evidenced course pages,Needs human to find English course pages,D12.md,-
Lexis English Byron Bay,31ff852b,-,-,blocked,-,-,-,-,-,-,-,none,-,-,-,1 re-read,"Wrong bindings (German blog, /faq/, /programs/ listing, exam info page); 822 stored URLs all language-prefixed blog posts",Page discovery,D9.md,-
Lexis TESOL Training Centres,159328df,-,-,blocked,-,no course pages; 2 stored pages are a Study Queensland page for another institution,-,-,-,-,-,-,-,-,-,-,No website; stored URLs are Study Queensland directory pages with no Lexis course,Find provider own domain (website_set needs evidence not held); re-read not sent,C12.md,-
Lindisfarne Anglican Grammar School,-,-,-,blocked,-,No pages,-,-,-,-,-,none,-,-,-,no website set (one stored link only),Only one stored link (Ad Astra page); needs 2 read pages,Find own course pages,D14.md,-
Lines & Cables Training,9454d08b,-,-,blocked,-,-,-,-,-,-,-,none,-,-,-,1 re-read,5 mismatch; industry pages cover many NZ certificates; 4-digit NZQA codes cannot confirm identity; no international fee,Out of scope for an adapter,D3.md,-
London College,e3dc9179,-,-,blocked,-,-,-,-,-,-,-,none,-,-,-,"Website on record http://www.queens.qld.edu.au not changed; 1 re-read, 0 pages",No page rows or links stored; domain on record looks like a different college,Page discovery and website verification,C52.md,-
Loreto College,-,-,-,blocked,-,2 mismatch FAQ/wellbeing; 1 unbound,-,-,-,-,-,none,-,-,-,none,No own course or international pages in stored URLs,Discover international page,D20.md,-
Lotus College,-,-,-,blocked,-,No pages,-,-,-,-,-,none,-,-,-,no website set,Stored links all higherstudy.com (aggregator),Find own site,D14.md,-
Lycee Condorcet (French school),-,-,-,blocked,-,"Read pages (French Baccalaureate, IB) print no fees, dates or delivery",not published,not published,not published,not published,-,none,-,-,-,none,"Only 2 of 4 pages read; Primary bound to school fees page, Junior Secondary to pathways page (mismatches)",No adapter; find own course pages for the other two,D12.md,-
Macarthur Anglican School,-,-,-,blocked,-,2 identity_mismatch; 1 no page; /international/courses/ pages generic,-,-,-,-,-,none,english_policy: https://www.macarthur.nsw.edu.au/international/enrolment/english-language-requirements/,-,-,none,Stored course pages not named per course; no rebind,Await English page read,D19.md,-
Malwa College of Australia Pty Ltd,-,-,-,blocked,-,3 pages on findthecourses.com.au (other providers' listings),-,-,-,-,-,none,-,-,-,none,Aggregator only; exclude all fields if ever read,Find own site,D17.md,-
Marriott Academy,23d6f63d,-,-,blocked,-,-,-,-,-,-,-,none,-,-,-,No website set,Only aggregator coursesearch.studymelbourne.vic.gov.au URLs (43); no read pages,Find provider own site or capture another way,C53.md,-
MASTER COLLEGE AUSTRALIA PTY LTD,-,-,-,blocked,-,No pages,-,-,-,-,-,none,-,-,-,none,Stored URLs higherstudy.com guides only,Find own site,D17.md,-
Mayfield Education Inc,-,-,-,blocked,-,Listing addresses stored but no course pages bound or read,-,-,-,-,-,none,-,-,-,no website set (needs 2 read pages),No course pages bound,Bind the four courses to own pages,D15.md,-
Mechtech Institute,92376e76,-,-,blocked,-,-,-,-,-,-,-,none,-,-,-,-,No website; higherstudy.com aggregator URLs only,Find own site,D6.md,-
Melbourne Institute of Nails & Beauty / National Academy of Hair and Beauty,bb544539,-,-,blocked,-,all pages are oneuedu.com pages for other providers,-,-,-,-,-,none,-,-,-,-,3 read pages all wrong (e.g. 120179H bound to Vibe College 093269A),Unbind and find own site,D7.md,-
Melbourne Training College Pty Ltd,-,-,-,blocked,-,"3 pages read, all on australiancourses.com.au aggregator",-,-,-,-,-,none,-,-,-,no website set,Aggregator only; no values used,Find own site,D14.md,-
Mercedes College Springfield,2e9b163b,-,-,blocked,-,-,-,-,-,-,-,none,-,-,-,1 re-read,Courses bound to newsletters and IB page; 004791J no page,Discovery,D9.md,-
Merit Institute of Business,-,-,-,blocked,-,1 page read on technologycourses.com.au (separate site),-,-,-,-,-,none,-,-,-,none,Below 2-page rule; website not set,"Re-read once pages confirmed, then decide",D17.md,-
Methodist Ladies College,-,-,-,blocked,-,Secondary bound to VCE and IB pathways page; Primary bound to AEAS page,-,-,-,-,-,-,-,-,-,none,No international fee page in stored data; no rebind evidence,Find fees page in provider URLs,E9.md,-
Mint Training Pty Ltd,-,-,-,blocked,-,-,-,-,-,-,-,none,-,-,-,"Website on record https://www.minttraining.edu.au; 1 re-read, nothing returned",No pages and no stored URLs,Site discovery or sitemap crawl before any adapter work,C49.md,-
MLC School,-,-,-,blocked,-,"Course pages bound to about, results, enrolment and IT pages",-,-,-,-,-,none,-,-,-,1 rebound (International Baccalaureate 07401807 to own IB Diploma page; re-read fetch_failed); no website set,Site blocks reading (fetch_failed/identity_mismatch); 3 courses have no evidenced page,No adapter possible; needs human to find course pages,D12.md,-
Mueller College,2066c6cf,-,-,blocked,-,-,-,-,-,-,-,none,-,-,-,1 re-read,"1 mismatch, 3 unbound; no course or international page evidenced",Discovery,D8.md,-
My Business College (MBC),-,-,-,blocked,-,All 3 pages on oneuedu.com aggregator,-,-,-,-,-,none,-,-,-,no website set,Aggregator only,Find own site,D16.md,-
My Skill Limited (NZ),-,-,-,blocked,-,Stored pages about 480 characters each,render needed,render needed,render needed,-,-,-,-,-,-,none,Almost empty pages; probably browser-rendered,Rendered re-read,E12.md,-
N/A (083dab09),083dab09,-,-,blocked,-,-,-,-,-,-,-,none,-,-,-,-,No website; stored URLs only higherstudy.com aggregator,Find own site,D5.md,-
n/a (1ed83054),1ed83054,-,-,blocked,-,-,-,-,-,-,-,none,-,-,-,-,"No website, no pages, no stored URLs",Find own site,D5.md,-
N/A (name unknown),-,-,-,blocked,-,No pages,-,-,-,-,-,none,-,-,-,none,"No website, no stored URLs; provider name N/A",Correct provider name at source,D14.md,-
National Theatre,-,-,-,blocked,-,-,-,-,-,-,-,none,-,-,-,1 re-read,"All 5 courses bound to wrong pages (staff profile, ballet school)",Rebind courses,D1.md,-
Native Institute of Digital Technology,-,-,-,blocked,-,-,-,-,-,-,-,none,-,-,-,-,"All four courses (2593, 2861, 2862, 2863) bound to /digital-creative-tech-level-1/ (mismatch)",Hand-check which page belongs to which course,D11.md,-
New Zealand Graduate School of Education,4a010525,-,-,blocked,-,"/fees page: ""January 2026 intake ... international: Primary $38,048 Secondary $30,428""",not published,"central fees page (/fees, whole-programme figures, length not given)",not published,-,-,none,-,-,-,No rebinds; 1 re-read,All 4 bound to history/FAQ/fees pages; no programme pages stored; 2 Graduate Diploma (Level 7) courses may not be on site,Discover programme pages,D10.md,-
New Zealand Institute of Education 2007 Limited,dce6f5a7,-,-,blocked,-,stored website belongs to Digital Marketing School; no course pages of the catalogue qualifications,-,-,-,-,-,-,-,-,-,0 rebound,all 11 pages identity mismatch; wrong website stored,Decide the correct provider website,C30.md,-
"New Zealand Institute of Skills and Technology (NZIST, Te Pūkenga national record, NZQA 6683)",27349414-019b-4c0b-a38d-db92aaaf5e68,-,-,blocked,-,no pages stored,-,not published,-,-,-,No adapter saved,-,-,-,0 rebound; no website set (none stored),"No website, no stored URLs or course_url; five other NZIST rows (NorthTec 6012, Whitireia 6014, WITT 6017, TPP 6024, 6044 also no website)","Decide whether the 72 qualifications belong to a subsidiary row or set the live website by hand; then bind, re-read and build adapter",B8.md,-
New Zealand Sports Turf Institute Limited,-,-,-,blocked,-,2 identity_mismatch; 1 no page,-,-,-,-,-,none,-,-,-,none,Stored links are articles and generic pathway pages naming no course,Page discovery,D19.md,-
Newington College,607e3030,-,-,blocked,-,-,-,-,-,-,-,none,-,-,-,1 re-read,"School; 3 courses bound to magazine, campus, registration pages; IB guide has no international values",No international page stored; discover,D10.md,-
Ngatiwai Education Limited Partnership,-,-,-,blocked,-,No pages bound,-,-,-,-,-,none,-,-,-,none,Only 2 provider URLs stored (a news post),Find course pages,D18.md,-
Niashi School of Management and Technology,b49e2829,-,-,blocked,-,-,-,-,-,-,-,-,-,-,-,-,no course pages stored; only listing pages /course/ and /courses1/; discovery failed,Run discovery from the two listing pages or supply course page addresses,C35.md,-
Noble College of Education,81764085,-,-,blocked,-,-,-,-,-,-,-,none,-,-,-,-,No website; higherstudy.com aggregator URLs only,Find own site,D6.md,-
North Melbourne College,-,-,-,blocked,-,-,-,-,-,-,-,-,-,-,-,1 re-read sent (no pages found),no course pages or stored site links (website https://www.nmc.vic.edu.au); builder refuses,Run site discovery then re-run,C44.md,-
North Shore Language School,-,-,-,blocked,-,-,-,-,-,-,-,none,-,-,-,1 shared re-read,5 mismatched pages incl. a domestic NZCEL page,Rebind to international course pages,D2.md,-
Nova Institute of Technology,47c734fe,-,-,blocked,-,-,-,-,-,-,-,-,-,-,-,-,no stored pages or site links; builder refuses,Run page discovery,C33.md,-
Novus Education,5229b225,-,-,blocked,-,3 bound pages on aggregator search.acir.com.au; 18 courses no page,-,-,-,-,-,-,-,-,-,-,No website; stored addresses are aggregator and staging hosts only,Provider own website must be found and set by a person,C17.md,-
OAK LEAF EDUCATION,-,-,-,blocked,-,1 page read on search.acir.com.au (General English),-,-,-,-,-,none,-,-,-,none,Aggregator only,Find own site,D17.md,-
Opera Education Group,-,-,-,blocked,-,-,-,-,-,-,-,none,-,-,-,1 re-read,No pages bound or discovered,Discovery or binding,D1.md,-
PAKENHAM INSTITUTE PTY LTD,-,-,-,blocked,-,-,-,-,-,-,-,-,-,-,-,-,nothing stored; discovery found no URLs; website may be dead or old domain,"Person to check live website, then set it and re-read",C34.md,-
Pembroke School Inc,-,-,-,blocked,-,-,-,-,-,-,-,none,-,-,-,-,School; Years 7-10 bound to international admissions page covering all year levels,Needs a hand-entered fee/term schedule,D11.md,-
Pine International Institute,99429fe7,-,-,blocked,-,-,-,-,-,-,-,none,-,-,-,-,"No website; 12,000 URLs all on findthecourses.com.au; only ""read"" page is third-party",Review binding; find own site,D6.md,-
Pinnacle Institute of Education,-,-,-,blocked,-,2 oneuedu aggregator pages (shows CRICOS 103719D vs catalogue 113399K),-,-,-,-,-,-,-,-,-,none,No website; Adv Dip Leadership identity_mismatch,Find own site,E6.md,-
PIONEER EDUCATION INSTITUTE PTY LTD,ede16431-62e4-4eac-bd96-e559ad38d78e,-,-,blocked,-,-,-,-,-,-,-,-,-,-,-,no website set (aggregator),no website; 60 stored URLs on higherstudy.com (aggregator),Find the provider's own site,C42.md,-
PLC Armidale,a000d6f8,-,-,blocked,-,-,-,-,-,-,-,none,-,-,-,1 re-read,"1 page (school newsletter), 4 unbound",Find international program pages,D3.md,-
Presbyterian Ladies' College Sydney,2cfa58ec,-,-,blocked,-,Cambridge A Levels page lists subjects only,not published,not published,not published,-,-,none,-,-,-,Rebound 116535E to Cambridge A Levels course guide page; 1 re-read,Other 3 courses bound to testimonials and holiday pages,International fee schedule page not stored; discover it,D9.md,-
Presbyterian Ladies' College WA,c5687013,-,-,blocked,-,-,-,-,-,-,-,none,-,-,-,1 re-read,"School pages with no CRICOS codes, international fees or intakes; 4 mismatch, 1 unbound",Find international program pages,D4.md,-
Prime Education Group,1bdef519-6927-4765-8a06-632d396fa2ae,-,-,blocked,-,-,-,-,-,-,-,-,-,-,-,no website set (aggregator),no website; 43 stored URLs on coursesearch.studymelbourne.vic.gov.au (aggregator),Find the provider's own website,C41.md,-
Prince Alfred College Inc,-,-,-,blocked,-,Bound to news item and learning pages,-,-,-,-,-,none,-,-,-,none,"No international page stored (24 URLs, none fees or international)",Find international page,D18.md,-
Q Academy,-,-,-,blocked,-,No pages,-,-,-,-,-,none,-,-,-,none,No website; stored URLs are higherstudy.com guides,Find own site,D16.md,-
Queensland College of Dance,-,-,-,blocked,-,"Courses bound to programme-style pages (/intballet, /intcontemp, /musicaltheatre) and a workshop page",-,-,-,-,-,none,-,-,-,none,Page titles do not clearly name the course; not rebound,Human check of which page is each course,D12.md,-
Queensland School of Beauty Therapy,-,-,-,blocked,-,-,-,-,-,-,-,none,-,-,-,"Website on record qsb.com.au looks wrong, not changed; 1 re-read, 0 pages",0 pages and 0 stored URLs; courses are trades/hospitality/IT not beauty,"Confirm provider real website, set it and run a read",C56.md,-
R & R Associates Limited (Service Skills Centre),-,-,-,blocked,-,Only a general courses listing and FAQ stored,-,-,-,-,-,none,-,-,-,none,No evidenced own course pages,Needs human to find course pages,D13.md,-
Ravenswood School for Girls,-,-,-,blocked,-,-,-,-,-,-,-,none,-,-,-,-,School; 4 year-level courses bound to curriculum or staging pages; only news and foundation links,No course pages stored,D11.md,-
Rehoboth Christian College,-,-,-,blocked,-,Bound to news post and /senior-school-years-10-12/,-,-,-,-,-,none,-,-,-,none,No international page stored,Find international page,D18.md,-
Ringa Atawhai Matauranga Limited,-,-,-,blocked,-,-,-,-,-,-,-,none,-,-,-,"Website on record (ringaatawhai.org.nz) not changed; 1 re-read (central), nothing found","13 NZQA-coded courses, no course pages or provider URLs stored",Needs page discovery or human-supplied course list URL,C50.md,-
Sage College of Australlia,647f8758,-,-,blocked,-,-,-,-,-,-,-,none,-,-,-,-,"No website; 1 bound aggregator page (acir.com.au, needs_render)",Find own site,D6.md,-
Samala Robinson Academy Limited,-,-,-,blocked,-,"No per-course page; stored URLs are programme listing, intake page and blogs",central calendar page (not yet read),not published,not published,not published,-,none,intake_calendar: https://www.sramakeup.com/makeup-course-enrolment,-,-,none,No per-course page evidenced,Read central page when it lands; rebind from listing if course pages appear,D13.md,-
Scotch College WA,db193674,-,-,blocked,-,-,-,-,-,-,-,none,-,-,-,1 re-read,"4 needs_render on global.scotch.wa.edu.au after re-read; wrong bindings (PYP shares IBDP page, Year 6 to FAQ, Years 7-10 to subject page); JS-rendered",Needs correct pages and a render,D4.md,-
Scots All Saints College,-,-,-,blocked,-,2 read but bound to download-cat/junior-school archive page (wrong); 1 stationery list mismatch,-,-,-,-,-,none,-,-,-,none,No own course page in stored URLs; no rebind,Exclude all fields for 2 archive-bound courses,D20.md,-
Seafood Training Services,d045b7e9,-,-,blocked,-,-,-,-,-,-,-,none,-,-,-,1 re-read,"5 mismatch Moodle LMS pages; workforce training, no international fees",Out of scope,D4.md,-
Seir Pty Ltd,-,-,-,blocked,-,No pages,-,-,-,-,-,none,-,-,-,none,"No website, nothing stored",Find own site,D16.md,-
Sheldon College,-,-,-,blocked,-,0 of 3 read; 1 bound to /about/welcome-to-sheldon; 2 unbound,-,-,-,-,-,none,-,-,-,none,"Stored international pages (accommodation, living costs, long-term-enrolments) name no course or code",Fetch long-term-enrolments page via reader and check for course codes,D18.md,-
SHORE,-,-,-,blocked,-,Bound to enrolment steps and programme pages,-,-,-,-,-,none,-,-,-,none,Only 1 provider URL stored,Find international page,D18.md,-
Silverline College,-,-,-,blocked,-,"stored pages are slc.edu.au/course-overview/* category pages, not course pages",-,-,-,-,-,-,-,-,-,website not set; re-read sent,"No website on record; all 19 identity_mismatch, still so after re-read","Find each course own page, then re-read",C23.md,-
SKILLS CLICK PTY LIMITED,-,-,-,blocked,-,No pages,-,-,-,-,-,none,-,-,-,none,No website; stored URLs are acir aggregator pages,Find own site,D16.md,-
Skills Group Training Limited (Ignite Colleges),014118a6-54ea-4f36-ba05-a363b73b7979,-,-,blocked,-,0 of 4 bound pages read; no stored text,-,not published,-,-,-,No adapter saved; no builder capture,-,-,-,0 rebound; no website change (https://www.ignitecolleges.ac.nz),robots.txt disallows /programme/ pages so every read is robots_disallowed; 59 courses have no page; 2 wrong bindings; catalogue looks like NZQA-wide list not real offering,Decide whether to read despite robots.txt (e.g. site owner permission) or leave as site blocks reading; review catalogue entries,B11.md,-
SMART COLLEGE PTY LTD,-,-,-,blocked,-,No pages,-,-,-,-,-,none,-,-,-,none,Stored URLs higherstudy.com guides only,Find own site,D17.md,-
Smart Connection Company Pty Ltd,-,-,-,blocked,-,-,-,-,-,-,-,-,-,-,-,no website set (aggregator),no website; 60 stored URLs on higherstudy.com (aggregator),Find the provider's own website,C47.md,-
Somerville House,-,-,-,blocked,-,-,-,-,-,-,-,none,-,-,-,re-read requested,"School; IB course bound to news listing, other three no page",No course pages stored,D11.md,-
Southern Cross Education Institute / North Melbourne Grammar College,5d21e4d4,-,-,blocked,-,no course pages bound; no stored text,-,-,-,-,-,-,-,-,-,"Website scei.com.au listed, no website change",Website listed but no pages bound and no stored text; builder has nothing to capture,Run page discovery/binding for this provider,C4.md,-
SP INTERNATIONAL COLLEGE,f5fd75c5,-,-,blocked,-,only aggregator pages (oneuedu.com) ending in another provider's CRICOS code,-,-,-,-,-,-,-,-,-,no website set; 0 rebound,"no own website or course pages; site list holds 12,000 aggregator URLs",Supply the college's real website,C28.md,-
Speak Bright English College,-,-,-,blocked,-,2 oneuedu aggregator pages for other providers' courses,-,-,-,-,-,-,-,-,-,none,"No website; catalogue IELTS Prep fee 3,200 from another provider's page",Find own site,E8.md,-
St Aidan's Anglican Girls School,-,-,-,blocked,-,Reader refused (robots_disallowed),-,-,-,-,-,none,-,-,-,none,Site refuses the reader,Manual source needed,D19.md,-
St Andrew's Cathedral School,1a66da4a,-,-,blocked,-,-,-,-,-,-,-,none,-,-,-,1 re-read,"3 mismatch (staff, curriculum, gifted), 1 unbound; no international page",Discover international page,D8.md,-
St Andrew's Grammar,-,-,-,blocked,-,1 identity_mismatch; 2 no page,-,-,-,-,-,none,-,-,-,none,Stored links are academy programs only,Page discovery,D19.md,-
St George College,-,-,-,blocked,-,"3 identity_mismatch (international-students, senior-years)",-,-,-,-,-,none,-,-,-,none,International page has no CRICOS code so identity fails,Discover course page,D20.md,-
St Michael's Collegiate School,cfed1817,-,-,blocked,-,-,-,-,-,-,-,none,-,-,-,1 re-read,"5 mismatch (scholarships, history, technology, learning); no course or international pages",Find course pages,D4.md,-
St Paul's International College,a957e02d,-,-,blocked,-,-,-,-,-,-,-,none,-,-,-,1 re-read,1 bound page is Vietnamese /vi/curriculum/ (mismatch); 4 courses unbound; URL list holds only subject pages,Page discovery,D4.md,-
St Peters Lutheran College,0eecbe5f,-,-,blocked,-,-,-,-,-,-,-,none,-,-,-,1 re-read,"4 identity_mismatch (newsletters, overview); no international page evidenced",Discover international page,D8.md,-
St Stephen's School,-,-,-,blocked,-,"0 of 3 read; bound to news item, vacancy and 2017 newsletter",-,-,-,-,-,none,-,-,-,none,No international or course page in 28 stored links,Page discovery,D19.md,-
Steadfast International College,dabd9998,-,-,blocked,-,-,-,-,-,-,-,none,-,-,-,-,No website and no pages,Find own site,D7.md,-
Strathfield College / Sydney Jacaranda College,eed2d475,-,-,blocked,-,Wix site; shared faculty pages need rendering,render needed,-,-,-,-,None,-,-,-,0 rebound; no website change,"JS-rendered (27 needs_render, 2 x 404); home page shows 'Reconnect Your Domain' so domain may have lapsed",Check re-read result; if still blank report provider as site down,C2.md,-
Sunshine International College Pty Ltd,-,-,-,blocked,-,"Only aggregator (oneuedu.com) pages, Chinese-language, other provider branding",-,-,-,-,-,none,-,-,-,no website set,No own website; aggregator pages must not be used; 120982C/120983B mismatched,Find the college's own site,D14.md,-
Sydney English Academy,-,-,-,blocked,-,"Course pages about 400 characters; no fee, dates or IELTS",not published,not published,not published,-,-,-,-,-,-,none,/course-brochure/ link in stored URLs,Check brochure through platform if wanted,E11.md,-
Sydney English House Pty Ltd,-,-,-,blocked,-,2 higherstudy.com aggregator pages listing CRICOS register tuition,-,-,-,-,-,-,-,-,-,none,"No website; catalogue fee 11,150 for EAP and General English belongs to IELTS Preparation (EAP is 18,850); IELTS Prep has no page",Review catalogue fee; find own site,E5.md,-
Sydney Film School / Sydney Actors School,536428ae,-,-,blocked,-,-,-,-,-,-,-,none,-,-,-,Website not set,"Website field holds two domains in one value (""https://www.sydneyfilmschool.com.au, www.sydneyactorsschool.edu.au""), probably broke discovery; no pages or URLs","Decide whether to split or set the website, then run discovery",D10.md,-
Sydney Global Institute Pty Ltd,-,-,-,blocked,-,No pages,-,-,-,-,-,none,-,-,-,none,"No website, nothing stored",Find own site,D16.md,-
TDT Training Australia,-,-,-,blocked,-,Pages on transportdrivertraining.com.au with BSB codes (no CRICOS); domestic/international toggle,not published,"domestic only ($1,750; $3,500 short-course); behind toggle/render",not published,-,-,-,-,-,-,none,No website; not enough evidence to set (candidate domain only),Confirm domain and international view,E11.md,-
Te Wananga Takiura,-,-,-,blocked,-,-,-,-,-,-,-,none,-,-,-,1 re-read,"4 identity mismatches, 1 fetch failure, unchanged after re-read",Rebind courses,D1.md,-
Tenison Woods College,-,-,-,blocked,-,"No pages bound, no stored URLs",-,-,-,-,-,none,-,-,-,none,Re-read found no pages,Course discovery on live domain,D20.md,-
The Cathedral School of St Anne and St James,-,-,-,blocked,-,"All 3 bound to /international-program/scholarships/ (discount up to $6,000 on boarding)",-,-,-,-,-,-,-,-,-,none,/international-program/cricos-courses/ slug names no course so not rebound; Entry Requirements and Fees pages have no stored address,Capture Entry Requirements and Fees pages,E5.md,-
The Centre of Excellence,f7281274,-,-,blocked,-,17 courses bound to student Moodle index; 6 unbound,-,-,-,-,-,-,-,-,-,-,Only provider URL is Moodle course index; home page evidence 275 chars; no course page links; re-read still identity_mismatch,Hopeless for now: find the provider course pages,C11.md,-
"The King's School, Tudor House",-,-,-,blocked,-,All 3 blocked (403),-,-,-,-,-,none,-,-,-,none,Site blocks the reader; catalogue fees are whole-course totals,Manual capture or allow-list,D20.md,-
The Peach Institute,f906c578-a42f-4d6c-a8a8-081a2647c7d8,-,-,blocked,-,-,-,-,-,-,-,-,-,-,-,1 re-read sent (with AUIPT); no website change,website on record (peachinstitute.com) but no bound pages and no stored URLs,Run discovery for this provider,C41.md,-
The Southport School,-,-,-,blocked,-,Bound to /enrolment/new-students and term dates,-,-,-,-,-,none,-,-,-,none,No international pages,Find international page,D18.md,-
The University of Notre Dame Australia,dce54a01-39c1-4bdf-877d-b67da3afc81e,-,-,blocked,-,"0 of 130 bound pages read (61 blocked, 63 identity_mismatch, 6 needs_render); programme listings only on search.nd.edu.au","central calendar page (2027 academic calendar, already attached)",not published,central english page (already attached),-,-,No adapter saved; builder needs a read course page,english_policy and 2027 academic calendar on www.notredame.edu.au (already attached),-,-,0 rebound; website set www.nd.edu.au -> https://www.notredame.edu.au,Course-link recipe (search_domain nd.edu.au) does not match notredame.edu.au and is not replaced by website set; link search only queues for unbound courses; discovery still on old site; no programme page evidenced,"Update recipe to notredame.edu.au, re-map discovery, release wrong bindings (removal sets a hand lock) and re-run CRICOS/title search, or harvest search.nd.edu.au programme listing",B4-r2.md,-
Times College,8970783c,-,-,blocked,-,-,-,-,-,-,-,none,-,-,-,-,No website; aggregator URLs only,Find own site,D6.md,-
Toorak College,-,-,-,blocked,-,2 courses bound to staff page (/laura-buck),-,-,-,-,-,-,-,-,-,none,School; no provider URLs stored; international page not stored,Capture or add international school page,E7.md,-
Top End Group Training Pty Ltd,-,-,-,blocked,-,Only one read page (Diploma of Hospitality on gtntgroup.com.au); Leadership bound to same page,-,-,-,-,-,none,-,-,-,no website set (1 read page),No Leadership and Management page in stored URLs; no rebind,Needs own course pages,D16.md,-
Tradies and Subbies Safety Services,5a6d5ec8-4fa9-4553-8409-d7d2b2650484,-,-,blocked,-,-,-,-,-,-,-,-,-,-,-,no website set (aggregator only),all pages on findthecourses.com.au (aggregator); 4 identity mismatch; titles look like other providers' courses,Find the provider's own website and course pages,C42.md,-
Trinity College,1e1e4170,-,-,blocked,-,-,-,-,-,-,-,none,-,-,-,1 re-read,"Four Foundation Studies streams share overview and dates-fees pages; 102517M bound to alumni page, 073413G to newsletter redirect",Decide whether to allow shared foundation-studies and dates-fees pages for all four streams,D8.md,-
Trinity Grammar School,-,-,-,blocked,-,"Courses bound to results, pathways and information pages",-,-,-,-,-,none,-,-,-,none,No course pages among 189 stored URLs; still identity_mismatch,Needs human to find course pages,D12.md,-
Vision College of Australia,-,-,-,blocked,-,2 oneuedu aggregator pages,-,-,-,-,-,-,-,-,-,none,No website; aggregator pages only,Find own site,E10.md,-
Vivid College,fd12b5ec,-,-,blocked,-,-,-,-,-,-,-,none,-,-,-,-,"No website, no pages, no provider URLs",Find own site,D8.md,-
Wai-Tech Limited,-,-,-,blocked,-,-,-,-,-,-,-,none,-,-,-,re-read requested,No stored URLs or pages (website on record waitech.ac.nz); 4 Maori public health courses,Crawl the site first,D11.md,-
WEC Aotearoa New Zealand (East West College),-,-,-,blocked,-,"Stored diploma pages titled Intercultural Studies (L5, L6); catalogue has NZ Diploma in Christian Studies",-,-,-,-,-,none,-,-,-,none,3 identity_mismatch; names do not clearly match,Confirm these are the same programmes,D13.md,-
West Moreton Anglican College,-,-,-,blocked,-,identity_mismatch on all 3,-,-,-,-,-,none,-,-,-,none,"Stored /international-students/international-program-enrolments generic, not rebound or attached unread","Confirm its content, then attach",D19.md,-
Westminster School,2251c178,-,-,blocked,-,-,-,-,-,-,-,none,-,-,-,1 re-read,"4 mismatch; 174 provider URLs, none an international or course page",Discovery,D8.md,-
Whitsunday Anglican School,-,-,-,blocked,-,"No pages bound, none stored",-,-,-,-,-,none,-,-,-,none,Nothing stored,Page discovery,D20.md,-
Wisdom Institute of Technology,-,-,-,blocked,-,"3 pages on oneuedu.com (aggregator, other providers' codes)",-,-,-,-,-,"holding adapter only, disabled, no patterns",-,-,-,none,No website; aggregator pages only,Find own site and course pages,E4.md,-
Wissen Holdings Pty Ltd,-,-,-,blocked,-,No pages,-,-,-,-,-,none,-,-,-,none,Stored URLs higherstudy.com guides only (aggregator),Find own site,D17.md,-
Woodcroft College,-,-,-,blocked,-,"Courses bound to international programs, Year 11 orientation and parent information pages",-,-,-,-,-,none,-,-,-,none,No course pages evidenced in stored data; still identity_mismatch after re-read,Needs human to find course pages,D12.md,-
Yarra College Australia,-,-,-,blocked,-,-,-,-,-,-,-,none,-,-,-,No website set,Only stored URLs are on aggregator search.acir.com.au; 1 bound page identity_mismatch,Find the college own site,C48.md,-
YMCA Education NZ,-,-,-,blocked,-,-,-,-,-,-,-,none,-,-,-,1 shared re-read,"5 identity_mismatch (programme listing, not course pages); builder needs a read page",Rebind to programme pages if re-read fails,D2.md,-
